,0
1979-01-02,0.0
1979-01-03,0.0
1979-01-04,0.0
1979-01-05,0.0
1979-01-06,0.0
1979-01-07,0.0
1979-01-08,0.0
1979-01-09,0.0
1979-01-10,0.0
1979-01-11,0.0
1979-01-12,9.66719537437005e-05
1979-01-13,7.90952348812095e-05
1979-01-14,0.0
1979-01-15,0.0
1979-01-16,0.0
1979-01-17,0.0
1979-01-18,0.0
1979-01-19,0.0
1979-01-20,0.0
1979-01-21,0.0
1979-01-22,0.0
1979-01-23,0.0
1979-01-24,0.0
1979-01-25,0.0
1979-01-26,0.0
1979-01-27,0.0
1979-01-28,0.0
1979-01-29,0.0
1979-01-30,0.0
1979-01-31,0.0
1979-02-01,0.0
1979-02-02,0.0
1979-02-03,0.0
1979-02-04,0.0
1979-02-05,0.0
1979-02-06,0.0
1979-02-07,0.0013066532802375
1979-02-08,0.0098788190694744
1979-02-09,0.0047193490145788
1979-02-10,0.0013885607901367
1979-02-11,0.0002460740640748
1979-02-12,7.030687544996399e-05
1979-02-13,0.0
1979-02-14,1.3182539146868248e-05
1979-02-15,0.0002592566032217
1979-02-16,0.0009052010214182
1979-02-17,0.0001757671886249
1979-02-18,6.591269573434125e-05
1979-02-19,0.0
1979-02-20,0.0003295634786717
1979-02-21,9.227777402807774e-05
1979-02-22,0.0
1979-02-23,0.0
1979-02-24,0.0004613888701403
1979-02-25,0.008428212461753
1979-02-26,0.0023377036087113
1979-02-27,0.0005624550035997
1979-02-28,8.7883594312455e-05
1979-03-01,0.0
1979-03-02,0.0
1979-03-03,0.0
1979-03-04,0.0
1979-03-05,0.0
1979-03-06,0.0
1979-03-07,0.0
1979-03-08,0.0
1979-03-09,0.0
1979-03-10,0.0
1979-03-11,0.0001713730089092
1979-03-12,0.0063455470437365
1979-03-13,0.0051895262441504
1979-03-14,0.0017664602456803
1979-03-15,0.0004130528932685
1979-03-16,8.348941459683225e-05
1979-03-17,0.0
1979-03-18,0.0
1979-03-19,0.0
1979-03-20,0.0
1979-03-21,0.0
1979-03-22,0.0
1979-03-23,0.0
1979-03-24,0.0
1979-03-25,8.788359431245498e-06
1979-03-26,0.0001318253914686
1979-03-27,0.0001054603131749
1979-03-28,8.348941459683225e-05
1979-03-29,0.0
1979-03-30,0.0
1979-03-31,0.0
1979-04-01,0.0
1979-04-02,1.3182539146868248e-05
1979-04-03,0.0448359248447624
1979-04-04,8.774134768437273
1979-04-05,21.946357260169187
1979-04-06,13.601992075008996
1979-04-07,6.9993157383346825
1979-04-08,2.9559193467647584
1979-04-09,1.0898228337045537
1979-04-10,0.3512313546166306
1979-04-11,0.0946428973182145
1979-04-12,0.0248251819541936
1979-04-13,0.0170613694654427
1979-04-14,0.0061659129769618
1979-04-15,0.0019564645765838
1979-04-16,0.0003295634786717
1979-04-17,8.348941459683225e-05
1979-04-18,0.0
1979-04-19,0.0
1979-04-20,0.0
1979-04-21,0.0019619133594312
1979-04-22,0.0131117049698524
1979-04-23,0.0072017090195284
1979-04-24,0.0035548913899388
1979-04-25,0.0022717909129769
1979-04-26,0.0012743121175305
1979-04-27,0.0287769556560475
1979-04-28,9.947772186037616
1979-04-29,13.125812220178632
1979-04-30,9.11871614723947
1979-05-01,6.026924721022319
1979-05-02,6.579241824716522
1979-05-03,11.331645616788158
1979-05-04,6.4752969762419
1979-05-05,3.7965044827663785
1979-05-06,7.732255247705182
1979-05-07,4.526250302319563
1979-05-08,2.658300851556875
1979-05-09,1.3126650453901187
1979-05-10,0.6440851528752699
1979-05-11,0.4169431484543736
1979-05-12,0.1797154469829913
1979-05-13,0.0748297167476601
1979-05-14,0.0316968001934845
1979-05-15,0.0121379547448704
1979-05-16,0.0057604180728041
1979-05-17,0.0153648645608351
1979-05-18,0.010368682224172
1979-05-19,0.0044270481798956
1979-05-20,0.0017133785547156
1979-05-21,0.0004262354324154
1979-05-22,0.0001054603131749
1979-05-23,7.90952348812095e-05
1979-05-24,0.0
1979-05-25,3.5153437724981994e-05
1979-05-26,0.0
1979-05-27,0.0023788331308495
1979-05-28,0.0624651980966522
1979-05-29,0.045384845774838
1979-05-30,0.0286574339677825
1979-05-31,0.0148470544231461
1979-06-01,0.0080278148060655
1979-06-02,0.0047842071071814
1979-06-03,0.0037215186847552
1979-06-04,0.002609615449514
1979-06-05,0.0060172139353851
1979-06-06,2.953782720819834
1979-06-07,4.679688906137509
1979-06-08,3.833508573220392
1979-06-09,3.089124862198524
1979-06-10,2.6142952509111765
1979-06-11,3.0219250233418826
1979-06-12,2.328388826550126
1979-06-13,1.6730689865123287
1979-06-14,1.158704061487581
1979-06-15,0.8104029216725162
1979-06-16,0.5438050502834773
1979-06-17,0.3273788682842872
1979-06-18,0.1849427631726961
1979-06-19,0.102272423674856
1979-06-20,0.055908203125
1979-06-21,0.0302831046953743
1979-06-22,1.1384950532082432
1979-06-23,8.508336461989291
1979-06-24,5.681238821206804
1979-06-25,3.536098537898217
1979-06-26,2.085936972698434
1979-06-27,1.1485459483553817
1979-06-28,0.6018138470797336
1979-06-29,0.3203930013723902
1979-06-30,7.419796552994511
1979-07-01,7.676406453889938
1979-07-02,3.865949395923326
1979-07-03,2.030076754015929
1979-07-04,1.033380298326134
1979-07-05,0.5371668508706803
1979-07-06,0.283244781823704
1979-07-07,0.1526395661784557
1979-07-08,0.0727175224419546
1979-07-09,0.0310218541891648
1979-07-10,0.0136866394438444
1979-07-11,0.0070250629949604
1979-07-12,0.0035269444069474
1979-07-13,0.0014404121107811
1979-07-14,0.0003691110961123
1979-07-15,0.0001801613683405
1979-07-16,0.0001054603131749
1979-07-17,0.0029163291936645
1979-07-18,0.2100177103019258
1979-07-19,0.180384768437275
1979-07-20,0.1384773007221922
1979-07-21,0.0978787712607991
1979-07-22,0.0693329494577933
1979-07-23,0.0594047398083153
1979-07-24,21.23512570166261
1979-07-25,37.62589412768853
1979-07-26,32.80817384218638
1979-07-27,27.76256295980696
1979-07-28,21.928928537279518
1979-07-29,14.046466692820823
1979-07-30,8.121894018009808
1979-07-31,53.23312916216702
1979-08-01,93.86998922898668
1979-08-02,90.73591015062546
1979-08-03,88.01917479414148
1979-08-04,82.44138392756703
1979-08-05,75.78707422156228
1979-08-06,68.42835922735556
1979-08-07,60.24202843069428
1979-08-08,55.29958111163607
1979-08-09,52.67367309833963
1979-08-10,50.0610676731799
1979-08-11,40.06882990376394
1979-08-12,28.098979249628776
1979-08-13,20.950163850173237
1979-08-14,14.96295056161132
1979-08-15,10.530027011901549
1979-08-16,8.288660168905237
1979-08-17,6.3632858199469045
1979-08-18,5.079792854852862
1979-08-19,4.3518359937455
1979-08-20,4.055888692967062
1979-08-21,3.9440833600499454
1979-08-22,3.900687495781587
1979-08-23,3.5763406115010787
1979-08-24,2.4699891586798053
1979-08-25,13.106581180536804
1979-08-26,11.36903446161807
1979-08-27,9.878747532228672
1979-08-28,13.451165195846832
1979-08-29,8.611447646688264
1979-08-30,3.705317871445285
1979-08-31,24.54968323237266
1979-09-01,24.016465167161623
1979-09-02,14.762537297797426
1979-09-03,7.948950001968593
1979-09-04,3.664542520192135
1979-09-05,1.4184296115685744
1979-09-06,0.5251104521013318
1979-09-07,44.82432315571005
1979-09-08,74.7954103320172
1979-09-09,63.9586210642211
1979-09-10,52.29737523341883
1979-09-11,33.54500729785367
1979-09-12,32.927286168669006
1979-09-13,32.56987501546751
1979-09-14,25.97759284725972
1979-09-15,27.338597912167025
1979-09-16,17.979073861591072
1979-09-17,12.29017071212428
1979-09-18,7.0135551655867525
1979-09-19,2.9546406404675127
1979-09-20,1.0800130911402088
1979-09-21,0.3578127812275017
1979-09-22,0.1189632759066774
1979-09-23,0.0426731095887329
1979-09-24,0.0184318262351511
1979-09-25,0.0061353294861411
1979-09-26,0.0090103533904787
1979-09-27,3.2002891721787257
1979-09-28,10.451597583130848
1979-09-29,7.894708423326134
1979-09-30,4.132766624763768
1979-10-01,2.24852232524523
1979-10-02,1.2383408350769436
1979-10-03,0.4008502561982541
1979-10-04,0.1210893558202843
1979-10-05,0.0397163539416846
1979-10-06,0.0132071465532757
1979-10-07,0.0018641868025557
1979-10-08,7.90952348812095e-05
1979-10-09,0.0
1979-10-10,0.0
1979-10-11,0.0
1979-10-12,9.66719537437005e-05
1979-10-13,0.000360322736681
1979-10-14,0.0001713730089092
1979-10-15,8.348941459683225e-05
1979-10-16,0.0
1979-10-17,0.0
1979-10-18,0.0
1979-10-19,0.0
1979-10-20,8.348941459683225e-05
1979-10-21,0.001630240674496
1979-10-22,0.0017972195036897
1979-10-23,0.0006107909804715
1979-10-24,0.0009886904360151
1979-10-25,0.0039679442832073
1979-10-26,0.0010414205926025
1979-10-27,0.0001713730089092
1979-10-28,0.0023046593772498
1979-10-29,2.7505067368048053
1979-10-30,7.852044453631208
1979-10-31,3.181556784051026
1979-11-01,0.9564826806043014
1979-11-02,0.2204101210965623
1979-11-03,0.039700710661897
1979-11-04,0.0051865382019438
1979-11-05,0.0007920069519438
1979-11-06,0.0001318253914686
1979-11-07,0.0026277194699424
1979-11-08,0.006472275186735
1979-11-09,0.0046608185407667
1979-11-10,0.0006854920356371
1979-11-11,7.470105516558675e-05
1979-11-12,0.0026303559777717
1979-11-13,0.0109682241045716
1979-11-14,0.0023927187387508
1979-11-15,0.0001537962900467
1979-11-16,0.0048393980044096
1979-11-17,3.798197823861591
1979-11-18,5.255533151097913
1979-11-19,2.99910007199424
1979-11-20,0.6877077568169546
1979-11-21,0.1088060416104211
1979-11-22,0.0146552924203563
1979-11-23,0.0015152889331353
1979-11-24,0.0
1979-11-25,0.0
1979-11-26,0.0001494021103311
1979-11-27,0.0030539549023578
1979-11-28,0.0007777698096652
1979-11-29,0.0011205158274838
1979-11-30,0.001058997311465
1979-12-01,0.0003119867598092
1979-12-02,8.348941459683225e-05
1979-12-03,0.0001669788291936
1979-12-04,0.0003471401975341
1979-12-05,0.0007470105516558
1979-12-06,0.0013578015321274
1979-12-07,0.0001406137508999
1979-12-08,0.0
1979-12-09,0.0
1979-12-10,0.0
1979-12-11,8.788359431245498e-06
1979-12-12,0.0
1979-12-13,0.0005624550035997
1979-12-14,0.0021751189592332
1979-12-15,0.0006898862153527
1979-12-16,8.348941459683225e-05
1979-12-17,0.0
1979-12-18,0.0005624550035997
1979-12-19,0.0005888200818934
1979-12-20,0.0003207751192404
1979-12-21,7.90952348812095e-05
1979-12-22,0.0
1979-12-23,0.0
1979-12-24,0.0
1979-12-25,0.0
1979-12-26,0.0
1979-12-27,0.0
1979-12-28,0.0
1979-12-29,0.0
1979-12-30,0.0
1979-12-31,0.0
1980-01-01,0.0
1980-01-02,0.0
1980-01-03,0.0
1980-01-04,0.0
1980-01-05,0.0
1980-01-06,0.0
1980-01-07,0.0
1980-01-08,3.954761744060475e-05
1980-01-09,0.0006679153167746
1980-01-10,7.90952348812095e-05
1980-01-11,0.0
1980-01-12,0.0
1980-01-13,0.0
1980-01-14,0.0105198420063894
1980-01-15,0.0014105316887149
1980-01-16,0.000232891524928
1980-01-17,0.0
1980-01-18,0.0
1980-01-19,0.0
1980-01-20,0.0
1980-01-21,0.0
1980-01-22,0.0
1980-01-23,0.0
1980-01-24,0.0
1980-01-25,0.0
1980-01-26,0.0
1980-01-27,0.0
1980-01-28,0.0
1980-01-29,0.0014252961325593
1980-01-30,0.0220622975161987
1980-01-31,0.0098123790721742
1980-02-01,0.0031769919343952
1980-02-02,0.0010721798506119
1980-02-03,0.0002988042206623
1980-02-04,0.0001186428523218
1980-02-05,0.0002284973452123
1980-02-06,6.591269573434125e-05
1980-02-07,0.0
1980-02-08,0.0
1980-02-09,0.0431954896733261
1980-02-10,0.2783424591657667
1980-02-11,0.0852672997097732
1980-02-12,0.0157933849667026
1980-02-13,0.0017620660659647
1980-02-14,0.0001406137508999
1980-02-15,0.0
1980-02-16,0.0
1980-02-17,0.0
1980-02-18,0.0
1980-02-19,0.0
1980-02-20,0.0022332978986681
1980-02-21,0.0149880197084233
1980-02-22,0.0071270079643628
1980-02-23,0.0025925660322174
1980-02-24,0.0009052010214182
1980-02-25,0.0001669788291936
1980-02-26,0.0004438121512778
1980-02-27,7.90952348812095e-05
1980-02-28,0.0
1980-02-29,0.0004130528932685
1980-03-01,0.0002065264466342
1980-03-02,7.90952348812095e-05
1980-03-03,0.0
1980-03-04,0.0
1980-03-05,0.0004218412526997
1980-03-06,0.0003163809395248
1980-03-07,7.90952348812095e-05
1980-03-08,0.0
1980-03-09,0.0
1980-03-10,0.0
1980-03-11,0.0239189263296436
1980-03-12,0.0098563208693304
1980-03-13,0.002434375562455
1980-03-14,0.0004921481281497
1980-03-15,8.348941459683225e-05
1980-03-16,0.0
1980-03-17,0.0
1980-03-18,0.0
1980-03-19,0.0
1980-03-20,0.0
1980-03-21,0.0
1980-03-22,0.0
1980-03-23,0.0
1980-03-24,0.0
1980-03-25,0.0
1980-03-26,0.0
1980-03-27,0.0
1980-03-28,0.0
1980-03-29,0.0
1980-03-30,0.0
1980-03-31,0.0
1980-04-01,0.0
1980-04-02,0.0
1980-04-03,0.0001230370320374
1980-04-04,0.0014808385641648
1980-04-05,0.0023201268898488
1980-04-06,0.0037986804805615
1980-04-07,0.0208640925913426
1980-04-08,0.2727520079643628
1980-04-09,4.873666805874279
1980-04-10,54.49570671065064
1980-04-11,97.17515323383503
1980-04-12,96.57031039079374
1980-04-13,93.29861931357992
1980-04-14,88.87743543016559
1980-04-15,84.36888224723272
1980-04-16,77.67391653589587
1980-04-17,71.30415387081534
1980-04-18,65.38720404320779
1980-04-19,56.59984841837653
1980-04-20,52.789101520315874
1980-04-21,50.97702494347328
1980-04-22,50.57793780794412
1980-04-23,47.32677774449919
1980-04-24,34.017377398870586
1980-04-25,21.592893838024207
1980-04-26,11.996359334222012
1980-04-27,7.82908732535772
1980-04-28,5.647527025962923
1980-04-29,7.156636863582163
1980-04-30,8.508543515737491
1980-05-01,5.481031732305165
1980-05-02,4.411998290136789
1980-05-03,4.042668891176205
1980-05-04,3.69334513785772
1980-05-05,2.757641126991091
1980-05-06,2.009885146688265
1980-05-07,1.4521125809935205
1980-05-08,1.353186588822894
1980-05-09,5.5961555497435205
1980-05-10,26.90097346899748
1980-05-11,24.004777703721203
1980-05-12,12.13670855550306
1980-05-13,6.386120965791487
1980-05-14,3.505170894922155
1980-05-15,2.696990022048236
1980-05-16,1.9009416551363387
1980-05-17,1.0359032605516558
1980-05-18,0.6132135796323794
1980-05-19,4.048270943012059
1980-05-20,24.52753568776998
1980-05-21,21.848589222237223
1980-05-22,13.419419180840531
1980-05-23,7.472684548517368
1980-05-24,4.456844409478491
1980-05-25,2.557419976714363
1980-05-26,1.4584591826403883
1980-05-27,0.8758355972147228
1980-05-28,0.5631318830431066
1980-05-29,0.3463532878307235
1980-05-30,3.2931719368700496
1980-05-31,3.368378498470122
1980-06-01,1.6920961362153528
1980-06-02,0.7835847155665046
1980-06-03,0.4016338263251439
1980-06-04,0.2132530569429445
1980-06-05,0.1306345687657487
1980-06-06,0.0815795283252339
1980-06-07,0.0914126479256659
1980-06-08,2.588499658308585
1980-06-09,5.984609297662437
1980-06-10,3.477813435081443
1980-06-11,2.9153136108486315
1980-06-12,15.421992060947622
1980-06-13,16.16436938951134
1980-06-14,10.509107552645789
1980-06-15,6.961685916689164
1980-06-16,4.345873619172965
1980-06-17,2.455484322972912
1980-06-18,1.3473421540339272
1980-06-19,0.7254119279832614
1980-06-20,0.3542415434890208
1980-06-21,0.1742044425508458
1980-06-22,0.0907183675305975
1980-06-23,23.36683332911492
1980-06-24,82.32034150158613
1980-06-25,78.04284096725387
1980-06-26,74.8341916045154
1980-06-27,68.04918247165226
1980-06-28,59.24986958074604
1980-06-29,56.0025343870928
1980-06-30,74.32473866934394
1980-07-01,70.27604606084638
1980-07-02,65.73724615702618
1980-07-03,61.41884196139308
1980-07-04,58.083608233216346
1980-07-05,54.51862710358171
1980-07-06,50.866958475353215
1980-07-07,84.22845199727772
1980-07-08,89.61766523521868
1980-07-09,86.79048515962472
1980-07-10,82.00275638105202
1980-07-11,74.66338808129724
1980-07-12,69.01966061465083
1980-07-13,64.06095658831669
1980-07-14,59.44348012705857
1980-07-15,55.69057522273217
1980-07-16,53.76947992598092
1980-07-17,52.37101817010889
1980-07-18,55.38829942432729
1980-07-19,83.49476002857273
1980-07-20,82.87611436397586
1980-07-21,78.40003575104618
1980-07-22,72.46477326735736
1980-07-23,65.49770852316189
1980-07-24,61.01388226832477
1980-07-25,79.93398940194159
1980-07-26,100.0
1980-07-27,99.96579922043738
1980-07-28,99.3400583617373
1980-07-29,98.1095822295154
1980-07-30,97.24693215948972
1980-07-31,95.45403090409016
1980-08-01,92.218669850162
1980-08-02,90.14703663550664
1980-08-03,90.35415190222282
1980-08-04,90.20623730960898
1980-08-05,86.64073133914911
1980-08-06,80.50495417397858
1980-08-07,74.94859249150693
1980-08-08,71.18741176487131
1980-08-09,68.59410047977411
1980-08-10,66.95945279455768
1980-08-11,65.95999134522363
1980-08-12,65.42567895349623
1980-08-13,65.20088818675755
1980-08-14,63.65233232513274
1980-08-15,57.82158856978941
1980-08-16,54.37933793421526
1980-08-17,52.72434326347642
1980-08-18,51.93826827838146
1980-08-19,51.58579917122255
1980-08-20,51.43641129803365
1980-08-21,51.5625803256052
1980-08-22,51.01816290243656
1980-08-23,50.605349579846106
1980-08-24,50.37414295918826
1980-08-25,50.22454996569024
1980-08-26,50.141610878161
1980-08-27,50.10153121344042
1980-08-28,50.08265276277898
1980-08-29,48.965864254297145
1980-08-30,40.97817885506659
1980-08-31,35.80568814260484
1980-09-01,42.72236640990595
1980-09-02,30.698075560205183
1980-09-03,22.93798265669996
1980-09-04,17.644250725566955
1980-09-05,13.258098473215892
1980-09-06,10.370717432449151
1980-09-07,8.936940357271416
1980-09-08,8.872872689716072
1980-09-09,8.004793698535366
1980-09-10,7.299750023904336
1980-09-11,5.835084326066414
1980-09-12,4.858484739189614
1980-09-13,4.3564746656205005
1980-09-14,4.146570325155237
1980-09-15,4.030386104267908
1980-09-16,3.928891801937095
1980-09-17,3.630912456690965
1980-09-18,13.089828106720208
1980-09-19,20.00986950340848
1980-09-20,14.069934424777266
1980-09-21,9.48234383436825
1980-09-22,3.932093049743521
1980-09-23,1.603800016311195
1980-09-24,0.7316717006389488
1980-09-25,0.3863542088507918
1980-09-26,0.9038122848609612
1980-09-27,0.5581838609161266
1980-09-28,1.450988022520698
1980-09-29,5.758860951280147
1980-09-30,39.7128612718795
1980-10-01,64.26644196589272
1980-10-02,65.73907114774568
1980-10-03,56.74620465909601
1980-10-04,39.26465265591252
1980-10-05,19.483404765118788
1980-10-06,8.048058264713822
1980-10-07,4.507717058416576
1980-10-08,1.7718686020743335
1980-10-09,0.7711170215757739
1980-10-10,8.785274014016379
1980-10-11,13.517556857170176
1980-10-12,3.091255512059035
1980-10-13,0.5864630438939884
1980-10-14,0.099432201673866
1980-10-15,0.0157091924833513
1980-10-16,0.0022830400130489
1980-10-17,8.7883594312455e-05
1980-10-18,8.788359431245498e-06
1980-10-19,0.0034149807077933
1980-10-20,0.0066056824829013
1980-10-21,0.0081374935317674
1980-10-22,0.0032648755287077
1980-10-23,0.0005448782847372
1980-10-24,0.0063574992125629
1980-10-25,0.023521340948974
1980-10-26,0.0041301773983081
1980-10-27,0.0004613888701403
1980-10-28,7.90952348812095e-05
1980-10-29,0.031463205599802
1980-10-30,0.0688117997435205
1980-10-31,0.0055319207275917
1980-11-01,0.0010765740303275
1980-11-02,8.348941459683225e-05
1980-11-03,7.90952348812095e-05
1980-11-04,8.348941459683225e-05
1980-11-05,0.000197738087203
1980-11-06,0.0005536666441684
1980-11-07,2.4640571918309035
1980-11-08,26.407734353907934
1980-11-09,44.38943189232361
1980-11-10,27.20617579109296
1980-11-11,11.09575778859566
1980-11-12,2.628882521429535
1980-11-13,0.4005312387508998
1980-11-14,0.0523197402020338
1980-11-15,0.0067411989853311
1980-11-16,0.0013280968772498
1980-11-17,0.0005097248470122
1980-11-18,0.0009227777402807
1980-11-19,0.0171601506254499
1980-11-20,0.0249067379297156
1980-11-21,0.011384616574424
1980-11-22,0.004499464261609
1980-11-23,0.0007336522453203
1980-11-24,0.0
1980-11-25,0.0
1980-11-26,0.0
1980-11-27,1.3182539146868248e-05
1980-11-28,6.15185160187185e-05
1980-11-29,0.0
1980-11-30,3.954761744060475e-05
1980-12-01,0.0
1980-12-02,0.0001142486726061
1980-12-03,5.712433630309575e-05
1980-12-04,0.0008085290676745
1980-12-05,0.0001450079306155
1980-12-06,0.0
1980-12-07,0.0
1980-12-08,0.0
1980-12-09,0.0
1980-12-10,0.0
1980-12-11,0.0
1980-12-12,2.197089857811375e-05
1980-12-13,0.0001713730089092
1980-12-14,6.15185160187185e-05
1980-12-15,0.0
1980-12-16,3.075925800935925e-05
1980-12-17,0.0017812246895248
1980-12-18,0.0857133968345032
1980-12-19,0.2225101874662526
1980-12-20,0.1302649303680705
1980-12-21,0.0941728958558315
1980-12-22,0.0146334972889668
1980-12-23,0.0017168938984881
1980-12-24,7.470105516558675e-05
1980-12-25,0.0
1980-12-26,0.0
1980-12-27,0.0
1980-12-28,3.075925800935925e-05
1980-12-29,7.90952348812095e-05
1980-12-30,2.197089857811375e-05
1980-12-31,0.0
1981-01-01,0.0
1981-01-02,0.0
1981-01-03,0.0
1981-01-04,0.0
1981-01-05,0.0
1981-01-06,0.0
1981-01-07,0.0
1981-01-08,0.0
1981-01-09,0.0
1981-01-10,0.0
1981-01-11,0.0
1981-01-12,0.0
1981-01-13,0.0
1981-01-14,0.0
1981-01-15,0.0037645816459683
1981-01-16,0.022699453574964
1981-01-17,0.0070078378104751
1981-01-18,0.0016390290339272
1981-01-19,0.0004174470729841
1981-01-20,7.90952348812095e-05
1981-01-21,0.0
1981-01-22,0.0
1981-01-23,0.0
1981-01-24,0.0
1981-01-25,0.0
1981-01-26,0.0
1981-01-27,0.0
1981-01-28,0.0
1981-01-29,0.0
1981-01-30,0.0
1981-01-31,0.0
1981-02-01,0.0
1981-02-02,0.0
1981-02-03,0.0
1981-02-04,0.0
1981-02-05,0.0
1981-02-06,0.0
1981-02-07,0.0
1981-02-08,0.0
1981-02-09,0.0
1981-02-10,4.394179715622749e-06
1981-02-11,0.0195671065064794
1981-02-12,0.254842034512239
1981-02-13,0.1342508029045176
1981-02-14,0.2323694963777897
1981-02-15,0.0517977116518178
1981-02-16,0.0064278060880129
1981-02-17,0.0005316957455903
1981-02-18,7.030687544996399e-05
1981-02-19,0.0
1981-02-20,0.0
1981-02-21,0.0
1981-02-22,0.0
1981-02-23,0.0
1981-02-24,0.0
1981-02-25,0.0
1981-02-26,0.0
1981-02-27,0.0
1981-02-28,0.0
1981-03-01,0.0
1981-03-02,0.0
1981-03-03,0.0
1981-03-04,0.0
1981-03-05,0.0
1981-03-06,0.0
1981-03-07,0.0
1981-03-08,0.0
1981-03-09,0.0
1981-03-10,0.0
1981-03-11,0.0
1981-03-12,0.0
1981-03-13,0.0
1981-03-14,0.0
1981-03-15,0.0
1981-03-16,0.0
1981-03-17,0.0
1981-03-18,0.0
1981-03-19,0.0
1981-03-20,0.0
1981-03-21,0.0
1981-03-22,4.39417971562275e-05
1981-03-23,0.0002592566032217
1981-03-24,0.0001054603131749
1981-03-25,7.470105516558675e-05
1981-03-26,0.0
1981-03-27,4.394179715622749e-06
1981-03-28,0.0001801613683405
1981-03-29,0.0002592566032217
1981-03-30,0.0001713730089092
1981-03-31,8.7883594312455e-05
1981-04-01,0.0
1981-04-02,0.0
1981-04-03,0.0
1981-04-04,0.0
1981-04-05,0.0
1981-04-06,0.0
1981-04-07,0.0
1981-04-08,0.0
1981-04-09,0.0
1981-04-10,0.0
1981-04-11,0.0
1981-04-12,0.0
1981-04-13,0.0
1981-04-14,0.0
1981-04-15,0.0
1981-04-16,5.712433630309575e-05
1981-04-17,8.348941459683225e-05
1981-04-18,0.0
1981-04-19,0.0
1981-04-20,0.0
1981-04-21,4.394179715622749e-06
1981-04-22,0.0002021322669186
1981-04-23,0.001370632536897
1981-04-24,25.33709879381524
1981-04-25,39.2354751268336
1981-04-26,37.33058398296885
1981-04-27,27.117586843052557
1981-04-28,15.84932375331848
1981-04-29,8.038714480966522
1981-04-30,3.589227334469492
1981-05-01,1.6372834899770514
1981-05-02,1.277957529022678
1981-05-03,58.54393019652177
1981-05-04,56.85531794175216
1981-05-05,36.6311868292724
1981-05-06,22.162785024073077
1981-05-07,12.405946801599622
1981-05-08,7.412053305266828
1981-05-09,5.170350746940243
1981-05-10,5.5299438740213285
1981-05-11,4.493569030102591
1981-05-12,19.0380611543264
1981-05-13,59.539881223564606
1981-05-14,46.89241360691144
1981-05-15,33.9295236849802
1981-05-16,23.75161196088688
1981-05-17,16.18789987035412
1981-05-18,10.813107978705451
1981-05-19,6.119744912594492
1981-05-20,3.2607645099329545
1981-05-21,1.6716842926003417
1981-05-22,0.9043714002879768
1981-05-23,0.5443980887778977
1981-05-24,0.3244338890388768
1981-05-25,0.1787510124190064
1981-05-26,0.1043765326898847
1981-05-27,0.0596353463597912
1981-05-28,0.0341659776592872
1981-05-29,0.0156587473002159
1981-05-30,0.1985395855831533
1981-05-31,52.49392689209863
1981-06-01,91.139775165643
1981-06-02,87.2100027700909
1981-06-03,81.50542909692224
1981-06-04,75.80175253948433
1981-06-05,68.97312431802331
1981-06-06,63.6566055770226
1981-06-07,59.348900681695454
1981-06-08,56.055902754342135
1981-06-09,53.94661598947084
1981-06-10,51.38760022245095
1981-06-11,43.78926199575909
1981-06-12,36.38561739279607
1981-06-13,29.81054388695779
1981-06-14,22.67039574334053
1981-06-15,17.104710490348268
1981-06-16,13.097687888093953
1981-06-17,10.021511618914234
1981-06-18,7.996695928388228
1981-06-19,6.738932467433854
1981-06-20,5.820433252058584
1981-06-21,48.72138228941684
1981-06-22,61.65370155153213
1981-06-23,51.87195817303365
1981-06-24,44.31318637087157
1981-06-25,36.26627112018538
1981-06-26,30.83790890478761
1981-06-27,24.60375396530777
1981-06-28,20.254844495252875
1981-06-29,16.52891194485691
1981-06-30,13.163046917184124
1981-07-01,10.233791101399389
1981-07-02,7.7835801456196
1981-07-03,6.107195135326673
1981-07-04,5.161981943788246
1981-07-05,4.576279971821004
1981-07-06,4.242494565278527
1981-07-07,4.063645123233891
1981-07-08,4.024715503228491
1981-07-09,28.16623392784827
1981-07-10,31.04899018234791
1981-07-11,20.69828841427061
1981-07-12,14.784233472259718
1981-07-13,10.81561213384179
1981-07-14,12.12115368661132
1981-07-15,34.423932003408474
1981-07-16,76.04022027847148
1981-07-17,71.67669963356056
1981-07-18,62.99780941352816
1981-07-19,54.91713491045716
1981-07-20,45.77379536199604
1981-07-21,39.58186058005984
1981-07-22,36.269810895597104
1981-07-23,33.00644081285998
1981-07-24,25.442430621175305
1981-07-25,17.677218498301386
1981-07-26,12.73043254195914
1981-07-27,9.585872641907397
1981-07-28,7.657635221213551
1981-07-29,6.595186017931065
1981-07-30,5.892491296008818
1981-07-31,5.02853474847012
1981-08-01,4.435772735837383
1981-08-02,4.193982645450864
1981-08-03,4.775256514635079
1981-08-04,5.814249762362761
1981-08-05,25.688148932460404
1981-08-06,70.95674053107001
1981-08-07,86.88630850938175
1981-08-08,84.42383005843907
1981-08-09,78.56449776986591
1981-08-10,72.10229966758908
1981-08-11,64.01806517587968
1981-08-12,58.38760180435565
1981-08-13,54.57497947039237
1981-08-14,52.32523486011743
1981-08-15,48.56806549226061
1981-08-16,36.90463294186465
1981-08-17,27.4780350775063
1981-08-18,18.53926568687005
1981-08-19,11.921722434080271
1981-08-20,8.056724114414596
1981-08-21,5.811412704171165
1981-08-22,4.744823480527806
1981-08-23,4.224709738064704
1981-08-24,4.011216055840532
1981-08-25,3.924157864245859
1981-08-26,3.889778153685204
1981-08-27,3.881274537099531
1981-08-28,3.911729893639758
1981-08-29,4.056923082872119
1981-08-30,20.214797874763764
1981-08-31,56.42245995320375
1981-09-01,42.81294135141063
1981-09-02,27.16635503144123
1981-09-03,16.456672684935203
1981-09-04,9.617940135101692
1981-09-05,5.9651446634269245
1981-09-06,4.558665990314525
1981-09-07,4.176293084053275
1981-09-08,9.682631776176656
1981-09-09,18.16346014584458
1981-09-10,11.910573521305794
1981-09-11,7.190237573962833
1981-09-12,30.07497964615955
1981-09-13,66.38701245697219
1981-09-14,49.72273938788022
1981-09-15,32.43066634747345
1981-09-16,15.651925951392638
1981-09-17,8.085693359374998
1981-09-18,5.503242377328562
1981-09-19,4.52206704323029
1981-09-20,4.278274085729391
1981-09-21,4.01900957298416
1981-09-22,3.911993720189885
1981-09-23,3.880270203383729
1981-09-24,3.871609099397048
1981-09-25,3.8692334300755937
1981-09-26,3.753969701955093
1981-09-27,2.6533134575796438
1981-09-28,1.3926607355786538
1981-09-29,0.6526184741158206
1981-09-30,0.2430803973182145
1981-10-01,0.0913098241203203
1981-10-02,0.257207509336753
1981-10-03,1.2683950908927284
1981-10-04,4.765976885911626
1981-10-05,19.36397113621535
1981-10-06,21.115839014128863
1981-10-07,21.053662777290317
1981-10-08,23.300379621973992
1981-10-09,18.599085413010705
1981-10-10,12.079158159534735
1981-10-11,4.030189245016649
1981-10-12,1.319856032611141
1981-10-13,0.3586002182325414
1981-10-14,0.1935527189074874
1981-10-15,0.1839999479729122
1981-10-16,0.0371916340442764
1981-10-17,0.5919123540429266
1981-10-18,1.187182740224532
1981-10-19,0.2235922102794276
1981-10-20,0.0262176096224802
1981-10-21,0.0026611152357811
1981-10-22,0.0002153148060655
1981-10-23,0.0002241031654967
1981-10-24,0.0
1981-10-25,0.0634542400670446
1981-10-26,0.0755329612693484
1981-10-27,0.0386461075301475
1981-10-28,0.0152353241428185
1981-10-29,0.0040602220572354
1981-10-30,0.0015764559147768
1981-10-31,0.0001494021103311
1981-11-01,0.0
1981-11-02,4.394179715622749e-06
1981-11-03,0.0009403544591432
1981-11-04,0.0058790609251259
1981-11-05,0.0155720940762238
1981-11-06,0.0208888757649388
1981-11-07,0.0071045097642188
1981-11-08,2.40105783724802
1981-11-09,2.1888251088350428
1981-11-10,0.4437427232383908
1981-11-11,0.0763342838822894
1981-11-12,0.0086749895945824
1981-11-13,0.0006812736231101
1981-11-14,0.0
1981-11-15,0.0
1981-11-16,0.0
1981-11-17,0.0002768333220842
1981-11-18,0.0005756375427465
1981-11-19,0.0002460740640748
1981-11-20,7.030687544996399e-05
1981-11-21,0.0
1981-11-22,0.0
1981-11-23,1.7576718862490997e-05
1981-11-24,7.90952348812095e-05
1981-11-25,0.0
1981-11-26,0.0
1981-11-27,0.0
1981-11-28,0.0175876164281857
1981-11-29,0.2994844396823253
1981-11-30,1.3275386406587473
1981-12-01,0.5824873658544816
1981-12-02,0.1840632241608171
1981-12-03,0.0376315793174046
1981-12-04,0.005521023161897
1981-12-05,0.0011112001664866
1981-12-06,6.15185160187185e-05
1981-12-07,0.0
1981-12-08,0.0
1981-12-09,0.0
1981-12-10,0.0
1981-12-11,0.0
1981-12-12,0.0
1981-12-13,0.0
1981-12-14,0.0003471401975341
1981-12-15,0.000162584649478
1981-12-16,1.3182539146868248e-05
1981-12-17,9.66719537437005e-05
1981-12-18,0.0
1981-12-19,0.0
1981-12-20,0.0
1981-12-21,0.000127431211753
1981-12-22,0.0001757671886249
1981-12-23,5.712433630309575e-05
1981-12-24,0.0
1981-12-25,0.0
1981-12-26,0.0
1981-12-27,0.0
1981-12-28,0.0
1981-12-29,0.0
1981-12-30,2.197089857811375e-05
1981-12-31,0.0
1982-01-01,0.000127431211753
1982-01-02,5.712433630309575e-05
1982-01-03,0.0
1982-01-04,0.0
1982-01-05,0.0
1982-01-06,0.0025145254004679
1982-01-07,0.0457917468165046
1982-01-08,0.0156269334390748
1982-01-09,0.0036867167814074
1982-01-10,0.0005492724644528
1982-01-11,7.470105516558675e-05
1982-01-12,3.075925800935925e-05
1982-01-13,0.0
1982-01-14,0.0
1982-01-15,0.0
1982-01-16,7.030687544996399e-05
1982-01-17,6.15185160187185e-05
1982-01-18,0.0
1982-01-19,0.0
1982-01-20,0.0
1982-01-21,0.0
1982-01-22,0.0
1982-01-23,0.0
1982-01-24,0.0
1982-01-25,0.0
1982-01-26,0.0
1982-01-27,0.0
1982-01-28,0.0
1982-01-29,0.0
1982-01-30,0.0
1982-01-31,0.0
1982-02-01,0.0
1982-02-02,0.0
1982-02-03,0.0
1982-02-04,0.0
1982-02-05,0.0
1982-02-06,0.0
1982-02-07,0.0
1982-02-08,0.0
1982-02-09,0.0
1982-02-10,0.0
1982-02-11,0.0
1982-02-12,0.0
1982-02-13,0.0
1982-02-14,0.0
1982-02-15,0.0
1982-02-16,0.0
1982-02-17,0.0
1982-02-18,0.0
1982-02-19,0.0
1982-02-20,8.788359431245498e-06
1982-02-21,0.0
1982-02-22,0.0
1982-02-23,0.0
1982-02-24,0.0
1982-02-25,0.0
1982-02-26,0.0
1982-02-27,0.0
1982-02-28,4.394179715622749e-06
1982-03-01,8.348941459683225e-05
1982-03-02,0.0
1982-03-03,0.0
1982-03-04,0.0007382221922246
1982-03-05,0.0060330329823614
1982-03-06,0.0050680711168106
1982-03-07,0.0126058470009899
1982-03-08,0.0201575084930705
1982-03-09,0.0061518516018718
1982-03-10,0.0017488835268178
1982-03-11,0.000395476174406
1982-03-12,7.90952348812095e-05
1982-03-13,0.0
1982-03-14,0.0
1982-03-15,0.0
1982-03-16,1.7576718862490997e-05
1982-03-17,9.227777402807774e-05
1982-03-18,7.90952348812095e-05
1982-03-19,0.0
1982-03-20,0.0
1982-03-21,0.0
1982-03-22,0.0
1982-03-23,0.0
1982-03-24,0.0
1982-03-25,9.64445303360106
1982-03-26,36.887776692708336
1982-03-27,22.023035344672422
1982-03-28,10.637423049124818
1982-03-29,3.999210805323073
1982-03-30,1.1405481897385708
1982-03-31,0.2720006032329913
1982-04-01,0.0567299147318214
1982-04-02,0.0106650257041936
1982-04-03,0.0022289037189524
1982-04-04,0.0001792825323974
1982-04-05,0.0
1982-04-06,0.0
1982-04-07,0.0
1982-04-08,0.0
1982-04-09,0.0
1982-04-10,0.0
1982-04-11,0.0
1982-04-12,0.0
1982-04-13,0.0
1982-04-14,0.0009974787954463
1982-04-15,0.0047501082725881
1982-04-16,0.0029792538471922
1982-04-17,0.0018147962225521
1982-04-18,0.0040934420558855
1982-04-19,0.0052784644415946
1982-04-20,0.0032225156362491
1982-04-21,0.0018191904022678
1982-04-22,0.0004218412526997
1982-04-23,0.0003691110961123
1982-04-24,0.0001801613683405
1982-04-25,8.348941459683225e-05
1982-04-26,0.0
1982-04-27,0.0
1982-04-28,0.0
1982-04-29,0.0
1982-04-30,0.0
1982-05-01,0.0
1982-05-02,0.0
1982-05-03,0.0
1982-05-04,0.0
1982-05-05,0.0
1982-05-06,1.3182539146868248e-05
1982-05-07,0.0071243714565334
1982-05-08,8.113099330959772
1982-05-09,91.32273052921391
1982-05-10,91.83491066808404
1982-05-11,86.99740673089903
1982-05-12,79.0089806487356
1982-05-13,82.49851652492802
1982-05-14,77.10092762891468
1982-05-15,71.82573421470033
1982-05-16,65.64259271367666
1982-05-17,62.65133062792476
1982-05-18,57.80934550626574
1982-05-19,54.75721700076495
1982-05-20,52.79888876468007
1982-05-21,51.60540564957928
1982-05-22,50.94924089666576
1982-05-23,50.53411061099487
1982-05-24,46.77339672201223
1982-05-25,35.00546214115371
1982-05-26,28.029026896598268
1982-05-27,22.5236181886699
1982-05-28,16.977268205262327
1982-05-29,12.55887093485646
1982-05-30,9.403804726871847
1982-05-31,7.35123785800261
1982-06-01,6.226754965071543
1982-06-02,5.597577506299495
1982-06-03,5.124783806357991
1982-06-04,4.700153304141917
1982-06-05,4.4845757261294095
1982-06-06,4.242825886429085
1982-06-07,4.100326153595211
1982-06-08,4.025634589857812
1982-06-09,14.123037383571813
1982-06-10,39.40997433095977
1982-06-11,71.87966890383144
1982-06-12,70.54420333873288
1982-06-13,89.61307911773308
1982-06-14,96.89332478401728
1982-06-15,96.0597959975702
1982-06-16,93.94348381816955
1982-06-17,92.10010960841883
1982-06-18,91.96401342580091
1982-06-19,97.54176175671572
1982-06-20,97.75221044816416
1982-06-21,96.01650928472596
1982-06-22,94.28678139342604
1982-06-23,93.34829112108532
1982-06-24,97.41620598086529
1982-06-25,97.38097221753507
1982-06-26,95.34498072185474
1982-06-27,94.32932461106238
1982-06-28,97.48604443675757
1982-06-29,95.92087734543736
1982-06-30,93.70292937111904
1982-07-01,92.0083065815672
1982-07-02,90.68447065250406
1982-07-03,89.81226324159691
1982-07-04,89.25949881040766
1982-07-05,88.89835418635259
1982-07-06,88.69246718075053
1982-07-07,88.56762748042657
1982-07-08,88.63075075087743
1982-07-09,88.28685837945466
1982-07-10,83.54664931492981
1982-07-11,77.63737840425891
1982-07-12,74.28386541576673
1982-07-13,71.93658970173011
1982-07-14,70.05506504792116
1982-07-15,72.4943631462608
1982-07-16,90.96176958187094
1982-07-17,98.68109908629184
1982-07-18,98.0827605080656
1982-07-19,96.3405962093345
1982-07-20,94.01074746051566
1982-07-21,92.79230909574107
1982-07-22,91.142049768831
1982-07-23,89.93504382930617
1982-07-24,87.28486219149343
1982-07-25,79.39710588777899
1982-07-26,74.49252321533027
1982-07-27,71.94124015000675
1982-07-28,72.81008249808765
1982-07-29,70.14604776930346
1982-07-30,68.52901758093728
1982-07-31,67.490342471821
1982-08-01,66.96723383223092
1982-08-02,66.55356803877564
1982-08-03,66.02988358587562
1982-08-04,65.75731789113122
1982-08-05,65.46125599014579
1982-08-06,65.28395066285323
1982-08-07,65.18198477715532
1982-08-08,65.12512725544457
1982-08-09,65.08954125466838
1982-08-10,65.06984689271732
1982-08-11,65.05976084413247
1982-08-12,66.02835933281587
1982-08-13,92.95312148465624
1982-08-14,100.0
1982-08-15,99.886070169074
1982-08-16,98.87949999156318
1982-08-17,97.50874002345437
1982-08-18,95.87972673123647
1982-08-19,91.84801358469448
1982-08-20,86.0213128262239
1982-08-21,75.66127395355245
1982-08-22,69.58974532037436
1982-08-23,66.81952576606372
1982-08-24,65.85950190391019
1982-08-25,68.99437527419681
1982-08-26,72.21861782307415
1982-08-27,68.97022380787662
1982-08-28,66.81370295063893
1982-08-29,64.49427473536493
1982-08-30,59.217338062173766
1982-08-31,55.06460903049632
1982-09-01,52.89310753577214
1982-09-02,51.91354416256075
1982-09-03,51.512892699052834
1982-09-04,51.34895798179896
1982-09-05,51.29380206224127
1982-09-06,51.18884163095077
1982-09-07,50.77127345437364
1982-09-08,50.44319591151457
1982-09-09,50.26825957439029
1982-09-10,50.45596697967286
1982-09-11,51.30593034979076
1982-09-12,54.91743353891063
1982-09-13,54.67077961888048
1982-09-14,51.61157103525467
1982-09-15,51.02402684738345
1982-09-16,53.78927183872165
1982-09-17,58.43937244786042
1982-09-18,53.35080705262328
1982-09-19,51.41268782481776
1982-09-20,51.42984709660727
1982-09-21,50.7923892455791
1982-09-22,49.13633135911628
1982-09-23,69.3544164318417
1982-09-24,76.54118629494015
1982-09-25,61.38727030743791
1982-09-26,55.32492603716703
1982-09-27,55.13088960695644
1982-09-28,53.52892530316325
1982-09-29,67.1684554493453
1982-09-30,72.13896066049091
1982-10-01,65.53215537678861
1982-10-02,56.70736714109746
1982-10-03,53.46035412870095
1982-10-04,48.81261934592108
1982-10-05,34.462855120027896
1982-10-06,21.35403519280957
1982-10-07,13.698853330014847
1982-10-08,9.566991027436556
1982-10-09,7.98971920137014
1982-10-10,7.493203434350251
1982-10-11,7.350810216432686
1982-10-12,7.330579940323524
1982-10-13,7.31380489560835
1982-10-14,7.08713131074514
1982-10-15,5.897178831162257
1982-10-16,5.141607714351601
1982-10-17,12.29984423511744
1982-10-18,7.740824425452213
1982-10-19,5.037610135720391
1982-10-20,4.195333767829823
1982-10-21,4.031648464216612
1982-10-22,9.39595496422786
1982-10-23,14.0997252055773
1982-10-24,6.685775196578023
1982-10-25,4.604215002643539
1982-10-26,3.978731467107631
1982-10-27,3.880946028223992
1982-10-28,3.8700549659152266
1982-10-29,3.8692334300755937
1982-10-30,3.8692334300755937
1982-10-31,3.869383886789056
1982-11-01,3.872772326651367
1982-11-02,5.471846666329192
1982-11-03,7.372723990674496
1982-11-04,5.7336993509269245
1982-11-05,6.109857656699964
1982-11-06,4.53030929400648
1982-11-07,3.508941276885349
1982-11-08,1.7866472830611049
1982-11-09,0.8400246144370949
1982-11-10,0.3978309274320554
1982-11-11,0.2124322241720662
1982-11-12,0.0928270464925306
1982-11-13,0.0356719509314254
1982-11-14,0.0140174332928365
1982-11-15,0.0044513040519258
1982-11-16,0.0013314364538336
1982-11-17,0.0003427460178185
1982-11-18,0.0003559285569654
1982-11-19,7.470105516558675e-05
1982-11-20,2.197089857811375e-05
1982-11-21,0.0004745714092872
1982-11-22,0.0057039968052555
1982-11-23,0.0097772256344492
1982-11-24,0.0033796515028797
1982-11-25,0.0069413978131749
1982-11-26,0.0013709840712742
1982-11-27,0.0014588676655867
1982-11-28,0.0040090738053455
1982-11-29,0.0083354073861591
1982-11-30,0.0008129232473902
1982-12-01,6.591269573434125e-05
1982-12-02,0.0
1982-12-03,4.833597687185025e-05
1982-12-04,0.0
1982-12-05,0.0001494021103311
1982-12-06,0.0002416798843592
1982-12-07,7.030687544996399e-05
1982-12-08,0.0
1982-12-09,5.712433630309575e-05
1982-12-10,0.0030878779697624
1982-12-11,0.0641036998290136
1982-12-12,0.0121590468075053
1982-12-13,0.0022366374752519
1982-12-14,0.0004745714092872
1982-12-15,7.030687544996399e-05
1982-12-16,0.0002109206263498
1982-12-17,0.0022673967332613
1982-12-18,0.0011424867260619
1982-12-19,0.0003691110961123
1982-12-20,0.0
1982-12-21,0.0
1982-12-22,0.0
1982-12-23,0.0
1982-12-24,0.0
1982-12-25,0.0
1982-12-26,0.0
1982-12-27,0.0002988042206623
1982-12-28,0.0160375255917026
1982-12-29,0.0025881718525017
1982-12-30,0.000395476174406
1982-12-31,6.591269573434125e-05
1983-01-01,0.0
1983-01-02,0.0001142486726061
1983-01-03,0.0219865418579013
1983-01-04,0.0054602077146328
1983-01-05,0.0007601930908027
1983-01-06,7.470105516558675e-05
1983-01-07,0.0
1983-01-08,0.0
1983-01-09,0.0
1983-01-10,0.0
1983-01-11,0.0020311656317494
1983-01-12,0.0403190596314794
1983-01-13,0.0591106813017458
1983-01-14,0.0148003003509719
1983-01-15,0.0028913702528797
1983-01-16,0.0004526005107091
1983-01-17,7.030687544996399e-05
1983-01-18,0.0
1983-01-19,0.0
1983-01-20,0.0
1983-01-21,0.0
1983-01-22,0.0
1983-01-23,0.0
1983-01-24,0.0
1983-01-25,0.0
1983-01-26,0.0
1983-01-27,0.0
1983-01-28,0.0
1983-01-29,0.004863126574874
1983-01-30,0.0375282282104931
1983-01-31,0.0100232996985241
1983-02-01,0.0011380925463462
1983-02-02,7.90952348812095e-05
1983-02-03,0.0
1983-02-04,0.0
1983-02-05,0.0
1983-02-06,0.0
1983-02-07,0.0
1983-02-08,0.0
1983-02-09,0.0
1983-02-10,0.0
1983-02-11,9.66719537437005e-05
1983-02-12,7.470105516558675e-05
1983-02-13,0.0
1983-02-14,0.0037064027065334
1983-02-15,0.1000644362513498
1983-02-16,0.0968139736321094
1983-02-17,0.0177313939884809
1983-02-18,0.0018587380197084
1983-02-19,0.0001537962900467
1983-02-20,0.0
1983-02-21,0.0
1983-02-22,0.0
1983-02-23,0.0
1983-02-24,0.0
1983-02-25,0.0
1983-02-26,0.0
1983-02-27,0.0
1983-02-28,0.0
1983-03-01,3.075925800935925e-05
1983-03-02,0.0002988042206623
1983-03-03,0.0006020026210403
1983-03-04,0.0001757671886249
1983-03-05,7.030687544996399e-05
1983-03-06,0.0
1983-03-07,5.2730156587472994e-05
1983-03-08,0.0
1983-03-09,0.0
1983-03-10,0.0
1983-03-11,0.0
1983-03-12,0.0
1983-03-13,0.0
1983-03-14,0.0
1983-03-15,0.0006415502384809
1983-03-16,0.0073505838282937
1983-03-17,0.0029309178703203
1983-03-18,0.0010809682100431
1983-03-19,0.0002504682437904
1983-03-20,7.90952348812095e-05
1983-03-21,0.0
1983-03-22,0.0
1983-03-23,0.0
1983-03-24,0.0
1983-03-25,0.0
1983-03-26,0.0
1983-03-27,0.0010765740303275
1983-03-28,0.0008085290676745
1983-03-29,0.0003295634786717
1983-03-30,0.0001054603131749
1983-03-31,0.0001054603131749
1983-04-01,0.007429151761609
1983-04-02,0.0189044642053635
1983-04-03,0.0626553781947444
1983-04-04,0.1791710959998199
1983-04-05,0.0803052162077033
1983-04-06,0.0218921548776097
1983-04-07,0.0053000838057955
1983-04-08,0.0009403544591432
1983-04-09,0.0002636507829373
1983-04-10,7.470105516558675e-05
1983-04-11,0.0
1983-04-12,0.0
1983-04-13,0.0
1983-04-14,8.788359431245498e-06
1983-04-15,0.0003031984003779
1983-04-16,0.0002680449626529
1983-04-17,0.0001054603131749
1983-04-18,0.0001054603131749
1983-04-19,0.0001054603131749
1983-04-20,7.470105516558675e-05
1983-04-21,0.0
1983-04-22,0.0049119898533117
1983-04-23,0.0197474436420086
1983-04-24,8.262564190177285
1983-04-25,17.80638330183585
1983-04-26,9.651525026435383
1983-04-27,4.52866674962878
1983-04-28,2.0079330762913967
1983-04-29,0.9544664551835852
1983-04-30,0.4561898524680524
1983-05-01,0.2210195059395248
1983-05-02,0.1014631915384269
1983-05-03,8.231442851759358
1983-05-04,16.142135894753416
1983-05-05,9.192986748560116
1983-05-06,4.237524396485781
1983-05-07,1.8365498728851688
1983-05-08,0.873088531823704
1983-05-09,0.535361018774748
1983-05-10,0.5377848483058856
1983-05-11,0.5395281072826674
1983-05-12,0.2428984782779877
1983-05-13,0.1036326859476241
1983-05-14,0.0986748208580813
1983-05-15,12.18729663736276
1983-05-16,21.6471333074604
1983-05-17,17.807545298719848
1983-05-18,24.366352781621217
1983-05-19,71.44014599925755
1983-05-20,67.58215042015388
1983-05-21,58.947721565087285
1983-05-22,45.62772650062994
1983-05-23,34.66933094571184
1983-05-24,25.533517924034825
1983-05-25,17.607808035513408
1983-05-26,30.348394999493788
1983-05-27,33.58766669760168
1983-05-28,29.275959056088013
1983-05-29,24.08514496574649
1983-05-30,20.949934649759268
1983-05-31,17.93287908061105
1983-06-01,16.29603237209773
1983-06-02,17.092067556470482
1983-06-03,21.9701684412122
1983-06-04,29.04471745775962
1983-06-05,47.4612080057033
1983-06-06,62.12221953884313
1983-06-07,56.77818215948975
1983-06-08,53.57640916070464
1983-06-09,58.55677104425395
1983-06-10,57.03556508448074
1983-06-11,65.10920222085358
1983-06-12,73.03886036773308
1983-06-13,81.02198249921257
1983-06-14,77.22948673871716
1983-06-15,70.7031172662437
1983-06-16,64.09829656986815
1983-06-17,59.5105998160772
1983-06-18,56.94553379089048
1983-06-19,79.82501409652852
1983-06-20,81.2040396924496
1983-06-21,81.74104448597237
1983-06-22,84.96396544135844
1983-06-23,83.97852177685161
1983-06-24,81.18429840065919
1983-06-25,78.24838856641469
1983-06-26,74.95652679816864
1983-06-27,71.69667996872751
1983-06-28,67.09040725960672
1983-06-29,62.21988246799631
1983-06-30,58.58257595251754
1983-07-01,57.6165308337833
1983-07-02,66.25072328198118
1983-07-03,61.71012826786357
1983-07-04,57.885546031317496
1983-07-05,55.433170151075416
1983-07-06,56.53859003779698
1983-07-07,83.67210314581082
1983-07-08,99.89087283173596
1983-07-09,100.0
1983-07-10,100.0
1983-07-11,100.0
1983-07-12,100.0
1983-07-13,100.0
1983-07-14,100.0
1983-07-15,100.0
1983-07-16,100.0
1983-07-17,100.0
1983-07-18,99.86470074581534
1983-07-19,98.90180326589496
1983-07-20,97.7134838392616
1983-07-21,96.99071949244062
1983-07-22,96.56598704525511
1983-07-23,96.34734461477456
1983-07-24,96.4955358649433
1983-07-25,96.28043479177916
1983-07-26,96.13580915479888
1983-07-27,96.06302941077212
1983-07-28,96.02277679113796
1983-07-29,96.00567640135664
1983-07-30,95.99803580166711
1983-07-31,95.91228760292924
1983-08-01,94.57643130737044
1983-08-02,92.28355641704914
1983-08-03,90.65498500354346
1983-08-04,89.58830086561825
1983-08-05,89.00512642582343
1983-08-06,88.91636469863661
1983-08-07,90.43562807944114
1983-08-08,91.0664542344425
1983-08-09,89.8693399449919
1983-08-10,90.57798262857722
1983-08-11,91.27691347192226
1983-08-12,94.64863945649972
1983-08-13,95.8944816836528
1983-08-14,93.71787942511476
1983-08-15,91.69824904242036
1983-08-16,90.24406891198704
1983-08-17,89.31530524433046
1983-08-18,88.8170922693372
1983-08-19,88.44262783196095
1983-08-20,86.5347809870523
1983-08-21,80.89281470763589
1983-08-22,75.11372365601378
1983-08-23,72.26781365303276
1983-08-24,73.02569628414102
1983-08-25,71.9653104118858
1983-08-26,70.58763453220618
1983-08-27,69.88904239223363
1983-08-28,76.41059619527313
1983-08-29,82.38743043134674
1983-08-30,81.25629615646373
1983-08-31,79.42818082365909
1983-09-01,74.44723539304356
1983-09-02,70.02132899680525
1983-09-03,67.35760133329958
1983-09-04,65.99479711544951
1983-09-05,65.79697606613347
1983-09-06,65.74827466927646
1983-09-07,65.72904029005804
1983-09-08,65.34645048708605
1983-09-09,65.14598168084052
1983-09-10,65.07519654287033
1983-09-11,65.05605602333063
1983-09-12,65.05196451471383
1983-09-13,65.05087018819744
1983-09-14,65.6003646466095
1983-09-15,66.42996327871894
1983-09-16,66.34675245511609
1983-09-17,70.41121015006298
1983-09-18,71.14899520928951
1983-09-19,67.50751492614965
1983-09-20,65.33973073169771
1983-09-21,62.09926065289777
1983-09-22,60.57962007570644
1983-09-23,57.48833960470663
1983-09-24,54.38752604869734
1983-09-25,52.729052945295614
1983-09-26,54.29797635720393
1983-09-27,59.038173996861495
1983-09-28,61.97186898876216
1983-09-29,59.6741694648803
1983-09-30,53.445458562533744
1983-10-01,51.7435674481979
1983-10-02,51.34244194058225
1983-10-03,51.20280492794952
1983-10-04,50.79380346837877
1983-10-05,50.429496265298766
1983-10-06,50.23122525197984
1983-10-07,50.13454204913607
1983-10-08,50.09433776547876
1983-10-09,50.07754285907128
1983-10-10,50.07223047156226
1983-10-11,50.07044186465083
1983-10-12,48.61425675789686
1983-10-13,37.420569401322894
1983-10-14,25.31059995669096
1983-10-15,17.23275389921931
1983-10-16,15.017974655777536
1983-10-17,13.846871097968412
1983-10-18,10.062129834300755
1983-10-19,8.730616394438444
1983-10-20,8.256581075076493
1983-10-21,7.609716164113121
1983-10-22,7.38820767385484
1983-10-23,6.981852213541665
1983-10-24,5.505140135664147
1983-10-25,4.696684890208783
1983-10-26,4.284681327056335
1983-10-27,4.061718539079373
1983-10-28,3.9483764736321088
1983-10-29,3.8999167566594655
1983-10-30,3.879827094301205
1983-10-31,3.873038613942133
1983-11-01,3.870468897644438
1983-11-02,3.378298095527357
1983-11-03,1.584383014983801
1983-11-04,0.5865312415631748
1983-11-05,0.2158192578968682
1983-11-06,0.0749603117688084
1983-11-07,0.0311063982068934
1983-11-08,0.0113457720257379
1983-11-09,0.0043019019415946
1983-11-10,0.0018235845819834
1983-11-11,0.0029339059125269
1983-11-12,0.0041519725296976
1983-11-13,0.2196717231371489
1983-11-14,1.96058596562275
1983-11-15,0.469927112862221
1983-11-16,0.3745059184327754
1983-11-17,0.4906860966747658
1983-11-18,0.0897275678883189
1983-11-19,0.0137727653662706
1983-11-20,0.001641489774568
1983-11-21,0.0063784155080093
1983-11-22,0.0002812275017998
1983-11-23,0.0
1983-11-24,0.0
1983-11-25,0.0
1983-11-26,0.0
1983-11-27,0.0
1983-11-28,0.0
1983-11-29,5.712433630309575e-05
1983-11-30,0.0005316957455903
1983-12-01,0.0002065264466342
1983-12-02,6.15185160187185e-05
1983-12-03,0.0
1983-12-04,0.0026732431717962
1983-12-05,0.0315528468660007
1983-12-06,0.0100980007536897
1983-12-07,0.0021223888026457
1983-12-08,0.0003910819946904
1983-12-09,7.030687544996399e-05
1983-12-10,0.0
1983-12-11,0.0
1983-12-12,0.0
1983-12-13,0.0
1983-12-14,0.0
1983-12-15,0.0
1983-12-16,0.0
1983-12-17,0.0
1983-12-18,0.0
1983-12-19,0.0
1983-12-20,0.0
1983-12-21,0.0
1983-12-22,0.0
1983-12-23,0.0
1983-12-24,0.0
1983-12-25,0.0
1983-12-26,0.0
1983-12-27,0.0
1983-12-28,0.0
1983-12-29,0.0
1983-12-30,0.0
1983-12-31,0.0
1984-01-01,0.0
1984-01-02,0.0
1984-01-03,0.0
1984-01-04,0.0
1984-01-05,0.0
1984-01-06,0.0
1984-01-07,0.0
1984-01-08,0.0
1984-01-09,0.0
1984-01-10,0.0
1984-01-11,0.0
1984-01-12,0.0
1984-01-13,0.0
1984-01-14,2.6365078293736497e-05
1984-01-15,0.0008524708648308
1984-01-16,0.0011249100071994
1984-01-17,0.0001713730089092
1984-01-18,6.15185160187185e-05
1984-01-19,0.0
1984-01-20,0.0
1984-01-21,0.0
1984-01-22,0.0
1984-01-23,0.0
1984-01-24,0.0
1984-01-25,0.0
1984-01-26,0.0
1984-01-27,0.0
1984-01-28,0.0
1984-01-29,0.0
1984-01-30,0.0
1984-01-31,0.0
1984-02-01,0.0
1984-02-02,0.0
1984-02-03,0.0
1984-02-04,0.0
1984-02-05,0.0
1984-02-06,0.0
1984-02-07,0.0
1984-02-08,0.0
1984-02-09,0.0
1984-02-10,0.0
1984-02-11,0.0
1984-02-12,6.591269573434125e-05
1984-02-13,6.591269573434125e-05
1984-02-14,0.0
1984-02-15,0.0
1984-02-16,0.0
1984-02-17,0.0
1984-02-18,0.0
1984-02-19,0.0
1984-02-20,0.0
1984-02-21,0.0
1984-02-22,0.0
1984-02-23,0.0
1984-02-24,0.0
1984-02-25,0.0
1984-02-26,2.197089857811375e-05
1984-02-27,0.0
1984-02-28,0.0003515343772498
1984-02-29,0.0004218412526997
1984-03-01,9.66719537437005e-05
1984-03-02,0.0
1984-03-03,0.0
1984-03-04,0.0
1984-03-05,0.0
1984-03-06,0.0
1984-03-07,0.0
1984-03-08,0.0001054603131749
1984-03-09,8.348941459683225e-05
1984-03-10,0.0
1984-03-11,0.0
1984-03-12,0.0534972045986321
1984-03-13,0.1501522846922246
1984-03-14,0.1152359569046976
1984-03-15,0.2015473137149027
1984-03-16,0.0946935182685385
1984-03-17,0.0239667350049496
1984-03-18,0.0045172167476601
1984-03-19,0.0008041348879589
1984-03-20,9.227777402807774e-05
1984-03-21,0.0
1984-03-22,0.0008129232473902
1984-03-23,0.0262457323726601
1984-03-24,0.0286152498425125
1984-03-25,0.0064629595257379
1984-03-26,0.001418441212203
1984-03-27,0.0001450079306155
1984-03-28,3.075925800935925e-05
1984-03-29,7.90952348812095e-05
1984-03-30,0.2258147863795896
1984-03-31,15.454379274658026
1984-04-01,11.898290734397497
1984-04-02,5.555439959334502
1984-04-03,2.4106643929423144
1984-04-04,0.8391143161672066
1984-04-05,0.2338085023510619
1984-04-06,0.0601800488773398
1984-04-07,0.0142668469334953
1984-04-08,0.0030703012508999
1984-04-09,0.0008081775332973
1984-04-10,0.0
1984-04-11,0.0
1984-04-12,0.0
1984-04-13,0.0
1984-04-14,0.0
1984-04-15,0.03942422887419
1984-04-16,0.0755210091005219
1984-04-17,0.06000234824964
1984-04-18,0.0505393943484521
1984-04-19,2.701574909163517
1984-04-20,6.433896596866
1984-04-21,4.337563522261969
1984-04-22,2.78109022762554
1984-04-23,1.541922759460493
1984-04-24,0.7524716382064436
1984-04-25,0.3344810930750539
1984-04-26,0.1275096039191864
1984-04-27,0.0453597110668646
1984-04-28,0.0152124744082973
1984-04-29,0.0053519351264398
1984-04-30,0.0019803689142368
1984-05-01,0.000841573299136
1984-05-02,0.0
1984-05-03,0.0244887635551655
1984-05-04,15.946140539225611
1984-05-05,26.263129984757462
1984-05-06,16.109324027515296
1984-05-07,9.02639372834548
1984-05-08,4.5857566355629045
1984-05-09,2.3120843105989017
1984-05-10,1.2058138864515835
1984-05-11,0.7133694148218142
1984-05-12,0.4178564347664686
1984-05-13,0.2535348539304355
1984-05-14,0.1667963828518718
1984-05-15,0.0965271215802735
1984-05-16,5.210668927735781
1984-05-17,4.334306556256749
1984-05-18,3.1300236020180887
1984-05-19,2.596660001574873
1984-05-20,1.8509446783319836
1984-05-21,3.0973268622885164
1984-05-22,3.5647028901750364
1984-05-23,1.8661306118947985
1984-05-24,1.2043718924361049
1984-05-25,1.1497800097867168
1984-05-26,1.5958033122975162
1984-05-27,9.418789758538065
1984-05-28,53.16080553399478
1984-05-29,51.132005552837015
1984-05-30,39.19881220049271
1984-05-31,28.000118994386696
1984-06-01,20.357291279978853
1984-06-02,17.956115327180076
1984-06-03,14.863786229132918
1984-06-04,29.689831551757106
1984-06-05,59.096935077225055
1984-06-06,63.30889888183945
1984-06-07,53.36486051818979
1984-06-08,82.27442865117663
1984-06-09,91.11396832394033
1984-06-10,85.99703445599351
1984-06-11,79.80229091438308
1984-06-12,73.13636580948524
1984-06-13,66.72541614639579
1984-06-14,61.87125826808855
1984-06-15,59.34879996709639
1984-06-16,56.57422033190469
1984-06-17,54.11253582135304
1984-06-18,52.73278536154607
1984-06-19,54.82522818096427
1984-06-20,56.26546118498021
1984-06-21,60.45405551149658
1984-06-22,62.18145536638319
1984-06-23,59.15484562016288
1984-06-24,61.9397420862581
1984-06-25,74.39342110443664
1984-06-26,86.59945856675216
1984-06-27,84.04752147171976
1984-06-28,80.2240840068732
1984-06-29,74.2547172398083
1984-06-30,68.27258204109295
1984-07-01,78.6682761668129
1984-07-02,99.73707056560475
1984-07-03,100.0
1984-07-04,100.0
1984-07-05,100.0
1984-07-06,100.0
1984-07-07,100.0
1984-07-08,100.0
1984-07-09,100.0
1984-07-10,100.0
1984-07-11,100.0
1984-07-12,100.0
1984-07-13,100.0
1984-07-14,100.0
1984-07-15,100.0
1984-07-16,100.0
1984-07-17,100.0
1984-07-18,100.0
1984-07-19,100.0
1984-07-20,100.0
1984-07-21,100.0
1984-07-22,100.0
1984-07-23,100.0
1984-07-24,100.0
1984-07-25,100.0
1984-07-26,100.0
1984-07-27,100.0
1984-07-28,100.0
1984-07-29,99.70787440520382
1984-07-30,98.48149751535504
1984-07-31,97.6869964270046
1984-08-01,97.0803934513364
1984-08-02,96.65581866731912
1984-08-03,96.3977361889174
1984-08-04,96.36963576117036
1984-08-05,96.42713430581804
1984-08-06,96.46932739521463
1984-08-07,96.24463312466251
1984-08-08,96.39125987108532
1984-08-09,96.45343979903484
1984-08-10,96.36254091860152
1984-08-11,96.59088569789417
1984-08-12,96.36714953428724
1984-08-13,96.16025907380536
1984-08-14,96.05735353671706
1984-08-15,96.01605791458556
1984-08-16,95.99917582765254
1984-08-17,96.119060475162
1984-08-18,96.26166074682776
1984-08-19,96.10145071206804
1984-08-20,95.76061774433046
1984-08-21,94.1171410974622
1984-08-22,92.35648960583154
1984-08-23,90.97994724875134
1984-08-24,90.14737920575728
1984-08-25,89.69028573417252
1984-08-26,89.23541852979886
1984-08-27,88.89972569772544
1984-08-28,88.69234484678726
1984-08-29,88.5733455386069
1984-08-30,88.50555670390118
1984-08-31,88.47021484375
1984-09-01,88.45200553877565
1984-09-02,88.44247930868656
1984-09-03,88.43809005045222
1984-09-04,88.60969718125676
1984-09-05,88.86338671031318
1984-09-06,88.57739679653753
1984-09-07,88.48445251333018
1984-09-08,88.45021956837202
1984-09-09,88.43866691836529
1984-09-10,88.40797585802511
1984-09-11,86.62781561459458
1984-09-12,80.41156344211214
1984-09-13,74.307274265715
1984-09-14,72.11403775197985
1984-09-15,70.21943267976062
1984-09-16,68.79735835976872
1984-09-17,67.71090797111232
1984-09-18,67.59121192179626
1984-09-19,71.279559646947
1984-09-20,70.95774345864831
1984-09-21,67.5691861838553
1984-09-22,65.72911077270068
1984-09-23,66.01847084655103
1984-09-24,68.68122142025513
1984-09-25,72.77532436076989
1984-09-26,71.81670522998785
1984-09-27,67.39285197027988
1984-09-28,65.60971897638812
1984-09-29,65.15183402515298
1984-09-30,65.068077971731
1984-10-01,65.22510257773128
1984-10-02,66.70584974295807
1984-10-03,67.67888635315425
1984-10-04,65.61357073855966
1984-10-05,65.22003520968322
1984-10-06,65.12190702478176
1984-10-07,65.07206823844717
1984-10-08,65.06649061825054
1984-10-09,63.97386095831084
1984-10-10,58.81615349678275
1984-10-11,54.78130325745815
1984-10-12,52.69933985359296
1984-10-13,51.783933437668736
1984-10-14,51.43610423275513
1984-10-15,51.31879035614649
1984-10-16,51.28015760692269
1984-10-17,51.27033837293017
1984-10-18,51.26510138954508
1984-10-19,51.263172168882726
1984-10-20,51.26210684395248
1984-10-21,51.26210684395248
1984-10-22,51.18556796706264
1984-10-23,50.7141238075954
1984-10-24,50.32014938804896
1984-10-25,50.15492823074153
1984-10-26,47.78889552117081
1984-10-27,33.90716293477772
1984-10-28,22.50115549349802
1984-10-29,17.34126465195284
1984-10-30,11.90097716010844
1984-10-31,8.927929476579372
1984-11-01,7.832084155923775
1984-11-02,7.489229513982631
1984-11-03,6.943794574559035
1984-11-04,5.550698639421345
1984-11-05,5.050161846427286
1984-11-06,4.948518669287706
1984-11-07,16.787726493599262
1984-11-08,34.329522524916754
1984-11-09,11.31851914737446
1984-11-10,5.29567468586888
1984-11-11,4.761573566302196
1984-11-12,4.097139670232631
1984-11-13,3.906067377891017
1984-11-14,3.873240570441864
1984-11-15,3.8693951358891288
1984-11-16,3.8692334300755937
1984-11-17,3.8692334300755937
1984-11-18,3.831105132683135
1984-11-19,2.9284615238593408
1984-11-20,1.1911478722327211
1984-11-21,0.4641703859003779
1984-11-22,0.1445816951831353
1984-11-23,0.0450798897025737
1984-11-24,0.0153181104886609
1984-11-25,0.0045523701853851
1984-11-26,0.0011732459840712
1984-11-27,0.0004086587135529
1984-11-28,8.7883594312455e-05
1984-11-29,0.0
1984-11-30,0.0
1984-12-01,4.833597687185025e-05
1984-12-02,0.0
1984-12-03,0.0
1984-12-04,0.0
1984-12-05,0.0
1984-12-06,0.0
1984-12-07,0.0
1984-12-08,4.833597687185025e-05
1984-12-09,0.0
1984-12-10,1.3182539146868248e-05
1984-12-11,2.6365078293736497e-05
1984-12-12,0.0011556692652087
1984-12-13,0.0001581904697624
1984-12-14,3.075925800935925e-05
1984-12-15,8.788359431245498e-06
1984-12-16,0.0001054603131749
1984-12-17,7.030687544996399e-05
1984-12-18,0.0
1984-12-19,0.0
1984-12-20,0.0
1984-12-21,0.0
1984-12-22,4.394179715622749e-06
1984-12-23,0.0010238438737401
1984-12-24,0.0005492724644528
1984-12-25,0.0001098544928905
1984-12-26,0.0
1984-12-27,0.0
1984-12-28,0.0
1984-12-29,0.0
1984-12-30,0.0
1984-12-31,0.0
1985-01-01,0.0
1985-01-02,0.0
1985-01-03,0.0
1985-01-04,0.0
1985-01-05,6.15185160187185e-05
1985-01-06,0.0001669788291936
1985-01-07,8.788359431245498e-06
1985-01-08,0.0
1985-01-09,0.0
1985-01-10,0.0
1985-01-11,0.0015214407847372
1985-01-12,0.0064448555053095
1985-01-13,0.0249079683000359
1985-01-14,0.070981645687095
1985-01-15,0.0146113506232001
1985-01-16,0.0016741824716522
1985-01-17,0.0001537962900467
1985-01-18,0.0
1985-01-19,0.0
1985-01-20,0.0022366374752519
1985-01-21,0.0030715316212203
1985-01-22,0.000931566099712
1985-01-23,0.0001801613683405
1985-01-24,8.348941459683225e-05
1985-01-25,0.0018114566459683
1985-01-26,0.0009755078968682
1985-01-27,7.030687544996399e-05
1985-01-28,3.075925800935925e-05
1985-01-29,8.788359431245498e-06
1985-01-30,0.0007470105516558
1985-01-31,0.002829851736861
1985-02-01,0.0006503385979121
1985-02-02,0.0001757671886249
1985-02-03,0.0001186428523218
1985-02-04,0.0
1985-02-05,0.0
1985-02-06,0.0
1985-02-07,0.0
1985-02-08,0.0
1985-02-09,0.0
1985-02-10,0.0
1985-02-11,0.0
1985-02-12,0.0
1985-02-13,0.0
1985-02-14,0.0
1985-02-15,0.0
1985-02-16,0.0
1985-02-17,0.0
1985-02-18,0.0
1985-02-19,0.0
1985-02-20,0.0
1985-02-21,0.0
1985-02-22,0.0
1985-02-23,0.0
1985-02-24,0.0
1985-02-25,0.0
1985-02-26,0.0
1985-02-27,0.0
1985-02-28,0.0
1985-03-01,0.0
1985-03-02,0.0
1985-03-03,0.0
1985-03-04,0.0
1985-03-05,0.0
1985-03-06,0.0
1985-03-07,4.394179715622749e-06
1985-03-08,0.0180240463575413
1985-03-09,0.0240846747885169
1985-03-10,0.0080810722642188
1985-03-11,0.0018323729414146
1985-03-12,0.0004482063309935
1985-03-13,8.7883594312455e-05
1985-03-14,0.0
1985-03-15,1.3182539146868248e-05
1985-03-16,8.348941459683225e-05
1985-03-17,0.0
1985-03-18,0.0
1985-03-19,0.0
1985-03-20,0.0098232766378689
1985-03-21,0.0084382311915046
1985-03-22,0.0041421295671346
1985-03-23,0.0405124035389668
1985-03-24,0.0636266676790856
1985-03-25,0.0172835391918646
1985-03-26,0.0039767326426385
1985-03-27,0.0008832301228401
1985-03-28,0.0001669788291936
1985-03-29,7.030687544996399e-05
1985-03-30,0.0
1985-03-31,0.000465783049856
1985-04-01,0.4385625126552375
1985-04-02,0.6178489119307955
1985-04-03,0.3190701775107991
1985-04-04,0.1541752441054715
1985-04-05,0.064399691774658
1985-04-06,0.0283008023420626
1985-04-07,0.0101679560947624
1985-04-08,0.0032091573299136
1985-04-09,0.000963907262419
1985-04-10,7.470105516558675e-05
1985-04-11,0.0
1985-04-12,0.0
1985-04-13,0.0
1985-04-14,0.0
1985-04-15,0.0
1985-04-16,0.001033686836303
1985-04-17,0.0161041413561915
1985-04-18,0.008521017537347
1985-04-19,0.0035065554130669
1985-04-20,0.001524780361321
1985-04-21,0.0006239735196184
1985-04-22,0.0002504682437904
1985-04-23,0.0001054603131749
1985-04-24,7.030687544996399e-05
1985-04-25,0.0
1985-04-26,0.0
1985-04-27,2.197089857811375e-05
1985-04-28,0.1967537909467242
1985-04-29,0.2454539574334053
1985-04-30,0.1907961620882829
1985-05-01,0.1365856942382109
1985-05-02,0.0875454182415406
1985-05-03,0.0509810972934665
1985-05-04,0.0273149241810655
1985-05-05,0.0405125793061555
1985-05-06,9.0883031505917
1985-05-07,6.809333202562545
1985-05-08,3.625197562320014
1985-05-09,1.7335571552713278
1985-05-10,0.7612141224014578
1985-05-11,0.3429906857451403
1985-05-12,0.1511863230629049
1985-05-13,0.0630063852704283
1985-05-14,0.0226273890276277
1985-05-15,0.0071229653190244
1985-05-16,0.0024531826516378
1985-05-17,0.0009391240888228
1985-05-18,0.7051830580116091
1985-05-19,1.3587731731461483
1985-05-20,2.4896344815852225
1985-05-21,3.608055515714992
1985-05-22,1.788984459368251
1985-05-23,1.036604220099892
1985-05-24,0.4725456924383548
1985-05-25,0.2426330698231641
1985-05-26,0.1376269390636249
1985-05-27,0.0612611928545716
1985-05-28,0.0238426433697804
1985-05-29,0.0091070253442224
1985-05-30,0.0037273190019798
1985-05-31,0.0094010838507919
1985-06-01,0.0097308230966522
1985-06-02,0.0044669473317134
1985-06-03,0.0016901772858171
1985-06-04,0.0003295634786717
1985-06-05,0.0001054603131749
1985-06-06,7.470105516558675e-05
1985-06-07,0.0
1985-06-08,0.0
1985-06-09,0.0
1985-06-10,0.0
1985-06-11,0.0
1985-06-12,0.0004526005107091
1985-06-13,3.548324200470212
1985-06-14,6.186487053691954
1985-06-15,20.18489618486771
1985-06-16,69.70578365449512
1985-06-17,64.08875364189615
1985-06-18,54.09161794400198
1985-06-19,49.04961485893629
1985-06-20,55.39146376102412
1985-06-21,46.349560335954365
1985-06-22,33.68942500224982
1985-06-23,24.4480351337518
1985-06-24,17.35164950475837
1985-06-25,11.620094337765476
1985-06-26,7.6955362516311165
1985-06-27,5.14258831949694
1985-06-28,19.825233102445555
1985-06-29,20.40018163781272
1985-06-30,38.69564803956308
1985-07-01,40.91976860601151
1985-07-02,34.709761793275284
1985-07-03,27.121972937477505
1985-07-04,64.92900271103312
1985-07-05,80.02529518341657
1985-07-06,75.36657178753825
1985-07-07,68.79403706297245
1985-07-08,64.88609319457568
1985-07-09,61.54830012036537
1985-07-10,57.77945453816819
1985-07-11,52.28854363525917
1985-07-12,40.197786774714274
1985-07-13,29.673933936847547
1985-07-14,21.40882868042431
1985-07-15,15.177940374145066
1985-07-16,11.346746303264489
1985-07-17,21.413075743003056
1985-07-18,30.673553049349803
1985-07-19,27.23089129432145
1985-07-20,23.092088648533117
1985-07-21,17.562079037583242
1985-07-22,29.4235669349577
1985-07-23,71.6499267753892
1985-07-24,65.62549689384224
1985-07-25,79.75688796458783
1985-07-26,83.33811209165766
1985-07-27,79.51563554603132
1985-07-28,76.20751232479526
1985-07-29,84.18354892936689
1985-07-30,100.0
1985-07-31,100.0
1985-08-01,99.84077232805753
1985-08-02,98.9518795137014
1985-08-03,97.83207079761743
1985-08-04,97.04337899061824
1985-08-05,96.03963462219896
1985-08-06,93.83102041289824
1985-08-07,92.26170556746084
1985-08-08,92.65011431897948
1985-08-09,91.648156096731
1985-08-10,89.78031456702215
1985-08-11,86.69818225088868
1985-08-12,83.57513027864022
1985-08-13,80.45726818417025
1985-08-14,73.9291821693327
1985-08-15,69.78790103041757
1985-08-16,67.27352345015524
1985-08-17,65.654080681358
1985-08-18,61.78164178506344
1985-08-19,57.19004282391784
1985-08-20,54.48155938540541
1985-08-21,52.79891917240371
1985-08-22,51.58907512008414
1985-08-23,50.79700805576179
1985-08-24,50.53028081972192
1985-08-25,49.81056005753915
1985-08-26,57.30004302780777
1985-08-27,54.74385640945599
1985-08-28,43.01717157549271
1985-08-29,29.913139898026905
1985-08-30,21.526317621152803
1985-08-31,15.940073231641469
1985-09-01,14.130827561138858
1985-09-02,10.656687836066864
1985-09-03,8.132285725735692
1985-09-04,6.156148582332163
1985-09-05,5.001578740888228
1985-09-06,4.439111257818124
1985-09-07,4.209989411784557
1985-09-08,5.864477345718591
1985-09-09,32.1768506175756
1985-09-10,18.465278773791844
1985-09-11,9.724526764421343
1985-09-12,12.699984391873649
1985-09-13,22.699518257289416
1985-09-14,21.84210833445824
1985-09-15,14.214560589059124
1985-09-16,14.290996290609248
1985-09-17,8.972753625022497
1985-09-18,6.355271539214362
1985-09-19,4.968260664146868
1985-09-20,4.216378549091071
1985-09-21,3.948175923269888
1985-09-22,3.885513514387599
1985-09-23,3.872054317685834
1985-09-24,3.3499538786897043
1985-09-25,1.6385098176520878
1985-09-26,1.845945683720302
1985-09-27,2.5574347411582075
1985-09-28,1.243783114538337
1985-09-29,0.4850710380669547
1985-09-30,0.1559265883729301
1985-10-01,0.0470157895180885
1985-10-02,0.0173121892436105
1985-10-03,0.004536023836843
1985-10-04,0.0030316324694024
1985-10-05,0.000931566099712
1985-10-06,8.348941459683225e-05
1985-10-07,0.0
1985-10-08,0.8098228899500539
1985-10-09,3.487589781879949
1985-10-10,1.68881016862401
1985-10-11,0.598922828361231
1985-10-12,0.181609689974802
1985-10-13,0.0679187266581173
1985-10-14,0.0296865508571814
1985-10-15,0.7604398679355652
1985-10-16,0.3323806751709863
1985-10-17,2.223429977164327
1985-10-18,8.2054906505917
1985-10-19,3.313064036908297
1985-10-20,1.656148758099352
1985-10-21,1.5647851492193123
1985-10-22,0.3625461916171705
1985-10-23,0.0665194440694744
1985-10-24,0.0355274703023758
1985-10-25,0.5542341964205364
1985-10-26,5.383107437342512
1985-10-27,3.9472107856371488
1985-10-28,1.6334807668511515
1985-10-29,0.3932597501574874
1985-10-30,0.2018643977231821
1985-10-31,0.0940676113098452
1985-11-01,0.0269799119195464
1985-11-02,0.00646524449919
1985-11-03,0.0043458437387508
1985-11-04,0.0010106613345932
1985-11-05,0.0003778994555435
1985-11-06,0.0
1985-11-07,0.0
1985-11-08,0.0001713730089092
1985-11-09,0.0009799020765838
1985-11-10,0.0020817865820734
1985-11-11,0.0004889843187544
1985-11-12,0.0001098544928905
1985-11-13,0.0022366374752519
1985-11-14,0.0009842962562994
1985-11-15,0.0163786897048236
1985-11-16,0.0013182539146868
1985-11-17,7.030687544996399e-05
1985-11-18,0.0002372857046436
1985-11-19,9.66719537437005e-05
1985-11-20,0.0
1985-11-21,6.15185160187185e-05
1985-11-22,0.0002372857046436
1985-11-23,6.591269573434125e-05
1985-11-24,0.0
1985-11-25,0.0
1985-11-26,6.15185160187185e-05
1985-11-27,3.075925800935925e-05
1985-11-28,0.0
1985-11-29,0.0
1985-11-30,0.0
1985-12-01,0.0
1985-12-02,0.0
1985-12-03,0.0
1985-12-04,0.0
1985-12-05,0.0
1985-12-06,0.0
1985-12-07,0.0
1985-12-08,0.0
1985-12-09,0.0
1985-12-10,0.0
1985-12-11,0.0007470105516558
1985-12-12,0.0005712433630309
1985-12-13,8.7883594312455e-05
1985-12-14,0.0
1985-12-15,6.15185160187185e-05
1985-12-16,0.0
1985-12-17,5.712433630309575e-05
1985-12-18,6.15185160187185e-05
1985-12-19,0.0
1985-12-20,0.0
1985-12-21,0.0
1985-12-22,0.0
1985-12-23,0.0
1985-12-24,0.0
1985-12-25,0.0
1985-12-26,0.0
1985-12-27,0.0
1985-12-28,0.0
1985-12-29,6.15185160187185e-05
1985-12-30,6.591269573434125e-05
1985-12-31,0.0
1986-01-01,0.0
1986-01-02,0.0
1986-01-03,0.0
1986-01-04,0.0
1986-01-05,0.0
1986-01-06,0.0
1986-01-07,1.7576718862490997e-05
1986-01-08,0.0
1986-01-09,0.0
1986-01-10,0.0
1986-01-11,0.0
1986-01-12,0.0
1986-01-13,0.0
1986-01-14,0.0
1986-01-15,0.0
1986-01-16,0.0
1986-01-17,0.0
1986-01-18,0.0
1986-01-19,0.0
1986-01-20,0.0
1986-01-21,0.0
1986-01-22,0.0
1986-01-23,0.0
1986-01-24,0.0
1986-01-25,0.0
1986-01-26,0.0
1986-01-27,0.0
1986-01-28,0.0
1986-01-29,0.0
1986-01-30,0.0
1986-01-31,0.0
1986-02-01,0.0
1986-02-02,0.0
1986-02-03,0.0
1986-02-04,0.0
1986-02-05,0.0
1986-02-06,0.0
1986-02-07,0.0
1986-02-08,0.0010375537144528
1986-02-09,0.023548057561645
1986-02-10,0.0298317345549855
1986-02-11,0.0110383552128329
1986-02-12,0.0023025501709863
1986-02-13,0.000395476174406
1986-02-14,7.030687544996399e-05
1986-02-15,1.3182539146868248e-05
1986-02-16,0.0007030687544996
1986-02-17,0.0007821639893808
1986-02-18,0.0002372857046436
1986-02-19,6.15185160187185e-05
1986-02-20,0.0
1986-02-21,0.0
1986-02-22,0.0
1986-02-23,0.0
1986-02-24,0.0001186428523218
1986-02-25,8.7883594312455e-05
1986-02-26,0.0
1986-02-27,0.0
1986-02-28,0.0
1986-03-01,0.0
1986-03-02,0.0
1986-03-03,0.0
1986-03-04,0.0
1986-03-05,0.0
1986-03-06,0.0
1986-03-07,0.0
1986-03-08,0.0
1986-03-09,0.0
1986-03-10,3.5153437724981994e-05
1986-03-11,7.470105516558675e-05
1986-03-12,0.0
1986-03-13,0.0001230370320374
1986-03-14,7.90952348812095e-05
1986-03-15,0.0
1986-03-16,0.0
1986-03-17,0.0
1986-03-18,0.0
1986-03-19,0.0
1986-03-20,0.0
1986-03-21,0.0
1986-03-22,0.0
1986-03-23,0.0
1986-03-24,0.0
1986-03-25,0.0
1986-03-26,0.0
1986-03-27,0.0
1986-03-28,0.0
1986-03-29,0.0
1986-03-30,0.0
1986-03-31,0.0
1986-04-01,0.0
1986-04-02,0.0
1986-04-03,0.0
1986-04-04,0.0017049417296616
1986-04-05,0.0040074919006479
1986-04-06,0.0022849734521238
1986-04-07,0.0010809682100431
1986-04-08,0.0004482063309935
1986-04-09,0.0001713730089092
1986-04-10,7.90952348812095e-05
1986-04-11,0.0
1986-04-12,0.0001054603131749
1986-04-13,0.0001054603131749
1986-04-14,7.470105516558675e-05
1986-04-15,0.0
1986-04-16,0.0
1986-04-17,0.0
1986-04-18,0.0
1986-04-19,0.0052884831713462
1986-04-20,1.882565019798416
1986-04-21,2.235534536143358
1986-04-22,1.2127239977051836
1986-04-23,0.5506638375179985
1986-04-24,5.2472418612760965
1986-04-25,5.754177107237671
1986-04-26,2.417387312140028
1986-04-27,0.826816589047876
1986-04-28,0.2670404531699963
1986-04-29,0.0783063917386609
1986-04-30,0.0227353100814434
1986-05-01,0.0056122463327933
1986-05-02,0.0013226480944024
1986-05-03,9.66719537437005e-05
1986-05-04,0.0
1986-05-05,0.0
1986-05-06,0.0
1986-05-07,0.0
1986-05-08,0.0
1986-05-09,0.0003383518381029
1986-05-10,0.0009930846157307
1986-05-11,0.000790952348812
1986-05-12,0.0022893676318394
1986-05-13,0.0233540105854031
1986-05-14,0.6857716812342513
1986-05-15,0.8438002694159467
1986-05-16,2.974772838485421
1986-05-17,2.187515819046976
1986-05-18,24.100527758560563
1986-05-19,95.41124846731012
1986-05-20,91.92413026879724
1986-05-21,84.10246313107451
1986-05-22,76.29122953366856
1986-05-23,70.08902133532442
1986-05-24,65.48744512548372
1986-05-25,60.23792163033206
1986-05-26,56.09265497041487
1986-05-27,54.59392242761204
1986-05-28,79.56074988610285
1986-05-29,95.99175880382694
1986-05-30,95.30441593969358
1986-05-31,93.41521606005894
1986-06-01,90.89214995612852
1986-06-02,86.03768307910367
1986-06-03,79.7699639888184
1986-06-04,77.82649616546301
1986-06-05,82.97730124949378
1986-06-06,80.37015462591117
1986-06-07,76.38457983908162
1986-06-08,73.10622367007514
1986-06-09,72.14225858025108
1986-06-10,80.09976633509945
1986-06-11,77.53978560621401
1986-06-12,72.97077765028797
1986-06-13,76.04462219194339
1986-06-14,81.41985473193394
1986-06-15,79.63376463086077
1986-06-16,85.44144614915182
1986-06-17,80.02220853581713
1986-06-18,75.36576571921121
1986-06-19,71.25072609425621
1986-06-20,68.72716626029293
1986-06-21,67.36589684153392
1986-06-22,66.49942647166351
1986-06-23,66.04919249038201
1986-06-24,64.47916297555571
1986-06-25,60.36995460285052
1986-06-26,57.483865275152986
1986-06-27,55.45400823012282
1986-06-28,54.06492347799677
1986-06-29,53.1037397281655
1986-06-30,52.40799870775962
1986-07-01,51.623294882503146
1986-07-02,51.05885388543917
1986-07-03,50.72085709705723
1986-07-04,50.49754962962338
1986-07-05,50.34867200858306
1986-07-06,50.25198353272364
1986-07-07,50.18810059648352
1986-07-08,50.1506286137734
1986-07-09,50.16499230842783
1986-07-10,50.12371637222146
1986-07-11,50.101086346686
1986-07-12,50.08850598592737
1986-07-13,50.0811007385034
1986-07-14,50.0399228803883
1986-07-15,48.45830714402222
1986-07-16,43.01275437027538
1986-07-17,44.59181867013139
1986-07-18,55.47549893274162
1986-07-19,80.34266657104929
1986-07-20,77.8378953707141
1986-07-21,70.86787879235285
1986-07-22,64.0688567961438
1986-07-23,59.24891428607586
1986-07-24,55.86439157133054
1986-07-25,53.56578737372886
1986-07-26,52.01971088406676
1986-07-27,51.10223568833243
1986-07-28,50.58620572072983
1986-07-29,59.19393782481775
1986-07-30,61.15906051734611
1986-07-31,56.54393793027807
1986-08-01,53.597872443642
1986-08-02,51.93795769775918
1986-08-03,51.05794569637554
1986-08-04,50.542722148634354
1986-08-05,49.6926872412707
1986-08-06,43.41173516665541
1986-08-07,33.51370439192989
1986-08-08,27.43292847119105
1986-08-09,22.061674421515026
1986-08-10,18.92557771159557
1986-08-11,18.32695597242845
1986-08-12,17.469787026412885
1986-08-13,32.1415010236681
1986-08-14,91.05989442719584
1986-08-15,92.51051474475793
1986-08-16,84.914368159141
1986-08-17,78.85999528240865
1986-08-18,75.53950877289192
1986-08-19,71.01699317179626
1986-08-20,66.45476244712923
1986-08-21,67.74064426408387
1986-08-22,66.24727789354975
1986-08-23,59.11588207709008
1986-08-24,55.43265040749865
1986-08-25,52.72523176661491
1986-08-26,47.57051392919816
1986-08-27,31.778126441290947
1986-08-28,22.214622634876708
1986-08-29,16.615988767773576
1986-08-30,11.934011724374548
1986-08-31,9.892589374100073
1986-09-01,8.43270911373965
1986-09-02,7.894957133898037
1986-09-03,8.02331094762419
1986-09-04,7.562692640838732
1986-09-05,7.381741550519706
1986-09-06,7.3319124313804895
1986-09-07,7.314950897678186
1986-09-08,7.310334548236141
1986-09-09,7.154805369476692
1986-09-10,6.134634678444474
1986-09-11,5.099411812679985
1986-09-12,4.524311414461842
1986-09-13,5.398854419771418
1986-09-14,5.931855588271688
1986-09-15,5.681156913696904
1986-09-16,32.5068018386654
1986-09-17,39.1630734580296
1986-09-18,24.93659286553951
1986-09-19,15.72074759409872
1986-09-20,10.406046461595569
1986-09-21,12.94945498110151
1986-09-22,7.183919973902087
1986-09-23,5.988462114437094
1986-09-24,20.98468575638948
1986-09-25,15.675832574019076
1986-09-26,10.385779274376798
1986-09-27,25.952616857057684
1986-09-28,30.28914018909737
1986-09-29,16.79854303062005
1986-09-30,8.392137652425305
1986-10-01,5.409617699334053
1986-10-02,4.276812054254409
1986-10-03,3.985410444508189
1986-10-04,3.910555944586933
1986-10-05,3.882074277807775
1986-10-06,3.88456876574874
1986-10-07,3.88158283274838
1986-10-08,16.799026741923143
1986-10-09,21.247350661165854
1986-10-10,9.288296506591973
1986-10-11,5.400639511339093
1986-10-12,4.1746788381929445
1986-10-13,3.9271003827506297
1986-10-14,3.880445443270788
1986-10-15,3.8716092751642366
1986-10-16,3.872043595887328
1986-10-17,3.84093649461168
1986-10-18,6.5368713862266015
1986-10-19,28.635580481686468
1986-10-20,15.804696464126618
1986-10-21,7.355958788921886
1986-10-22,2.753415156474981
1986-10-23,0.889424861636069
1986-10-24,0.2829639058562815
1986-10-25,0.0894335093817494
1986-10-26,0.0256356444609431
1986-10-27,0.0067846134809215
1986-10-28,0.001898285637149
1986-10-29,0.0017334160142188
1986-10-30,2.233560319080723
1986-10-31,8.304823368036805
1986-11-01,10.61271510388544
1986-11-02,5.580877865708243
1986-11-03,2.279474751394888
1986-11-04,0.8847661523015659
1986-11-05,0.4150325591140207
1986-11-06,0.0784443689817314
1986-11-07,0.009215473699604
1986-11-08,0.001909534737221
1986-11-09,0.0001406137508999
1986-11-10,0.0
1986-11-11,0.0
1986-11-12,0.0
1986-11-13,0.0
1986-11-14,0.0006942803950683
1986-11-15,0.0003998703541216
1986-11-16,8.7883594312455e-05
1986-11-17,0.0009095952011339
1986-11-18,0.0082244982901367
1986-11-19,0.0245305961460583
1986-11-20,0.0129102757716882
1986-11-21,0.0013929549698524
1986-11-22,0.000325169298956
1986-11-23,0.0003735052758279
1986-11-24,0.0097705464812814
1986-11-25,0.0021619364200863
1986-11-26,0.0020188619285457
1986-11-27,1.554056495792837
1986-11-28,7.283197500449963
1986-11-29,1.683438196038067
1986-11-30,0.2578065239155867
1986-12-01,0.0453902945576853
1986-12-02,0.0130749696274298
1986-12-03,0.0009101225026997
1986-12-04,0.0
1986-12-05,0.0
1986-12-06,0.0
1986-12-07,0.0
1986-12-08,0.0
1986-12-09,0.0
1986-12-10,0.0
1986-12-11,0.0
1986-12-12,0.0
1986-12-13,0.0
1986-12-14,0.0
1986-12-15,0.0
1986-12-16,0.0
1986-12-17,0.0
1986-12-18,0.0
1986-12-19,3.075925800935925e-05
1986-12-20,0.0
1986-12-21,0.0
1986-12-22,0.0
1986-12-23,0.0
1986-12-24,0.0
1986-12-25,0.0
1986-12-26,0.0
1986-12-27,0.0
1986-12-28,0.0
1986-12-29,0.0
1986-12-30,0.0
1986-12-31,0.0
1987-01-01,0.0
1987-01-02,0.0
1987-01-03,0.0
1987-01-04,0.0
1987-01-05,0.0
1987-01-06,0.0019554099734521
1987-01-07,0.0035548913899388
1987-01-08,0.000896412661987
1987-01-09,0.0001581904697624
1987-01-10,0.0
1987-01-11,0.0
1987-01-12,0.0
1987-01-13,0.0
1987-01-14,0.0
1987-01-15,0.0
1987-01-16,0.0
1987-01-17,0.0
1987-01-18,0.0
1987-01-19,0.0
1987-01-20,0.0
1987-01-21,0.0
1987-01-22,0.0
1987-01-23,0.0
1987-01-24,0.0
1987-01-25,0.0
1987-01-26,0.0
1987-01-27,0.0
1987-01-28,0.0
1987-01-29,0.0
1987-01-30,0.0
1987-01-31,0.0
1987-02-01,0.0
1987-02-02,0.0
1987-02-03,0.0
1987-02-04,0.0
1987-02-05,0.0
1987-02-06,0.0
1987-02-07,0.0
1987-02-08,0.0
1987-02-09,0.0
1987-02-10,0.0
1987-02-11,0.0
1987-02-12,0.0
1987-02-13,0.0
1987-02-14,0.0
1987-02-15,0.0
1987-02-16,0.0
1987-02-17,0.0
1987-02-18,0.0
1987-02-19,0.0001362195711843
1987-02-20,0.0025925660322174
1987-02-21,0.0056992510911627
1987-02-22,0.0019773808720302
1987-02-23,0.0005712433630309
1987-02-24,9.227777402807774e-05
1987-02-25,0.0
1987-02-26,0.0
1987-02-27,0.0
1987-02-28,0.0
1987-03-01,0.0
1987-03-02,0.0
1987-03-03,0.0
1987-03-04,0.0
1987-03-05,0.0
1987-03-06,0.0
1987-03-07,0.0
1987-03-08,0.0
1987-03-09,0.0
1987-03-10,0.0
1987-03-11,0.0
1987-03-12,0.0
1987-03-13,0.0
1987-03-14,6.591269573434125e-05
1987-03-15,6.15185160187185e-05
1987-03-16,0.0
1987-03-17,0.0
1987-03-18,0.0
1987-03-19,0.0
1987-03-20,0.0
1987-03-21,0.0
1987-03-22,0.0384647157914866
1987-03-23,0.1078437162526997
1987-03-24,0.2409615238593412
1987-03-25,1.5241678126687366
1987-03-26,0.9072965178410726
1987-03-27,0.3242495092580093
1987-03-28,0.1017351033792296
1987-03-29,0.0500252753217242
1987-03-30,0.054779777774028
1987-03-31,0.0643747328338732
1987-04-01,0.0520952855021598
1987-04-02,0.011534545986321
1987-04-03,0.0018098747412706
1987-04-04,9.227777402807774e-05
1987-04-05,0.0
1987-04-06,0.0
1987-04-07,0.0
1987-04-08,0.0
1987-04-09,0.0
1987-04-10,4.394179715622749e-06
1987-04-11,0.0005756375427465
1987-04-12,0.0005888200818934
1987-04-13,0.0005316957455903
1987-04-14,0.0003471401975341
1987-04-15,0.0467519629679625
1987-04-16,0.1589209581983441
1987-04-17,0.0782891665541756
1987-04-18,0.0340341522678185
1987-04-19,0.0133315897228221
1987-04-20,0.0044161506142008
1987-04-21,0.0015511454396148
1987-04-22,0.0007953465285277
1987-04-23,0.0002504682437904
1987-04-24,7.90952348812095e-05
1987-04-25,0.0
1987-04-26,0.0
1987-04-27,8.788359431245498e-06
1987-04-28,0.0011556692652087
1987-04-29,0.0008436825053995
1987-04-30,0.3261769722484701
1987-05-01,7.029187020507107
1987-05-02,5.089591172549945
1987-05-03,4.847607914023128
1987-05-04,6.462039384505489
1987-05-05,16.818763463766647
1987-05-06,72.42934510551656
1987-05-07,83.14772810362672
1987-05-08,81.65395131670716
1987-05-09,75.28102326032668
1987-05-10,66.63719894595931
1987-05-11,59.825973961145614
1987-05-12,55.43956297949288
1987-05-13,50.67692268212292
1987-05-14,41.63343700082118
1987-05-15,32.967302381434486
1987-05-16,25.363133078259985
1987-05-17,72.18973030985646
1987-05-18,89.28829984616856
1987-05-19,92.53303878267864
1987-05-20,93.26037536137731
1987-05-21,90.03511037476376
1987-05-22,85.61080802988886
1987-05-23,81.5327473606799
1987-05-24,77.95670977181202
1987-05-25,74.35764703276863
1987-05-26,74.26782507790003
1987-05-27,74.05939524838014
1987-05-28,71.98829882671886
1987-05-29,69.15439196504904
1987-05-30,67.13529538730651
1987-05-31,61.12797855077844
1987-06-01,56.40042859071275
1987-06-02,55.02544862817224
1987-06-03,68.84759508301836
1987-06-04,69.77346456814705
1987-06-05,63.22693916908521
1987-06-06,59.42581499730021
1987-06-07,56.69245083440199
1987-06-08,54.23337119358576
1987-06-09,52.33165001096787
1987-06-10,51.23538917667837
1987-06-11,50.69241761440336
1987-06-12,50.68000352940514
1987-06-13,52.74352596714137
1987-06-14,52.14970056301746
1987-06-15,51.53208682758504
1987-06-16,51.05355380163337
1987-06-17,50.626653090409015
1987-06-18,50.37285230072219
1987-06-19,50.22904345386744
1987-06-20,50.14695349762645
1987-06-21,49.54045580650424
1987-06-22,43.79184120348497
1987-06-23,33.41067406013768
1987-06-24,25.220083369892908
1987-06-25,19.053353251271147
1987-06-26,14.781595734060025
1987-06-27,12.23943779810115
1987-06-28,27.816197790114288
1987-06-29,31.776132538303187
1987-06-30,26.166544684237756
1987-07-01,21.586061415867977
1987-07-02,26.064897112918462
1987-07-03,27.4368201325144
1987-07-04,22.74160834711348
1987-07-05,17.401206712056783
1987-07-06,13.42964654624505
1987-07-07,11.295090084199511
1987-07-08,9.992386292690334
1987-07-09,10.72307299400423
1987-07-10,32.16314130416441
1987-07-11,83.72669889533837
1987-07-12,97.45956598862716
1987-07-13,95.89700482164552
1987-07-14,93.8909524542724
1987-07-15,94.23902316330316
1987-07-16,98.3560498363256
1987-07-17,99.21624426295897
1987-07-18,98.70884780389444
1987-07-19,98.14943462726106
1987-07-20,97.44292171470032
1987-07-21,96.65281884871088
1987-07-22,96.24055919276458
1987-07-23,95.75928578057506
1987-07-24,97.44851163860017
1987-07-25,100.0
1987-07-26,100.0
1987-07-27,100.0
1987-07-28,100.0
1987-07-29,100.0
1987-07-30,100.0
1987-07-31,100.0
1987-08-01,100.0
1987-08-02,99.94339892261743
1987-08-03,99.19198839092871
1987-08-04,98.36047284186016
1987-08-05,97.81558893257288
1987-08-06,97.11404847377835
1987-08-07,96.62245471534152
1987-08-08,96.37888937634987
1987-08-09,96.19926251602998
1987-08-10,96.29392105662797
1987-08-11,97.21058684445867
1987-08-12,98.63677148015658
1987-08-13,98.5892057151053
1987-08-14,98.61985300941552
1987-08-15,98.35724681088014
1987-08-16,97.41035820649972
1987-08-17,96.8232205681358
1987-08-18,96.41175608295086
1987-08-19,96.19249512773352
1987-08-20,96.07375050620948
1987-08-21,95.66713297701808
1987-08-22,93.03305178945058
1987-08-23,90.4457216860151
1987-08-24,89.41615905102593
1987-08-25,88.80962198805345
1987-08-26,88.55504711966792
1987-08-27,88.49793614167116
1987-08-28,88.72798357772004
1987-08-29,88.79112319451944
1987-08-30,88.54551878037257
1987-08-31,88.46544592838823
1987-09-01,88.47710720251754
1987-09-02,89.11713037566369
1987-09-03,87.0683748425126
1987-09-04,84.63452904236411
1987-09-05,83.16001212090532
1987-09-06,79.64385032791127
1987-09-07,75.32273386879051
1987-09-08,73.49100318068304
1987-09-09,73.71622299512914
1987-09-10,71.95760969981775
1987-09-11,69.76322261406588
1987-09-12,68.36662592383234
1987-09-13,67.68674209188265
1987-09-14,67.45819975026997
1987-09-15,67.59352800604077
1987-09-16,66.84797579474893
1987-09-17,66.26680281593097
1987-09-18,65.71103891766784
1987-09-19,65.37503216539552
1987-09-20,65.20290792752205
1987-09-21,65.1168707675261
1987-09-22,65.08017110584278
1987-09-23,64.76127669552059
1987-09-24,61.59139999268808
1987-09-25,57.36093352766154
1987-09-26,55.25768506878825
1987-09-27,53.32548304338778
1987-09-28,52.27160319361951
1987-09-29,51.72031907369285
1987-09-30,52.18745412476377
1987-10-01,51.40175088727277
1987-10-02,50.51996012194024
1987-10-03,50.48448292105381
1987-10-04,50.24183772329463
1987-10-05,50.11280333901412
1987-10-06,50.08164210144439
1987-10-07,50.073664028752695
1987-10-08,50.07092276367891
1987-10-09,50.08470132936239
1987-10-10,51.64403119234836
1987-10-11,57.40051172859297
1987-10-12,55.09897661312095
1987-10-13,51.14865457247795
1987-10-14,51.9962280361321
1987-10-15,53.9333819505377
1987-10-16,41.04495878610961
1987-10-17,28.29072736681065
1987-10-18,21.023858286649567
1987-10-19,14.482523116900646
1987-10-20,10.233352034962204
1987-10-21,8.452974367519346
1987-10-22,7.694254557291665
1987-10-23,7.187443402965262
1987-10-24,5.942040418016559
1987-10-25,6.099734872772677
1987-10-26,9.79747278420851
1987-10-27,5.230562433911537
1987-10-28,4.182640388768898
1987-10-29,3.938667269899658
1987-10-30,3.886552650006749
1987-10-31,3.875422192787077
1987-11-01,3.87456023049406
1987-11-02,3.8702744991338185
1987-11-03,3.869852833648308
1987-11-04,4.035060984183765
1987-11-05,4.621479383211843
1987-11-06,4.692457337787976
1987-11-07,4.158070948074153
1987-11-08,3.9734459719784914
1987-11-09,3.894784882053185
1987-11-10,3.872857749505039
1987-11-11,3.869981495230381
1987-11-12,3.8692334300755937
1987-11-13,3.8692334300755937
1987-11-14,3.8692334300755937
1987-11-15,3.8692334300755937
1987-11-16,3.8692334300755937
1987-11-17,3.339840234656227
1987-11-18,1.4174393392278617
1987-11-19,0.4755908589812815
1987-11-20,0.1356131743835493
1987-11-21,0.0361069747232721
1987-11-22,0.0099747879544636
1987-11-23,0.0351766389938804
1987-11-24,0.0117788623785097
1987-11-25,0.0006679153167746
1987-11-26,5.712433630309575e-05
1987-11-27,0.0
1987-11-28,0.0
1987-11-29,4.833597687185025e-05
1987-11-30,6.15185160187185e-05
1987-12-01,0.0
1987-12-02,0.0
1987-12-03,0.0002548624235061
1987-12-04,0.0001669788291936
1987-12-05,7.470105516558675e-05
1987-12-06,0.0146106475544456
1987-12-07,0.0531251054603131
1987-12-08,0.0157703594649928
1987-12-09,0.0028592048573614
1987-12-10,0.0012655237580993
1987-12-11,0.0012368737063534
1987-12-12,7.030687544996399e-05
1987-12-13,0.0117298233328833
1987-12-14,0.0627692753329733
1987-12-15,0.0175427957950863
1987-12-16,0.0043062961213102
1987-12-17,0.0010194496940244
1987-12-18,0.0001581904697624
1987-12-19,0.0
1987-12-20,0.0
1987-12-21,0.0
1987-12-22,0.0
1987-12-23,0.0
1987-12-24,0.0
1987-12-25,0.0
1987-12-26,0.0
1987-12-27,0.0
1987-12-28,1.7576718862490997e-05
1987-12-29,0.0004174470729841
1987-12-30,8.348941459683225e-05
1987-12-31,1.7576718862490997e-05
1988-01-01,5.2730156587472994e-05
1988-01-02,0.0050348511181605
1988-01-03,0.0006327618790496
1988-01-04,7.90952348812095e-05
1988-01-05,0.0
1988-01-06,0.0
1988-01-07,0.0
1988-01-08,0.0
1988-01-09,2.197089857811375e-05
1988-01-10,0.0
1988-01-11,0.0
1988-01-12,2.6365078293736497e-05
1988-01-13,0.0
1988-01-14,0.0
1988-01-15,0.0
1988-01-16,0.0
1988-01-17,0.0
1988-01-18,0.0
1988-01-19,0.0
1988-01-20,0.0
1988-01-21,0.0
1988-01-22,0.0
1988-01-23,0.0
1988-01-24,8.788359431245498e-06
1988-01-25,0.0
1988-01-26,0.0
1988-01-27,0.0
1988-01-28,0.0
1988-01-29,0.0
1988-01-30,0.0004833597687185
1988-01-31,0.000325169298956
1988-02-01,7.470105516558675e-05
1988-02-02,0.0
1988-02-03,0.0
1988-02-04,0.0
1988-02-05,0.0
1988-02-06,0.0
1988-02-07,0.00090625562455
1988-02-08,0.0096190351646868
1988-02-09,0.0021004179040676
1988-02-10,0.0006854920356371
1988-02-11,0.0079844003104751
1988-02-12,0.0118424901007919
1988-02-13,0.0018191904022678
1988-02-14,0.000232891524928
1988-02-15,0.0
1988-02-16,0.0
1988-02-17,0.0
1988-02-18,0.0
1988-02-19,0.0
1988-02-20,0.0
1988-02-21,0.0
1988-02-22,0.0
1988-02-23,0.0
1988-02-24,0.0
1988-02-25,0.0
1988-02-26,0.0
1988-02-27,0.0001581904697624
1988-02-28,8.7883594312455e-05
1988-02-29,0.0
1988-03-01,0.0
1988-03-02,0.0
1988-03-03,0.0
1988-03-04,0.0
1988-03-05,0.0
1988-03-06,0.0
1988-03-07,0.0
1988-03-08,0.0
1988-03-09,0.0
1988-03-10,0.0014940211033117
1988-03-11,0.0020213226691864
1988-03-12,0.0006723094964902
1988-03-13,0.0001713730089092
1988-03-14,6.15185160187185e-05
1988-03-15,0.0
1988-03-16,0.0
1988-03-17,0.0
1988-03-18,0.0
1988-03-19,0.0
1988-03-20,0.0
1988-03-21,0.0
1988-03-22,0.0
1988-03-23,0.0001581904697624
1988-03-24,8.348941459683225e-05
1988-03-25,0.0
1988-03-26,0.0
1988-03-27,0.0
1988-03-28,0.0
1988-03-29,0.0
1988-03-30,0.0
1988-03-31,0.0
1988-04-01,0.0
1988-04-02,0.0
1988-04-03,0.0
1988-04-04,0.0
1988-04-05,0.0
1988-04-06,0.0
1988-04-07,0.0
1988-04-08,0.0
1988-04-09,0.0
1988-04-10,0.0
1988-04-11,0.0
1988-04-12,0.0052027087832973
1988-04-13,0.0029133411514578
1988-04-14,0.0013665898915586
1988-04-15,0.0120676478694204
1988-04-16,0.0085122291779157
1988-04-17,0.0035109495927825
1988-04-18,0.001559933799046
1988-04-19,0.0009755078968682
1988-04-20,0.0006810978559215
1988-04-21,0.1374527537796976
1988-04-22,0.2380207630264578
1988-04-23,0.1239859990888228
1988-04-24,0.0623193113300935
1988-04-25,0.0308082970549856
1988-04-26,0.0148159436307595
1988-04-27,0.0061439420783837
1988-04-28,0.0021127216072714
1988-04-29,0.001036499111321
1988-04-30,0.0
1988-05-01,0.0
1988-05-02,0.0
1988-05-03,0.0
1988-05-04,4.39417971562275e-05
1988-05-05,0.000197738087203
1988-05-06,0.0018829938917386
1988-05-07,0.0018093474397048
1988-05-08,0.0006898862153527
1988-05-09,2.3046122716432684
1988-05-10,2.457371886811555
1988-05-11,2.7730008943034554
1988-05-12,5.002802959357001
1988-05-13,2.954399663651908
1988-05-14,1.606725485398668
1988-05-15,0.8045294852974261
1988-05-16,0.3722754328091253
1988-05-17,0.1538068360781137
1988-05-18,0.0563460391918646
1988-05-19,0.0238166298258639
1988-05-20,0.0125429223474622
1988-05-21,0.0987639348227141
1988-05-22,5.041325151019168
1988-05-23,12.01169308799046
1988-05-24,6.394868195700594
1988-05-25,3.2945446786132107
1988-05-26,1.6788998872277716
1988-05-27,0.8792453049068574
1988-05-28,0.4897698223204643
1988-05-29,0.4340568965420266
1988-05-30,0.8326256946319295
1988-05-31,0.5193507370972822
1988-06-01,0.3249747246782757
1988-06-02,0.2086184277132829
1988-06-03,0.1428213867890568
1988-06-04,0.0697871318732001
1988-06-05,0.0305112505062095
1988-06-06,0.014579536762059
1988-06-07,0.0091200321161807
1988-06-08,0.0126900394843412
1988-06-09,0.0082299470729841
1988-06-10,0.0039359546548776
1988-06-11,0.0017808731551475
1988-06-12,0.0005536666441684
1988-06-13,0.0002680449626529
1988-06-14,0.0001054603131749
1988-06-15,0.0001054603131749
1988-06-16,4.665394112221021
1988-06-17,72.85981230876529
1988-06-18,90.62948839092871
1988-06-19,94.30007519320328
1988-06-20,91.9927343117238
1988-06-21,87.27934134409871
1988-06-22,81.05120941887148
1988-06-23,74.49324755191459
1988-06-24,67.84927735078068
1988-06-25,62.43753480190335
1988-06-26,58.48034008841792
1988-06-27,55.73041830481686
1988-06-28,52.78671548073029
1988-06-29,44.44713520574605
1988-06-30,32.85281589582208
1988-07-01,25.155445689344848
1988-07-02,21.54061575464588
1988-07-03,41.54895415007424
1988-07-04,62.12366469666801
1988-07-05,69.55724684603356
1988-07-06,68.0057572542634
1988-07-07,65.2055261555638
1988-07-08,60.501421956555966
1988-07-09,52.59420400664822
1988-07-10,43.31715624859386
1988-07-11,32.986889701167655
1988-07-12,23.23478893172921
1988-07-13,15.897187795288875
1988-07-14,10.763242475758188
1988-07-15,6.257603864347102
1988-07-16,3.8025821606146506
1988-07-17,6.195374194283208
1988-07-18,5.397735134314254
1988-07-19,3.3245447981348986
1988-07-20,2.1705718620635346
1988-07-21,1.3606663615348271
1988-07-22,0.8228105032847373
1988-07-23,0.4876092920378869
1988-07-24,0.2643392630152087
1988-07-25,0.1295729349464542
1988-07-26,0.0640094886159107
1988-07-27,2.64375664399973
1988-07-28,20.82760226838103
1988-07-29,56.2518047774928
1988-07-30,69.41480019489066
1988-07-31,65.07315957692133
1988-08-01,59.66112332107181
1988-08-02,56.23352692331488
1988-08-03,51.16291227951762
1988-08-04,41.91116075948299
1988-08-05,32.47827746045941
1988-08-06,21.81966901632244
1988-08-07,14.666597062859973
1988-08-08,10.962921911559574
1988-08-09,8.099281920727591
1988-08-10,5.566710503003509
1988-08-11,4.141795609476241
1988-08-12,3.294741362097281
1988-08-13,12.372555254173417
1988-08-14,62.2265222493138
1988-08-15,76.93422457843998
1988-08-16,68.13860051352141
1988-08-17,57.506223213080446
1988-08-18,48.44760186763183
1988-08-19,68.52257940458512
1988-08-20,62.75108887773352
1988-08-21,52.64351865522634
1988-08-22,35.63038392475476
1988-08-23,24.01912487625989
1988-08-24,18.174672159039776
1988-08-25,12.051373936960044
1988-08-26,9.095640551880848
1988-08-27,7.382210145844581
1988-08-28,6.208533356393987
1988-08-29,5.217704712529246
1988-08-30,4.554378149748019
1988-08-31,4.18506878824694
1988-09-01,3.587052742811824
1988-09-02,1.968501113660907
1988-09-03,1.0768469967715082
1988-09-04,0.4884288944384449
1988-09-05,4.703136073332883
1988-09-06,1.9700700115865728
1988-09-07,0.7091710397543196
1988-09-08,0.369658435137689
1988-09-09,0.4672879685250179
1988-09-10,0.2103847121917746
1988-09-11,0.3006647163539416
1988-09-12,1.121779769337203
1988-09-13,3.746594159186015
1988-09-14,2.9900067564907307
1988-09-15,0.954810080037347
1988-09-16,5.958897546008818
1988-09-17,28.91856583113976
1988-09-18,21.787708389578828
1988-09-19,12.10083640574379
1988-09-20,10.659837232552643
1988-09-21,33.048183059417745
1988-09-22,71.72229663033207
1988-09-23,69.51683462979211
1988-09-24,56.84103843958109
1988-09-25,37.659962378790944
1988-09-26,24.063508024826763
1988-09-27,14.78763720386744
1988-09-28,5.361362926903347
1988-09-29,1.5583714045063894
1988-09-30,0.4029171025692944
1988-10-01,0.108194547561195
1988-10-02,0.0580929892796076
1988-10-03,0.0404656494667926
1988-10-04,0.0105201935407667
1988-10-05,0.0021085031947444
1988-10-06,0.0003119867598092
1988-10-07,7.470105516558675e-05
1988-10-08,0.0004838870702843
1988-10-09,0.0003441521553275
1988-10-10,0.0
1988-10-11,0.0
1988-10-12,0.0
1988-10-13,0.0
1988-10-14,0.0
1988-10-15,5.712433630309575e-05
1988-10-16,0.0051049822264218
1988-10-17,0.0099445559980201
1988-10-18,0.0079840487760979
1988-10-19,0.0046058034107271
1988-10-20,0.0035998877902267
1988-10-21,0.0010370264128869
1988-10-22,0.0004921481281497
1988-10-23,0.0003910819946904
1988-10-24,0.0388724956690964
1988-10-25,0.3605521128622209
1988-10-26,0.1687090813984881
1988-10-27,0.0517330293264038
1988-10-28,0.0115312064097372
1988-10-29,0.0023885003262239
1988-10-30,0.0019058436262598
1988-10-31,0.0005360899253059
1988-11-01,6.591269573434125e-05
1988-11-02,0.0
1988-11-03,0.0
1988-11-04,0.0230747165226781
1988-11-05,0.0040734045963822
1988-11-06,0.0007777698096652
1988-11-07,8.348941459683225e-05
1988-11-08,0.0
1988-11-09,0.0
1988-11-10,0.0
1988-11-11,0.0034427519235961
1988-11-12,0.0028825818934485
1988-11-13,0.0006195793399028
1988-11-14,7.90952348812095e-05
1988-11-15,0.0
1988-11-16,0.0
1988-11-17,0.0
1988-11-18,0.0
1988-11-19,0.0001581904697624
1988-11-20,15.64232853559215
1988-11-21,25.446460962810477
1988-11-22,7.47137912560745
1988-11-23,1.4855368211168107
1988-11-24,0.2198664731821454
1988-11-25,0.0323879167791576
1988-11-26,0.0032662816662167
1988-11-27,0.0001494021103311
1988-11-28,2.197089857811375e-05
1988-11-29,0.0048905462562994
1988-11-30,0.0326100865055795
1988-12-01,0.0049924912257019
1988-12-02,0.0006591269573434
1988-12-03,6.15185160187185e-05
1988-12-04,0.0012714998425125
1988-12-05,0.019967504162167
1988-12-06,1.1917894224712022
1988-12-07,0.5955630385506658
1988-12-08,0.0927708009921706
1988-12-09,0.0125845791711663
1988-12-10,0.0011793978356731
1988-12-11,5.712433630309575e-05
1988-12-12,7.030687544996399e-05
1988-12-13,7.90952348812095e-05
1988-12-14,0.0
1988-12-15,0.0
1988-12-16,0.0
1988-12-17,0.0007601930908027
1988-12-18,0.0004745714092872
1988-12-19,7.90952348812095e-05
1988-12-20,0.0
1988-12-21,0.0
1988-12-22,0.0
1988-12-23,0.0
1988-12-24,0.0
1988-12-25,0.0
1988-12-26,0.0
1988-12-27,0.0
1988-12-28,0.0001098544928905
1988-12-29,0.0005624550035997
1988-12-30,7.90952348812095e-05
1988-12-31,0.0
1989-01-01,0.0
1989-01-02,0.0
1989-01-03,0.0
1989-01-04,0.0
1989-01-05,0.0
1989-01-06,0.0
1989-01-07,0.0
1989-01-08,0.0
1989-01-09,0.0001494021103311
1989-01-10,0.0021619364200863
1989-01-11,0.000558060823884
1989-01-12,7.90952348812095e-05
1989-01-13,0.0
1989-01-14,0.0
1989-01-15,0.0
1989-01-16,0.0
1989-01-17,0.0
1989-01-18,0.0002197089857811
1989-01-19,0.0003559285569654
1989-01-20,0.0002416798843592
1989-01-21,7.030687544996399e-05
1989-01-22,0.0
1989-01-23,0.0001669788291936
1989-01-24,8.7883594312455e-05
1989-01-25,0.0
1989-01-26,0.0
1989-01-27,0.0
1989-01-28,0.0001450079306155
1989-01-29,7.470105516558675e-05
1989-01-30,0.0
1989-01-31,0.0
1989-02-01,0.0
1989-02-02,0.0
1989-02-03,0.0
1989-02-04,0.0
1989-02-05,0.0
1989-02-06,0.0
1989-02-07,0.0
1989-02-08,0.0
1989-02-09,0.0
1989-02-10,0.0
1989-02-11,0.0
1989-02-12,0.0
1989-02-13,0.0
1989-02-14,0.0
1989-02-15,0.0
1989-02-16,0.0
1989-02-17,0.0
1989-02-18,0.0
1989-02-19,0.0
1989-02-20,0.0
1989-02-21,0.0
1989-02-22,0.0
1989-02-23,0.0
1989-02-24,0.0
1989-02-25,0.0
1989-02-26,0.0
1989-02-27,0.0
1989-02-28,0.0
1989-03-01,0.0
1989-03-02,0.0
1989-03-03,0.0
1989-03-04,7.030687544996399e-05
1989-03-05,0.0
1989-03-06,0.0
1989-03-07,0.0
1989-03-08,0.0
1989-03-09,0.016294145687095
1989-03-10,0.0176772576943844
1989-03-11,0.0074384674226061
1989-03-12,0.001792825323974
1989-03-13,0.000325169298956
1989-03-14,7.030687544996399e-05
1989-03-15,0.0
1989-03-16,9.227777402807774e-05
1989-03-17,0.0001054603131749
1989-03-18,7.90952348812095e-05
1989-03-19,0.0
1989-03-20,0.0
1989-03-21,3.075925800935925e-05
1989-03-22,0.0
1989-03-23,0.0
1989-03-24,0.0
1989-03-25,0.0
1989-03-26,0.0
1989-03-27,0.0
1989-03-28,0.0002768333220842
1989-03-29,0.0004394179715622
1989-03-30,0.0002548624235061
1989-03-31,9.227777402807774e-05
1989-04-01,0.0
1989-04-02,0.0
1989-04-03,0.0
1989-04-04,0.0
1989-04-05,0.0
1989-04-06,0.0
1989-04-07,0.0
1989-04-08,0.0
1989-04-09,0.0301743048056155
1989-04-10,0.1118186912234521
1989-04-11,0.0645898718727501
1989-04-12,0.0331198113525917
1989-04-13,0.0151549985376169
1989-04-14,0.0066656190942224
1989-04-15,0.0026409020090892
1989-04-16,0.001595087236771
1989-04-17,0.0006020026210403
1989-04-18,0.0001757671886249
1989-04-19,7.470105516558675e-05
1989-04-20,0.0
1989-04-21,0.0
1989-04-22,0.0
1989-04-23,0.0
1989-04-24,0.0
1989-04-25,0.0
1989-04-26,0.0
1989-04-27,0.0
1989-04-28,0.1213053736951043
1989-04-29,12.72246800334098
1989-04-30,63.25904410069069
1989-05-01,60.59239096809755
1989-05-02,53.110760221213546
1989-05-03,77.07531026424137
1989-05-04,90.20437646238302
1989-05-05,89.762373834312
1989-05-06,84.5512726950594
1989-05-07,78.41508423466748
1989-05-08,73.30063887857722
1989-05-09,67.49389507823749
1989-05-10,60.146697229065424
1989-05-11,55.54141233154472
1989-05-12,52.8438951836978
1989-05-13,51.49451377874146
1989-05-14,58.21206750725568
1989-05-15,64.18643783887914
1989-05-16,58.64964537212022
1989-05-17,54.705615445295614
1989-05-18,52.469362372885165
1989-05-19,51.28595177229571
1989-05-20,50.66291298258639
1989-05-21,48.76065694041351
1989-05-22,38.97039377474802
1989-05-23,28.85615459357001
1989-05-24,22.870035807291668
1989-05-25,19.043473201831357
1989-05-26,16.64791617451854
1989-05-27,14.85776163297561
1989-05-28,11.915557751473631
1989-05-29,9.764612756760709
1989-05-30,7.717993673787345
1989-05-31,6.340716961393088
1989-06-01,5.699785071881748
1989-06-02,5.301387295266378
1989-06-03,4.733190504915856
1989-06-04,4.378393185576404
1989-06-05,4.153558828574964
1989-06-06,4.032201427792026
1989-06-07,4.018299649309305
1989-06-08,4.258630168961483
1989-06-09,4.115753063973632
1989-06-10,3.989862451628869
1989-06-11,3.9293656702776274
1989-06-12,3.8988222543759
1989-06-13,3.8858768251664864
1989-06-14,3.9152213330746033
1989-06-15,3.890365391862401
1989-06-16,3.879472396114561
1989-06-17,3.874218187544996
1989-06-18,3.871630894528437
1989-06-19,3.870300688444924
1989-06-20,4.047903765355021
1989-06-21,5.432549692899567
1989-06-22,4.568125077337562
1989-06-23,3.5312299625404964
1989-06-24,2.7881696026817844
1989-06-25,2.1951428846629764
1989-06-26,7.99150868711753
1989-06-27,18.53642862867845
1989-06-28,13.6184746431223
1989-06-29,8.735151187904966
1989-06-30,6.503277530766288
1989-07-01,5.012785305300575
1989-07-02,3.928212989054625
1989-07-03,2.903322070171886
1989-07-04,1.9363295662909463
1989-07-05,1.2705955203271235
1989-07-06,0.7998512658049854
1989-07-07,0.5418941094087472
1989-07-08,0.3791586516828653
1989-07-09,0.2375576164844312
1989-07-10,4.73159348424001
1989-07-11,10.744748252171076
1989-07-12,5.645789567303366
1989-07-13,2.8573441859026274
1989-07-14,1.3801970842332614
1989-07-15,0.6489308784984701
1989-07-16,0.2965925421278796
1989-07-17,0.1399852074334053
1989-07-18,0.0796534714722822
1989-07-19,1.6720922482451404
1989-07-20,7.944585702675035
1989-07-21,4.157408305773037
1989-07-22,2.675254827270068
1989-07-23,46.93970587821724
1989-07-24,78.26479344543061
1989-07-25,78.36120526373514
1989-07-26,93.94512319873785
1989-07-27,97.2408434083086
1989-07-28,95.2623182918804
1989-07-29,93.58733854026056
1989-07-30,92.15702302409558
1989-07-31,89.59903988930886
1989-08-01,83.45067902380309
1989-08-02,76.97635491895022
1989-08-03,90.88052752654788
1989-08-04,97.65511524703024
1989-08-05,95.39168329424272
1989-08-06,93.07839445110017
1989-08-07,91.67190980190335
1989-08-08,90.81595734060024
1989-08-09,86.99218609386249
1989-08-10,78.26298761333469
1989-08-11,72.01914368334907
1989-08-12,68.48781265467512
1989-08-13,66.68331638937634
1989-08-14,65.76667450588329
1989-08-15,65.31864288747525
1989-08-16,65.14996368649882
1989-08-17,65.08561584604482
1989-08-18,63.75533611607945
1989-08-19,60.80528071426161
1989-08-20,79.00513029270158
1989-08-21,97.84019176903348
1989-08-22,96.77192994482316
1989-08-23,95.5955981919884
1989-08-24,94.84923340898354
1989-08-25,91.86185120815334
1989-08-26,87.79222279405148
1989-08-27,78.21407898696229
1989-08-28,71.43761688518043
1989-08-29,67.84832574722147
1989-08-30,68.10743488177195
1989-08-31,67.65359116973767
1989-09-01,63.00537478486096
1989-09-02,56.62806432516648
1989-09-03,53.598283387329
1989-09-04,52.59158226326268
1989-09-05,58.94580341775783
1989-09-06,66.72929374634404
1989-09-07,59.40792717051385
1989-09-08,55.71707616906273
1989-09-09,54.66146220021148
1989-09-10,54.53337643144797
1989-09-11,67.78782281401863
1989-09-12,74.6710576825729
1989-09-13,68.99757300665945
1989-09-14,60.30649473823344
1989-09-15,54.4432187612491
1989-09-16,52.15558507272544
1989-09-17,51.25544298253013
1989-09-18,50.59525702787527
1989-09-19,50.28725420716342
1989-09-20,50.15474244482316
1989-09-21,52.09710750483712
1989-09-22,56.75148734195014
1989-09-23,53.742671738604656
1989-09-24,51.42671105842782
1989-09-25,50.38205177960762
1989-09-26,50.13305541025469
1989-09-27,50.10440307353536
1989-09-28,46.23005973975207
1989-09-29,31.59273301104661
1989-09-30,19.05809878959683
1989-10-01,12.60689105809035
1989-10-02,9.63797161852052
1989-10-03,8.25727412510124
1989-10-04,7.397767123942583
1989-10-05,5.920014680075594
1989-10-06,4.8594168325908935
1989-10-07,4.332186276660367
1989-10-08,4.067625898521868
1989-10-09,3.958552339250359
1989-10-10,3.9197619268583512
1989-10-11,3.8939232712945455
1989-10-12,3.878905195396868
1989-10-13,3.873144074255309
1989-10-14,3.8707478401727857
1989-10-15,3.869501475038246
1989-10-16,3.869338890388768
1989-10-17,3.869299342771328
1989-10-18,3.8692334300755937
1989-10-19,3.486895853019258
1989-10-20,1.9890971612895965
1989-10-21,0.9288923292386608
1989-10-22,0.3792723730539056
1989-10-23,0.1514278271800755
1989-10-24,0.0670244232023938
1989-10-25,0.1175467681335493
1989-10-26,1.5035065554130669
1989-10-27,0.4406685551093411
1989-10-28,0.0847951890411267
1989-10-29,0.0199896508279337
1989-10-30,0.0033466072714182
1989-10-31,0.0001450079306155
1989-11-01,0.0021751189592332
1989-11-02,0.0239959123582613
1989-11-03,0.0084292670648848
1989-11-04,0.0014789051250899
1989-11-05,0.0001905316324694
1989-11-06,0.000790952348812
1989-11-07,0.0014588676655867
1989-11-08,0.0039459733846292
1989-11-09,0.0016214523150647
1989-11-10,0.0059180812410007
1989-11-11,0.069775003937185
1989-11-12,0.0262365924788516
1989-11-13,0.005467589936555
1989-11-14,0.0008250511834053
1989-11-15,0.0
1989-11-16,0.0
1989-11-17,0.0022914768381029
1989-11-18,0.0113684459930705
1989-11-19,0.0043985738953383
1989-11-20,0.0013182539146868
1989-11-21,0.0003383518381029
1989-11-22,0.000395476174406
1989-11-23,7.470105516558675e-05
1989-11-24,0.0
1989-11-25,0.0
1989-11-26,0.0012215819609431
1989-11-27,0.0016214523150647
1989-11-28,0.0034714019753419
1989-11-29,0.0005492724644528
1989-11-30,8.348941459683225e-05
1989-12-01,2.6365078293736497e-05
1989-12-02,0.0
1989-12-03,0.0
1989-12-04,0.0133820349059575
1989-12-05,0.0310408370455363
1989-12-06,0.0106560615775737
1989-12-07,0.0023596745072894
1989-12-08,0.0003778994555435
1989-12-09,6.591269573434125e-05
1989-12-10,0.0
1989-12-11,0.0
1989-12-12,0.0
1989-12-13,0.0
1989-12-14,0.0
1989-12-15,0.0
1989-12-16,0.0054754994600431
1989-12-17,0.0091444637553995
1989-12-18,0.0018411613008459
1989-12-19,0.0002109206263498
1989-12-20,0.0
1989-12-21,0.0
1989-12-22,0.0
1989-12-23,0.0
1989-12-24,0.0
1989-12-25,0.0
1989-12-26,0.0
1989-12-27,0.0
1989-12-28,0.0
1989-12-29,0.0
1989-12-30,0.0
1989-12-31,0.0
1990-01-01,0.0
1990-01-02,0.0
1990-01-03,0.0
1990-01-04,0.0
1990-01-05,0.0
1990-01-06,0.0
1990-01-07,0.0
1990-01-08,0.0
1990-01-09,0.0
1990-01-10,0.0
1990-01-11,0.0
1990-01-12,8.348941459683225e-05
1990-01-13,7.90952348812095e-05
1990-01-14,0.0
1990-01-15,0.0
1990-01-16,0.0
1990-01-17,0.0008524708648308
1990-01-18,0.0003910819946904
1990-01-19,7.470105516558675e-05
1990-01-20,0.0
1990-01-21,0.0
1990-01-22,0.0
1990-01-23,0.0005448782847372
1990-01-24,0.0002372857046436
1990-01-25,6.591269573434125e-05
1990-01-26,0.0
1990-01-27,0.0
1990-01-28,0.0
1990-01-29,0.0
1990-01-30,0.0
1990-01-31,0.0
1990-02-01,0.0
1990-02-02,0.0
1990-02-03,0.0
1990-02-04,0.0
1990-02-05,0.0
1990-02-06,0.0
1990-02-07,0.0
1990-02-08,0.0
1990-02-09,0.0
1990-02-10,0.0
1990-02-11,0.0
1990-02-12,0.0
1990-02-13,0.0
1990-02-14,0.0
1990-02-15,0.0
1990-02-16,0.0
1990-02-17,0.0
1990-02-18,0.0
1990-02-19,2.6365078293736497e-05
1990-02-20,0.0
1990-02-21,0.0
1990-02-22,0.0
1990-02-23,0.0
1990-02-24,0.0
1990-02-25,0.0
1990-02-26,0.0
1990-02-27,0.0
1990-02-28,0.0
1990-03-01,0.0
1990-03-02,0.0
1990-03-03,0.0
1990-03-04,0.0
1990-03-05,0.0
1990-03-06,0.0
1990-03-07,0.0
1990-03-08,0.0
1990-03-09,0.0
1990-03-10,0.0
1990-03-11,0.0
1990-03-12,0.0008436825053995
1990-03-13,0.0002548624235061
1990-03-14,0.0001010661334593
1990-03-15,6.591269573434125e-05
1990-03-16,0.0
1990-03-17,0.0
1990-03-18,0.0
1990-03-19,0.0
1990-03-20,0.0
1990-03-21,0.0
1990-03-22,0.0280809175890928
1990-03-23,0.0319992955251079
1990-03-24,0.0138834986951043
1990-03-25,0.0051280077281317
1990-03-26,0.0019070739965802
1990-03-27,0.000593214261609
1990-03-28,0.0003031984003779
1990-03-29,0.0692334652290316
1990-03-30,0.8670525107991359
1990-03-31,0.4893054454081173
1990-04-01,0.148241168050306
1990-04-02,0.0390345530170086
1990-04-03,0.0084558079103671
1990-04-04,0.0022921799068574
1990-04-05,0.0029964790316774
1990-04-06,0.0011468809057775
1990-04-07,0.0003735052758279
1990-04-08,8.348941459683225e-05
1990-04-09,0.0
1990-04-10,0.0
1990-04-11,0.0
1990-04-12,0.0
1990-04-13,0.0
1990-04-14,0.0
1990-04-15,0.0
1990-04-16,0.0
1990-04-17,0.0
1990-04-18,0.0
1990-04-19,0.0004086587135529
1990-04-20,0.0061917507536897
1990-04-21,0.0253930857406407
1990-04-22,0.9738952329126168
1990-04-23,1.3975829199289054
1990-04-24,3.1677488652470296
1990-04-25,9.739122823299136
1990-04-26,21.175031427173327
1990-04-27,23.87150205717917
1990-04-28,17.755567074165317
1990-04-29,12.613506759303004
1990-04-30,7.570895519764668
1990-05-01,4.652936436960043
1990-05-02,2.8275744971652266
1990-05-03,2.2462278603649204
1990-05-04,1.1919217751642368
1990-05-05,0.6125881999752519
1990-05-06,0.228494532937365
1990-05-07,0.0796402889331353
1990-05-08,0.0287667611591072
1990-05-09,0.652822188287437
1990-05-10,2.061808531879949
1990-05-11,0.8524945934012778
1990-05-12,0.4103167254432145
1990-05-13,0.2959864968615011
1990-05-14,0.3145431178005759
1990-05-15,0.1471438534917206
1990-05-16,0.0649647832860871
1990-05-17,0.0349688821769258
1990-05-18,0.0129955228581713
1990-05-19,0.0042006600409467
1990-05-20,0.0013534073524118
1990-05-21,0.0001757671886249
1990-05-22,8.348941459683225e-05
1990-05-23,0.0
1990-05-24,0.0
1990-05-25,0.0004526005107091
1990-05-26,0.0243757452528797
1990-05-27,0.024770166824154
1990-05-28,0.0424263324559035
1990-05-29,5.655198736444835
1990-05-30,28.50178368543016
1990-05-31,24.82139838969132
1990-06-01,21.06269123470122
1990-06-02,17.70369641913022
1990-06-03,17.67048011159107
1990-06-04,42.3274048818282
1990-06-05,67.79207866495679
1990-06-06,62.018414776817856
1990-06-07,55.0903165637374
1990-06-08,46.52731334227636
1990-06-09,39.33955883138724
1990-06-10,30.961962398476867
1990-06-11,22.563882936240105
1990-06-12,16.21619873925711
1990-06-13,11.877031165631749
1990-06-14,7.783945038303186
1990-06-15,4.599584767593592
1990-06-16,2.5345164574334054
1990-06-17,1.3972721635394167
1990-06-18,0.8142302522048235
1990-06-19,0.489988300935925
1990-06-20,0.2827206440672246
1990-06-21,0.1499976095662346
1990-06-22,0.0924785001574873
1990-06-23,4.870335138813894
1990-06-24,4.383830192022138
1990-06-25,2.678507750629949
1990-06-26,1.3901599200188983
1990-06-27,0.7029072244532936
1990-06-28,0.3567805005287077
1990-06-29,0.1793714705948524
1990-06-30,0.0913622027425305
1990-07-01,0.0816612600679445
1990-07-02,1.7531580090780237
1990-07-03,0.9904075056807956
1990-07-04,0.429127505737041
1990-07-05,0.1868454429895608
1990-07-06,0.0841768400715442
1990-07-07,10.576310731079012
1990-07-08,88.87295670643222
1990-07-09,95.0255915268966
1990-07-10,91.96069353514218
1990-07-11,85.28112063534917
1990-07-12,78.93680870764715
1990-07-13,74.3353316305008
1990-07-14,71.05401185092691
1990-07-15,68.6755926518066
1990-07-16,68.60541074682776
1990-07-17,82.55339543539641
1990-07-18,84.6693578380917
1990-07-19,81.65681280653797
1990-07-20,80.5028136811555
1990-07-21,78.61450353502968
1990-07-22,74.93292671351917
1990-07-23,71.8808316037842
1990-07-24,68.87207207017188
1990-07-25,63.95366530833783
1990-07-26,59.33381880230832
1990-07-27,57.0355489138994
1990-07-28,54.60113520996445
1990-07-29,52.98292826027043
1990-07-30,52.11211187089407
1990-07-31,51.59759877412932
1990-08-01,51.03361336561825
1990-08-02,50.617093816088456
1990-08-03,50.39121083203969
1990-08-04,50.231339149118064
1990-08-05,48.0906967481664
1990-08-06,37.46016096056065
1990-08-07,28.728154247660186
1990-08-08,20.393190849419547
1990-08-09,13.226360719267458
1990-08-10,8.403431045828832
1990-08-11,5.820800957017188
1990-08-12,3.27806597737806
1990-08-13,2.264166308101602
1990-08-14,3.742695642942314
1990-08-15,2.133943561858801
1990-08-16,1.2301395380557052
1990-08-17,0.6552073490370771
1990-08-18,1.6335236540451763
1990-08-19,5.328013036300846
1990-08-20,2.229258065604752
1990-08-21,0.829405112434755
1990-08-22,0.29946211724937
1990-08-23,0.0964097090982721
1990-08-24,0.0313083547066234
1990-08-25,0.0101493247727681
1990-08-26,0.0033488922448704
1990-08-27,0.0013029621692764
1990-08-28,0.0002504682437904
1990-08-29,0.0001010661334593
1990-08-30,0.0629007491900648
1990-08-31,42.48287553011383
1990-09-01,68.96940385394167
1990-09-02,66.77302761091613
1990-09-03,65.44781085481911
1990-09-04,63.3646070619038
1990-09-05,53.99980314074873
1990-09-06,47.426689790598
1990-09-07,33.50641110820509
1990-09-08,19.460853483283834
1990-09-09,10.234196772070732
1990-09-10,6.10371881187005
1990-09-11,6.373776308832793
1990-09-12,13.494091058652806
1990-09-13,6.713489463811645
1990-09-14,2.496306955599802
1990-09-15,0.816468998886339
1990-09-16,0.326018606011519
1990-09-17,1.4341275549518535
1990-09-18,1.3468837532059934
1990-09-19,41.81002414338103
1990-09-20,81.52663804473765
1990-09-21,68.61233650136114
1990-09-22,57.59113968148173
1990-09-23,43.69022650062994
1990-09-24,26.21846965133414
1990-09-25,12.689832079058672
1990-09-26,6.37051073023533
1990-09-27,3.31298564474217
1990-09-28,1.9064848249640027
1990-09-29,0.7052048531429985
1990-09-30,0.1710557491338193
1990-10-01,0.0341918154360151
1990-10-02,0.0074688751462382
1990-10-03,0.0027864372412706
1990-10-04,0.0973240500134989
1990-10-05,2.8125386687814973
1990-10-06,16.326778974869512
1990-10-07,30.67061527655913
1990-10-08,20.486522347743428
1990-10-09,8.144903876439884
1990-10-10,3.009435182685385
1990-10-11,4.315750462619239
1990-10-12,4.224578264207613
1990-10-13,1.1071436355404067
1990-10-14,0.2996268111051116
1990-10-15,0.0597698082590892
1990-10-16,0.0179266713350431
1990-10-17,0.0473903493970482
1990-10-18,0.0200128520968322
1990-10-19,0.0030391904585133
1990-10-20,0.0002109206263498
1990-10-21,0.0010489785817134
1990-10-22,0.007431964036627
1990-10-23,0.0202283426700863
1990-10-24,0.011701876349892
1990-10-25,0.0014896269235961
1990-10-26,0.000162584649478
1990-10-27,0.0
1990-10-28,2.197089857811375e-05
1990-10-29,0.001665394112221
1990-10-30,0.0014892753892188
1990-10-31,0.0009271719199964
1990-11-01,0.0006591269573434
1990-11-02,0.0002241031654967
1990-11-03,0.0052856708963282
1990-11-04,0.0137057980674046
1990-11-05,0.003824694024478
1990-11-06,0.0023424493228041
1990-11-07,0.0107391994577933
1990-11-08,0.0178521460470662
1990-11-09,0.0013841666104211
1990-11-10,7.90952348812095e-05
1990-11-11,0.0
1990-11-12,0.0034394123470122
1990-11-13,0.0347189412347012
1990-11-14,0.0318936594447444
1990-11-15,0.0082301228401727
1990-11-16,0.001336885236681
1990-11-17,7.030687544996399e-05
1990-11-18,0.0
1990-11-19,0.0047488779022678
1990-11-20,0.0105994645428365
1990-11-21,0.0028210633774298
1990-11-22,0.0005404841050215
1990-11-23,7.470105516558675e-05
1990-11-24,0.0
1990-11-25,0.0
1990-11-26,0.0
1990-11-27,0.0
1990-11-28,1.3182539146868248e-05
1990-11-29,0.0
1990-11-30,2.6365078293736497e-05
1990-12-01,0.0
1990-12-02,0.0
1990-12-03,0.0
1990-12-04,0.0
1990-12-05,1.7576718862490997e-05
1990-12-06,0.0001889497277717
1990-12-07,7.90952348812095e-05
1990-12-08,0.0
1990-12-09,0.0
1990-12-10,0.0149583150535457
1990-12-11,0.0710693535142188
1990-12-12,2.293165433484071
1990-12-13,3.144509982170176
1990-12-14,0.6716324412796977
1990-12-15,0.0874099017391108
1990-12-16,0.0064587411132109
1990-12-17,0.0005610488660907
1990-12-18,0.0
1990-12-19,0.0
1990-12-20,0.0
1990-12-21,0.0
1990-12-22,0.0
1990-12-23,0.0
1990-12-24,0.0
1990-12-25,0.0
1990-12-26,0.0
1990-12-27,0.0
1990-12-28,0.0
1990-12-29,0.0
1990-12-30,0.0
1990-12-31,0.0
1991-01-01,0.0
1991-01-02,0.0
1991-01-03,0.0
1991-01-04,0.0
1991-01-05,0.0
1991-01-06,0.0
1991-01-07,0.0
1991-01-08,0.0
1991-01-09,0.0
1991-01-10,0.0
1991-01-11,0.0
1991-01-12,0.0
1991-01-13,0.0
1991-01-14,0.0
1991-01-15,0.0
1991-01-16,0.0
1991-01-17,0.0
1991-01-18,0.0
1991-01-19,0.0
1991-01-20,0.000127431211753
1991-01-21,8.348941459683225e-05
1991-01-22,0.0
1991-01-23,0.0
1991-01-24,0.0
1991-01-25,0.0
1991-01-26,0.0
1991-01-27,0.0
1991-01-28,0.0
1991-01-29,0.0
1991-01-30,0.0
1991-01-31,2.6365078293736497e-05
1991-02-01,0.0002856216815154
1991-02-02,7.90952348812095e-05
1991-02-03,0.0
1991-02-04,0.0
1991-02-05,0.0
1991-02-06,0.0
1991-02-07,0.0
1991-02-08,0.0
1991-02-09,0.0
1991-02-10,1.3182539146868248e-05
1991-02-11,0.0
1991-02-12,0.0
1991-02-13,0.0001450079306155
1991-02-14,0.0001537962900467
1991-02-15,7.470105516558675e-05
1991-02-16,0.0
1991-02-17,0.0
1991-02-18,0.0
1991-02-19,0.0
1991-02-20,0.0
1991-02-21,0.0
1991-02-22,0.0
1991-02-23,0.0
1991-02-24,0.0
1991-02-25,0.0
1991-02-26,0.0
1991-02-27,0.0
1991-02-28,0.0
1991-03-01,0.0
1991-03-02,0.0
1991-03-03,0.0
1991-03-04,0.0
1991-03-05,0.0
1991-03-06,0.0
1991-03-07,0.0
1991-03-08,0.0
1991-03-09,0.0
1991-03-10,0.0
1991-03-11,0.0
1991-03-12,0.0
1991-03-13,0.0
1991-03-14,0.0001142486726061
1991-03-15,0.011408520912077
1991-03-16,0.0044205447939164
1991-03-17,0.001595087236771
1991-03-18,0.0004086587135529
1991-03-19,9.227777402807774e-05
1991-03-20,0.0
1991-03-21,0.0
1991-03-22,0.0
1991-03-23,0.0
1991-03-24,0.0
1991-03-25,0.0
1991-03-26,0.0
1991-03-27,0.0
1991-03-28,0.0
1991-03-29,0.0
1991-03-30,4.833597687185025e-05
1991-03-31,0.0001054603131749
1991-04-01,8.348941459683225e-05
1991-04-02,0.0
1991-04-03,0.0
1991-04-04,0.0
1991-04-05,0.0006591269573434
1991-04-06,0.006200011811555
1991-04-07,0.003598833187095
1991-04-08,0.0018060078631209
1991-04-09,0.0008304999662526
1991-04-10,0.0004174470729841
1991-04-11,0.0001318253914686
1991-04-12,0.0064476677803275
1991-04-13,0.0867966500179985
1991-04-14,0.6081567576156408
1991-04-15,0.8069591151457882
1991-04-16,1.9621239285232184
1991-04-17,5.439668967107631
1991-04-18,2.555013020833333
1991-04-19,1.0438841455183585
1991-04-20,0.3535235345234881
1991-04-21,0.1147522456016018
1991-04-22,0.0370933801858351
1991-04-23,0.0107029914169366
1991-04-24,0.0026735947061735
1991-04-25,0.0008359487491
1991-04-26,0.0
1991-04-27,0.0
1991-04-28,8.7883594312455e-05
1991-04-29,0.0001054603131749
1991-04-30,0.13130547212473
1991-05-01,0.2421894334390748
1991-05-02,0.1402692472102231
1991-05-03,0.0958280954711123
1991-05-04,0.0547135135439164
1991-05-05,0.0262197188287436
1991-05-06,0.0118830923213642
1991-05-07,0.0049126929220662
1991-05-08,0.0022981559912706
1991-05-09,0.0012699179378149
1991-05-10,0.0040206744397948
1991-05-11,0.0668996284984701
1991-05-12,0.1472204879859611
1991-05-13,0.075488140636249
1991-05-14,0.0350488562477501
1991-05-15,0.0153747075233981
1991-05-16,0.0123928171683765
1991-05-17,0.0038800606888948
1991-05-18,0.0012435528595212
1991-05-19,2.7539308574064068
1991-05-20,4.526831740179535
1991-05-21,4.226980122840172
1991-05-22,2.957457133898038
1991-05-23,1.763480640298776
1991-05-24,1.071983518662257
1991-05-25,0.7302441195329373
1991-05-26,17.291557691009718
1991-05-27,87.5986806211753
1991-05-28,90.69049120601602
1991-05-29,83.57011335577529
1991-05-30,77.05642917707209
1991-05-31,71.34204013678905
1991-06-01,63.99144453209368
1991-06-02,64.98794219509314
1991-06-03,80.9405268867553
1991-06-04,75.99188887154652
1991-06-05,70.47484296959368
1991-06-06,65.61035859318754
1991-06-07,61.696162334357005
1991-06-08,58.09981361647318
1991-06-09,55.20499516288696
1991-06-10,53.21698582472777
1991-06-11,51.91900612794726
1991-06-12,51.06604241191955
1991-06-13,50.56821507013813
1991-06-14,49.93309668039056
1991-06-15,45.02593427291441
1991-06-16,40.15739705667296
1991-06-17,74.67303418460897
1991-06-18,99.75993963451675
1991-06-19,100.0
1991-06-20,100.0
1991-06-21,100.0
1991-06-22,100.0
1991-06-23,100.0
1991-06-24,100.0
1991-06-25,100.0
1991-06-26,100.0
1991-06-27,100.0
1991-06-28,100.0
1991-06-29,99.54696095015524
1991-06-30,97.96067543112176
1991-07-01,97.08577825492712
1991-07-02,96.57234208372704
1991-07-03,96.29382403313986
1991-07-04,96.15504406131885
1991-07-05,96.10090495494735
1991-07-06,96.04893674912256
1991-07-07,95.94831390051296
1991-07-08,94.83523724352052
1991-07-09,93.1020803101377
1991-07-10,91.49256399331804
1991-07-11,90.24776740517008
1991-07-12,89.51491525209234
1991-07-13,89.06050890928726
1991-07-14,88.79649481557101
1991-07-15,88.63241596922246
1991-07-16,88.55027978621087
1991-07-17,90.347532334132
1991-07-18,90.83282325695194
1991-07-19,90.35132785080316
1991-07-20,94.66083119600432
1991-07-21,96.5424541036717
1991-07-22,95.42836871878374
1991-07-23,93.61909685897004
1991-07-24,91.77872422549946
1991-07-25,90.4603875244668
1991-07-26,89.56052947404832
1991-07-27,89.05276601309396
1991-07-28,89.44474934192765
1991-07-29,91.9553533764174
1991-07-30,92.4566621389039
1991-07-31,91.3438707520586
1991-08-01,90.45552053101376
1991-08-02,89.69497924541037
1991-08-03,89.14742877210449
1991-08-04,90.44566104633503
1991-08-05,91.08188518746626
1991-08-06,90.23845684142144
1991-08-07,89.53898182286042
1991-08-08,89.81109263212068
1991-08-09,91.38801116613796
1991-08-10,90.28441960971249
1991-08-11,89.42781030642549
1991-08-12,88.9239130205521
1991-08-13,88.65195143763499
1991-08-14,88.05276021277673
1991-08-15,83.93791762284017
1991-08-16,76.96116248200144
1991-08-17,72.13746910012824
1991-08-18,69.66956682527898
1991-08-19,68.3578052232384
1991-08-20,67.72870598086529
1991-08-21,67.87499718772499
1991-08-22,70.28825168595887
1991-08-23,67.80260413151322
1991-08-24,66.3766687336888
1991-08-25,65.74140006299496
1991-08-26,65.38896909731595
1991-08-27,65.21513798427375
1991-08-28,65.12851305879904
1991-08-29,65.08613576538878
1991-08-30,65.06624911413337
1991-08-31,65.05725616169455
1991-09-01,65.5476598004972
1991-09-02,67.20523754584008
1991-09-03,66.19549881321994
1991-09-04,65.60780311403214
1991-09-05,67.71416194907532
1991-09-06,67.3655433737176
1991-09-07,63.933289145462105
1991-09-08,59.22285961263723
1991-09-09,56.02431387520248
1991-09-10,53.949736911672055
1991-09-11,52.627437012070274
1991-09-12,51.87973657419905
1991-09-13,51.5156852881457
1991-09-14,51.25491409905956
1991-09-15,50.87608835043197
1991-09-16,62.89428728514218
1991-09-17,89.67631224267684
1991-09-18,83.10814005973272
1991-09-19,70.85226767796075
1991-09-20,59.25414828141873
1991-09-21,53.81142658977905
1991-09-22,51.42616811358216
1991-09-23,50.47110879567134
1991-09-24,50.182144725296965
1991-09-25,50.10111095409243
1991-09-26,50.07732332585268
1991-09-27,47.75139436110735
1991-09-28,35.45108153066504
1991-09-29,30.230482811375083
1991-09-30,31.616903284455997
1991-10-01,24.393449402954012
1991-10-02,24.15728878408477
1991-10-03,17.957372589880308
1991-10-04,13.074833056324245
1991-10-05,14.516215401986589
1991-10-06,17.321304178478222
1991-10-07,11.272769233148846
1991-10-08,8.956531016581172
1991-10-09,7.900446870500359
1991-10-10,7.480663324277807
1991-10-11,7.030600188703652
1991-10-12,5.779508147160726
1991-10-13,5.074974197376709
1991-10-14,7.20355439924181
1991-10-15,12.395582162020789
1991-10-16,10.128906601534377
1991-10-17,5.593181744679175
1991-10-18,4.180722241439434
1991-10-19,3.920143341657667
1991-10-20,3.877587996085313
1991-10-21,3.870539204519888
1991-10-22,3.8693872263656406
1991-10-23,3.8692334300755937
1991-10-24,3.770715920851332
1991-10-25,2.814098602580543
1991-10-26,1.4918328018133546
1991-10-27,0.7377783800733441
1991-10-28,0.3111167122255219
1991-10-29,0.1145518710065694
1991-10-30,0.0412657417094132
1991-10-31,0.0157619226399388
1991-11-01,0.0061342748830093
1991-11-02,0.0020520819271958
1991-11-03,0.0058906615595752
1991-11-04,0.273875160299676
1991-11-05,0.7616911545513858
1991-11-06,0.3993101840915227
1991-11-07,0.076836802274568
1991-11-08,0.0134105091905147
1991-11-09,0.0022085147250719
1991-11-10,0.0005229073861591
1991-11-11,0.000593214261609
1991-11-12,0.0020810835133189
1991-11-13,0.1276732431717962
1991-11-14,1.369945638723902
1991-11-15,0.4454388766086212
1991-11-16,0.1172407574581533
1991-11-17,0.0334875163111951
1991-11-18,0.0098218705003599
1991-11-19,0.0009509004904607
1991-11-20,0.0
1991-11-21,0.0
1991-11-22,0.0009139893808495
1991-11-23,0.0005756375427465
1991-11-24,0.0046346292296616
1991-11-25,0.0026233252902267
1991-11-26,0.0004526005107091
1991-11-27,6.591269573434125e-05
1991-11-28,0.0006679153167746
1991-11-29,0.0005185132064434
1991-11-30,7.030687544996399e-05
1991-12-01,0.0
1991-12-02,0.0
1991-12-03,0.0
1991-12-04,0.0
1991-12-05,0.0
1991-12-06,0.0
1991-12-07,0.0
1991-12-08,1.7576718862490997e-05
1991-12-09,0.0016186400400467
1991-12-10,1.9986378042881567
1991-12-11,6.497481080419815
1991-12-12,4.280661004150917
1991-12-13,2.167498045468862
1991-12-14,4.432519636710313
1991-12-15,1.912118163359431
1991-12-16,0.2234350744127969
1991-12-17,0.0290822632626889
1991-12-18,0.0024995851894348
1991-12-19,0.0
1991-12-20,0.0
1991-12-21,0.055562820599352
1991-12-22,0.0844663286312094
1991-12-23,0.0223633867103131
1991-12-24,0.0032516929895608
1991-12-25,0.005944622086483
1991-12-26,0.0130069477254319
1991-12-27,0.0010370264128869
1991-12-28,0.0003515343772498
1991-12-29,0.0016126639556335
1991-12-30,0.0017884311442584
1991-12-31,0.0047587208648308
1992-01-01,0.0613670047021238
1992-01-02,0.0037746003757199
1992-01-03,7.470105516558675e-05
1992-01-04,0.0
1992-01-05,0.0
1992-01-06,6.15185160187185e-05
1992-01-07,0.0058665814547336
1992-01-08,0.0021267829823614
1992-01-09,0.0002944100409467
1992-01-10,0.0
1992-01-11,0.0
1992-01-12,0.0
1992-01-13,0.0
1992-01-14,0.0
1992-01-15,0.0
1992-01-16,0.0
1992-01-17,0.0
1992-01-18,0.0
1992-01-19,0.0
1992-01-20,0.0
1992-01-21,0.0
1992-01-22,0.0
1992-01-23,0.0
1992-01-24,0.0
1992-01-25,0.0
1992-01-26,0.0
1992-01-27,0.0
1992-01-28,0.0026584787279517
1992-01-29,0.0005360899253059
1992-01-30,8.7883594312455e-05
1992-01-31,0.0001010661334593
1992-02-01,0.0009579311780057
1992-02-02,0.0004086587135529
1992-02-03,7.470105516558675e-05
1992-02-04,3.075925800935925e-05
1992-02-05,0.0
1992-02-06,0.0
1992-02-07,0.0
1992-02-08,0.0074330186397588
1992-02-09,0.024317039011879
1992-02-10,0.0189872505512058
1992-02-11,0.0224029343277537
1992-02-12,0.0048204151480381
1992-02-13,0.0009052010214182
1992-02-14,8.348941459683225e-05
1992-02-15,0.0
1992-02-16,0.0
1992-02-17,0.0
1992-02-18,0.0
1992-02-19,0.0
1992-02-20,0.0
1992-02-21,0.0
1992-02-22,0.0
1992-02-23,0.0
1992-02-24,0.0
1992-02-25,0.0
1992-02-26,0.0
1992-02-27,0.0
1992-02-28,0.0
1992-02-29,0.0
1992-03-01,0.0
1992-03-02,0.0
1992-03-03,0.0
1992-03-04,0.0
1992-03-05,0.0
1992-03-06,0.0
1992-03-07,0.0
1992-03-08,0.0
1992-03-09,3.5153437724981994e-05
1992-03-10,0.0
1992-03-11,0.0
1992-03-12,0.0
1992-03-13,0.0
1992-03-14,0.0
1992-03-15,0.0
1992-03-16,0.0
1992-03-17,0.0
1992-03-18,0.0
1992-03-19,0.0
1992-03-20,0.0
1992-03-21,0.0007426163719402
1992-03-22,0.0005185132064434
1992-03-23,0.0001713730089092
1992-03-24,7.470105516558675e-05
1992-03-25,0.0010556577348812
1992-03-26,4.526074359363751
1992-03-27,46.98403032054311
1992-03-28,39.89689373678231
1992-03-29,20.37464442297741
1992-03-30,8.156688539135619
1992-03-31,2.858818345313625
1992-04-01,0.9551653055255578
1992-04-02,5.358813248065155
1992-04-03,3.299900656384989
1992-04-04,0.9344485058382828
1992-04-05,0.2486713758211842
1992-04-06,0.0798580644798416
1992-04-07,0.0212154512014038
1992-04-08,0.0053245154450143
1992-04-09,0.0014428728514218
1992-04-10,0.0001845555480561
1992-04-11,0.0005009364875809
1992-04-12,0.0001801613683405
1992-04-13,7.030687544996399e-05
1992-04-14,0.0
1992-04-15,0.0
1992-04-16,8.788359431245498e-06
1992-04-17,0.0001889497277717
1992-04-18,0.2528393431650467
1992-04-19,1.0548722313152448
1992-04-20,0.57030353587338
1992-04-21,0.4399298056155507
1992-04-22,1.531754100296976
1992-04-23,1.0210168342782575
1992-04-24,0.5292633034669726
1992-04-25,0.254213139511339
1992-04-26,0.1113632784377249
1992-04-27,0.0537425755939524
1992-04-28,0.3699848348069653
1992-04-29,14.575901193529516
1992-04-30,65.76214164585582
1992-05-01,63.51964901401637
1992-05-02,51.28431045828833
1992-05-03,35.69993939547336
1992-05-04,24.098104632098178
1992-05-05,16.762134263633907
1992-05-06,11.62816855510934
1992-05-07,8.197059098553364
1992-05-08,4.547404410772137
1992-05-09,2.8864554507514395
1992-05-10,6.754107679198164
1992-05-11,21.74371298343007
1992-05-12,12.186073649264308
1992-05-13,7.073638015208783
1992-05-14,3.6084172445891824
1992-05-15,1.821587163651908
1992-05-16,0.8820869330453562
1992-05-17,0.4197772186037616
1992-05-18,0.2094803900062994
1992-05-19,0.1332891806155507
1992-05-20,0.0731012222147228
1992-05-21,0.0496798927960763
1992-05-22,0.0494932280417566
1992-05-23,0.0347628830318574
1992-05-24,10.361428136530328
1992-05-25,10.717037324514038
1992-05-26,16.84154482485151
1992-05-27,86.4838744150468
1992-05-28,95.68261613289684
1992-05-29,95.24862971899748
1992-05-30,93.16235738250316
1992-05-31,90.6522774857699
1992-06-01,87.70313273375629
1992-06-02,82.88836727046211
1992-06-03,77.57699024703022
1992-06-04,73.48172530963147
1992-06-05,84.56641521412662
1992-06-06,97.58276912065784
1992-06-07,100.0
1992-06-08,100.0
1992-06-09,100.0
1992-06-10,100.0
1992-06-11,100.0
1992-06-12,100.0
1992-06-13,100.0
1992-06-14,99.87543396918872
1992-06-15,98.9341605991833
1992-06-16,97.67807026609746
1992-06-17,96.96619680581804
1992-06-18,96.52996707529022
1992-06-19,96.28404891671164
1992-06-20,95.92867929940604
1992-06-21,94.2700659337878
1992-06-22,92.25493712456128
1992-06-23,90.65364038455049
1992-06-24,89.68306433922787
1992-06-25,91.13004416677916
1992-06-26,96.64744142734207
1992-06-27,96.32340881479482
1992-06-28,94.7506148336258
1992-06-29,93.32975752564796
1992-06-30,91.96540690807235
1992-07-01,90.77305204255534
1992-07-02,89.93933500944924
1992-07-03,89.30129378712202
1992-07-04,88.96965326758236
1992-07-05,88.7357301650243
1992-07-06,88.60397490466387
1992-07-07,88.53007042639715
1992-07-08,88.48120960870006
1992-07-09,87.63755452298192
1992-07-10,83.79282479667252
1992-07-11,80.72523686386339
1992-07-12,78.01416683540317
1992-07-13,79.84979516091838
1992-07-14,80.50776820666846
1992-07-15,78.02296486202978
1992-07-16,77.56565115415766
1992-07-17,90.46002192871444
1992-07-18,89.2787528755512
1992-07-19,84.77713704778618
1992-07-20,79.2980169594245
1992-07-21,75.08458918989605
1992-07-22,72.16947032909242
1992-07-23,70.18511062083783
1992-07-24,68.75939967771328
1992-07-25,67.8361925381907
1992-07-26,67.23385648679356
1992-07-27,66.54747717838822
1992-07-28,66.0457005236456
1992-07-29,65.7306496144371
1992-07-30,66.97429281829328
1992-07-31,69.67376801262148
1992-08-01,68.2611761566887
1992-08-02,66.98123527070959
1992-08-03,66.12818314378599
1992-08-04,65.61772903870816
1992-08-05,65.29685127142955
1992-08-06,65.42731042454103
1992-08-07,67.10448252030463
1992-08-08,65.98611034945328
1992-08-09,65.45920918123426
1992-08-10,65.26445333592063
1992-08-11,65.14305621175306
1992-08-12,65.08528136108485
1992-08-13,65.06283290305525
1992-08-14,65.05471773195644
1992-08-15,65.0519724242373
1992-08-16,65.05123877199199
1992-08-17,65.05081077888768
1992-08-18,65.05077738312184
1992-08-19,65.05065047921165
1992-08-20,65.05065047921165
1992-08-21,65.99583308725926
1992-08-22,71.92484564125496
1992-08-23,69.9715267700459
1992-08-24,67.98178436740685
1992-08-25,66.60914808455948
1992-08-26,65.79002306768584
1992-08-27,64.97245851191279
1992-08-28,62.49179360573029
1992-08-29,67.86222805300575
1992-08-30,91.27694264927555
1992-08-31,98.04416519725297
1992-09-01,95.73749609796842
1992-09-02,92.83027639038878
1992-09-03,89.90407839638455
1992-09-04,82.38477986214228
1992-09-05,73.45753693220166
1992-09-06,68.40922626580499
1992-09-07,66.20619934389624
1992-09-08,65.4526381248875
1992-09-09,65.36787141013095
1992-09-10,63.43407781283747
1992-09-11,57.259264512745226
1992-09-12,53.83022207832747
1992-09-13,52.47817094554311
1992-09-14,51.74441798562364
1992-09-15,51.434534807527896
1992-09-16,51.36286995477862
1992-09-17,53.30274333912662
1992-09-18,51.81872584958828
1992-09-19,51.357422402301566
1992-09-20,51.27529694108846
1992-09-21,51.41510989667702
1992-09-22,51.62593472990911
1992-09-23,51.31279476157532
1992-09-24,51.07115864324605
1992-09-25,50.65015439389849
1992-09-26,50.37466358160098
1992-09-27,50.21873875089992
1992-09-28,50.136260349172055
1992-09-29,50.09746782757379
1992-09-30,50.08132536897049
1992-10-01,48.85069051897722
1992-10-02,40.326854554760615
1992-10-03,29.6352786894236
1992-10-04,22.5119597268156
1992-10-05,18.28637748042657
1992-10-06,14.166319878003508
1992-10-07,10.894097105044096
1992-10-08,9.084726464070371
1992-10-09,8.105841727974262
1992-10-10,7.675039160929624
1992-10-11,7.505110958310834
1992-10-12,7.378639435407667
1992-10-13,6.7037693625135
1992-10-14,5.249142959188265
1992-10-15,4.542022770990821
1992-10-16,4.321469048101152
1992-10-17,4.081962349262059
1992-10-18,3.97474102462428
1992-10-19,3.924610113222192
1992-10-20,3.9005152439367343
1992-10-21,3.670099048326133
1992-10-22,2.3418337861096106
1992-10-23,1.1202391699289056
1992-10-24,0.516527037212023
1992-10-25,0.2275745674721022
1992-10-26,0.0927259803590712
1992-10-27,0.0355972498762599
1992-10-28,0.0235726649680525
1992-10-29,0.011193909174766
1992-10-30,0.0067941049091072
1992-10-31,0.0017599568597012
1992-11-01,0.0001845555480561
1992-11-02,0.4589734774343053
1992-11-03,0.8266626169906407
1992-11-04,0.200130630174586
1992-11-05,0.0383114468030057
1992-11-06,0.0067907653325233
1992-11-07,0.0007153724577033
1992-11-08,0.0050406514353851
1992-11-09,10.209304622817672
1992-11-10,50.022324893696
1992-11-11,43.086052979042925
1992-11-12,16.441192517098628
1992-11-13,3.011288120387869
1992-11-14,0.4759731526165406
1992-11-15,0.0627606627407307
1992-11-16,0.0056688433675305
1992-11-17,0.0001406137508999
1992-11-18,0.0006679153167746
1992-11-19,0.0068276764421346
1992-11-20,0.0023069443507019
1992-11-21,0.0011864285232181
1992-11-22,0.000465783049856
1992-11-23,0.0044050772813174
1992-11-24,0.0150055964272858
1992-11-25,0.0092416630107091
1992-11-26,3.971708513318934
1992-11-27,1.514920173573614
1992-11-28,1.0614418815244782
1992-11-29,0.2670575025872929
1992-11-30,0.0346143597574694
1992-12-01,0.0098909470054895
1992-12-02,0.0013138597349712
1992-12-03,0.0036515633436825
1992-12-04,0.0006195793399028
1992-12-05,0.0005624550035997
1992-12-06,0.0002284973452123
1992-12-07,0.0
1992-12-08,8.788359431245498e-06
1992-12-09,0.0010414205926025
1992-12-10,0.0005712433630309
1992-12-11,0.0001054603131749
1992-12-12,7.470105516558675e-05
1992-12-13,6.15185160187185e-05
1992-12-14,0.0
1992-12-15,5.712433630309575e-05
1992-12-16,0.0003339576583873
1992-12-17,8.7883594312455e-05
1992-12-18,0.0
1992-12-19,2.197089857811375e-05
1992-12-20,0.0
1992-12-21,0.0
1992-12-22,0.0
1992-12-23,0.0
1992-12-24,0.0
1992-12-25,0.0
1992-12-26,0.0
1992-12-27,0.0
1992-12-28,6.15185160187185e-05
1992-12-29,0.0
1992-12-30,0.0
1992-12-31,0.0
1993-01-01,0.0
1993-01-02,0.0
1993-01-03,0.0
1993-01-04,0.0
1993-01-05,0.0
1993-01-06,0.0
1993-01-07,0.0
1993-01-08,0.0011380925463462
1993-01-09,0.0003910819946904
1993-01-10,7.470105516558675e-05
1993-01-11,0.0
1993-01-12,0.0
1993-01-13,0.0
1993-01-14,0.0
1993-01-15,0.0
1993-01-16,0.0
1993-01-17,0.0
1993-01-18,0.0
1993-01-19,0.0
1993-01-20,0.0
1993-01-21,0.0
1993-01-22,0.0
1993-01-23,0.0
1993-01-24,0.0
1993-01-25,0.0
1993-01-26,0.0
1993-01-27,0.0
1993-01-28,0.0
1993-01-29,0.0
1993-01-30,0.0
1993-01-31,0.0
1993-02-01,0.0
1993-02-02,0.0
1993-02-03,0.0
1993-02-04,0.0
1993-02-05,0.0
1993-02-06,0.0007695087517998
1993-02-07,0.0084853367980561
1993-02-08,0.0086210290676745
1993-02-09,0.0016390290339272
1993-02-10,0.0001581904697624
1993-02-11,0.0
1993-02-12,0.0
1993-02-13,0.0
1993-02-14,0.0
1993-02-15,0.0
1993-02-16,0.0
1993-02-17,0.0020476877474802
1993-02-18,0.0064800089430345
1993-02-19,0.0039327908454823
1993-02-20,0.0022322432955363
1993-02-21,0.0003866878149748
1993-02-22,7.030687544996399e-05
1993-02-23,0.0
1993-02-24,0.0
1993-02-25,0.0
1993-02-26,0.0
1993-02-27,0.0
1993-02-28,0.0
1993-03-01,0.0
1993-03-02,0.0
1993-03-03,0.0
1993-03-04,0.0
1993-03-05,3.075925800935925e-05
1993-03-06,0.0002504682437904
1993-03-07,0.0001801613683405
1993-03-08,8.348941459683225e-05
1993-03-09,0.0
1993-03-10,0.0
1993-03-11,0.0
1993-03-12,0.0
1993-03-13,0.0
1993-03-14,0.0
1993-03-15,0.0
1993-03-16,0.0
1993-03-17,0.0
1993-03-18,0.0
1993-03-19,0.0
1993-03-20,0.0
1993-03-21,0.0
1993-03-22,0.0
1993-03-23,0.0
1993-03-24,0.0
1993-03-25,0.0
1993-03-26,0.0
1993-03-27,0.0001450079306155
1993-03-28,8.348941459683225e-05
1993-03-29,0.0
1993-03-30,0.0
1993-03-31,0.0
1993-04-01,0.0
1993-04-02,7.470105516558675e-05
1993-04-03,0.0084584444181965
1993-04-04,0.0069116931582973
1993-04-05,0.0029704654877609
1993-04-06,0.0012171877812275
1993-04-07,0.0004569946904247
1993-04-08,0.0003339576583873
1993-04-09,8.7883594312455e-05
1993-04-10,0.0
1993-04-11,0.0027853826381389
1993-04-12,0.0024871057190424
1993-04-13,5.276341877024838
1993-04-14,49.59279242035636
1993-04-15,31.64361286643943
1993-04-16,16.986673859060023
1993-04-17,7.1449239138993885
1993-04-18,2.8888889474779518
1993-04-19,5.275122580037347
1993-04-20,52.93174520647723
1993-04-21,33.9297477881457
1993-04-22,18.965371754634628
1993-04-23,9.120911303658206
1993-04-24,3.769060193934485
1993-04-25,1.4675312303140748
1993-04-26,0.5534207458715802
1993-04-27,0.2004046512216522
1993-04-28,0.0651379139668826
1993-04-29,0.0206932468839992
1993-04-30,0.0059289788066954
1993-05-01,0.0021445354684125
1993-05-02,0.0004174470729841
1993-05-03,0.0622084022340712
1993-05-04,8.114292965937725
1993-05-05,17.196691920896328
1993-05-06,60.950959724003326
1993-05-07,96.93627209042026
1993-05-08,97.47153467956936
1993-05-09,94.79709488475298
1993-05-10,91.69064939648578
1993-05-11,88.17470362136655
1993-05-12,83.83067204233036
1993-05-13,79.31265168708377
1993-05-14,75.0191665330836
1993-05-15,71.4732573737851
1993-05-16,68.29052962872345
1993-05-17,62.15321784022903
1993-05-18,56.61056213159197
1993-05-19,53.44713151463507
1993-05-20,51.97189412347012
1993-05-21,50.96991937910592
1993-05-22,52.71322634033027
1993-05-23,52.05117865961349
1993-05-24,51.7339870818147
1993-05-25,50.94196413505669
1993-05-26,48.5871118005872
1993-05-27,41.12544926093412
1993-05-28,33.78389599925755
1993-05-29,55.67766688039956
1993-05-30,68.6332605305638
1993-05-31,66.33640222844672
1993-06-01,61.5880143651008
1993-06-02,58.97833739707073
1993-06-03,69.91148487417883
1993-06-04,74.03846541886023
1993-06-05,66.48558375095617
1993-06-06,61.12006498464497
1993-06-07,57.42376836415586
1993-06-08,54.95983631856325
1993-06-09,53.17317725910052
1993-06-10,51.73550237074783
1993-06-11,47.015669117564336
1993-06-12,37.56736295080768
1993-06-13,32.56548083575189
1993-06-14,48.71504922184349
1993-06-15,45.38903711921796
1993-06-16,38.06930060829508
1993-06-17,32.51104925277853
1993-06-18,26.205248091871397
1993-06-19,20.745071488030955
1993-06-20,17.251538314434843
1993-06-21,14.04269736546076
1993-06-22,11.797532545052643
1993-06-23,10.509953871659016
1993-06-24,9.49906316088463
1993-06-25,8.004324927443303
1993-06-26,6.626718124268807
1993-06-27,5.791447484982451
1993-06-28,5.167606845358621
1993-06-29,4.746252116236951
1993-06-30,4.440076043916486
1993-07-01,4.2710583153347725
1993-07-02,28.4117230387194
1993-07-03,95.48194115173912
1993-07-04,95.0745679994038
1993-07-05,94.59827547780552
1993-07-06,93.2721041301071
1993-07-07,90.74757652200324
1993-07-08,85.37500105460313
1993-07-09,79.87378474565784
1993-07-10,73.23897430002474
1993-07-11,69.30508877649163
1993-07-12,64.45302867958064
1993-07-13,61.04643312128779
1993-07-14,57.842581148195634
1993-07-15,55.17345690469763
1993-07-16,53.22985901362265
1993-07-17,51.95979343136923
1993-07-18,48.90626124910007
1993-07-19,37.62140696713012
1993-07-20,27.66109185874505
1993-07-21,20.93902706533477
1993-07-22,14.806797233565062
1993-07-23,10.584075773938084
1993-07-24,7.868330514027626
1993-07-25,6.227218287380758
1993-07-26,5.490225059339002
1993-07-27,16.7778104118858
1993-07-28,21.50033255152088
1993-07-29,18.904821188523663
1993-07-30,16.814864068687005
1993-07-31,13.29962944761294
1993-08-01,9.711608930660546
1993-08-02,9.015905524433045
1993-08-03,6.455936044647677
1993-08-04,5.018466452371309
1993-08-05,4.395152059710223
1993-08-06,4.097890547662436
1993-08-07,3.970462851253149
1993-08-08,3.9210893206668462
1993-08-09,3.8963144081286
1993-08-10,3.881457862277268
1993-08-11,3.874577104144168
1993-08-12,3.871401518347282
1993-08-13,3.870208410670896
1993-08-14,3.8693125253104745
1993-08-15,3.869438023083152
1993-08-16,3.872397239470842
1993-08-17,3.872041310913876
1993-08-18,3.8696644112221015
1993-08-19,3.869351545626349
1993-08-20,3.869289675575953
1993-08-21,3.8692334300755937
1993-08-22,3.8692334300755937
1993-08-23,3.8692334300755937
1993-08-24,3.8692334300755937
1993-08-25,3.8692334300755937
1993-08-26,3.869640858418826
1993-08-27,3.869306900760439
1993-08-28,3.8692334300755937
1993-08-29,10.575239957365907
1993-08-30,93.16732913320058
1993-08-31,95.99777883003736
1993-09-01,91.60529913466296
1993-09-02,85.01622172960538
1993-09-03,70.65069399916756
1993-09-04,56.34277097675936
1993-09-05,36.88420404883234
1993-09-06,23.66804063878015
1993-09-07,21.32679901232901
1993-09-08,14.240548998267638
1993-09-09,9.790196022599444
1993-09-10,6.7766999147880655
1993-09-11,5.081193016277447
1993-09-12,4.341393313534917
1993-09-13,4.025702963294186
1993-09-14,3.9138004311217593
1993-09-15,3.880069125719942
1993-09-16,3.873292949064074
1993-09-17,4.072134678444474
1993-09-18,5.066792762047785
1993-09-19,4.727934187140028
1993-09-20,8.11731000973047
1993-09-21,12.175924851793106
1993-09-22,23.893162550902176
1993-09-23,41.87377156311869
1993-09-24,25.4980901137284
1993-09-25,14.532621335605649
1993-09-26,8.99913047971787
1993-09-27,5.382525472180975
1993-09-28,4.277720067550845
1993-09-29,6.236606188692405
1993-09-30,32.837528193057054
1993-10-01,52.90117296475657
1993-10-02,45.741414124370046
1993-10-03,33.752684140737486
1993-10-04,21.480535717298864
1993-10-05,9.648596042004138
1993-10-06,5.298805978334232
1993-10-07,4.156878367699333
1993-10-08,3.9151817854571616
1993-10-09,3.875057827405057
1993-10-10,3.870021570149388
1993-10-11,3.8692334300755937
1993-10-12,3.8692334300755937
1993-10-13,3.654054843581263
1993-10-14,2.215637690391018
1993-10-15,0.9050955611051116
1993-10-16,1.4974932083558314
1993-10-17,4.518406867294366
1993-10-18,2.4676945180323075
1993-10-19,1.0859953274050576
1993-10-20,0.4421870078518718
1993-10-21,0.2249522967850072
1993-10-22,0.1204819044163966
1993-10-23,0.0369021454846112
1993-10-24,0.0107817351174406
1993-10-25,0.0119859161267098
1993-10-26,0.0017093359093772
1993-10-27,0.0002153148060655
1993-10-28,0.0002241031654967
1993-10-29,0.0003383518381029
1993-10-30,0.016299770237131
1993-10-31,0.0239721837877969
1993-11-01,0.0066251926408387
1993-11-02,0.0009563492733081
1993-11-03,0.0
1993-11-04,0.0079735027447804
1993-11-05,0.0112585915001799
1993-11-06,0.0044977065897228
1993-11-07,0.0011029391086213
1993-11-08,0.0001537962900467
1993-11-09,0.0
1993-11-10,0.0002548624235061
1993-11-11,0.0020037459503239
1993-11-12,0.0008436825053995
1993-11-13,0.0002460740640748
1993-11-14,0.0001801613683405
1993-11-15,0.004791413561915
1993-11-16,0.023865317337113
1993-11-17,0.0102906415924226
1993-11-18,0.0021654517638588
1993-11-19,0.0002404495140388
1993-11-20,0.0
1993-11-21,0.0
1993-11-22,0.0
1993-11-23,0.0
1993-11-24,0.0
1993-11-25,0.0008812966837652
1993-11-26,0.0003207751192404
1993-11-27,7.470105516558675e-05
1993-11-28,8.788359431245498e-06
1993-11-29,0.4673282192112131
1993-11-30,3.699710019292207
1993-12-01,1.355667366923146
1993-12-02,0.2681985831758459
1993-12-03,0.0364671216927645
1993-12-04,0.0049895031834953
1993-12-05,0.0008797147790676
1993-12-06,0.0
1993-12-07,0.0
1993-12-08,0.0
1993-12-09,0.0
1993-12-10,0.0
1993-12-11,0.0
1993-12-12,0.0
1993-12-13,0.0
1993-12-14,0.0002021322669186
1993-12-15,0.0019949575908927
1993-12-16,0.0005492724644528
1993-12-17,7.90952348812095e-05
1993-12-18,0.0
1993-12-19,0.0
1993-12-20,6.15185160187185e-05
1993-12-21,0.0
1993-12-22,0.0
1993-12-23,0.0
1993-12-24,0.0
1993-12-25,0.0
1993-12-26,0.0
1993-12-27,0.0
1993-12-28,0.0
1993-12-29,0.0
1993-12-30,0.0
1993-12-31,0.0
1994-01-01,0.0
1994-01-02,0.0
1994-01-03,0.0
1994-01-04,0.0
1994-01-05,0.0
1994-01-06,0.0
1994-01-07,0.0
1994-01-08,0.0
1994-01-09,0.0
1994-01-10,0.0
1994-01-11,0.0
1994-01-12,0.0
1994-01-13,0.0
1994-01-14,0.0
1994-01-15,0.0
1994-01-16,0.0
1994-01-17,0.0
1994-01-18,0.0
1994-01-19,0.0
1994-01-20,0.0
1994-01-21,0.0
1994-01-22,0.0
1994-01-23,0.0
1994-01-24,0.0012743121175305
1994-01-25,0.0008832301228401
1994-01-26,8.7883594312455e-05
1994-01-27,0.0
1994-01-28,0.0
1994-01-29,0.0
1994-01-30,0.0
1994-01-31,0.0
1994-02-01,0.0159619457005939
1994-02-02,0.0034494310767638
1994-02-03,0.0006371560587652
1994-02-04,7.90952348812095e-05
1994-02-05,0.0
1994-02-06,0.0
1994-02-07,0.0
1994-02-08,0.0
1994-02-09,0.0
1994-02-10,0.0
1994-02-11,1.3182539146868248e-05
1994-02-12,0.0
1994-02-13,0.0
1994-02-14,0.0
1994-02-15,0.0
1994-02-16,0.0
1994-02-17,0.0
1994-02-18,0.0
1994-02-19,0.0
1994-02-20,0.0
1994-02-21,0.0
1994-02-22,0.0001450079306155
1994-02-23,0.0008304999662526
1994-02-24,0.0001318253914686
1994-02-25,0.0
1994-02-26,0.0097821471157307
1994-02-27,0.0219573645045896
1994-02-28,0.0186255216770158
1994-03-01,0.0039055469312454
1994-03-02,0.0003998703541216
1994-03-03,7.90952348812095e-05
1994-03-04,0.0
1994-03-05,0.0
1994-03-06,0.0
1994-03-07,0.0
1994-03-08,0.0
1994-03-09,0.0
1994-03-10,0.0
1994-03-11,0.0
1994-03-12,0.0
1994-03-13,1.3182539146868248e-05
1994-03-14,0.0001054603131749
1994-03-15,0.0001054603131749
1994-03-16,0.0001010661334593
1994-03-17,0.0001757671886249
1994-03-18,7.470105516558675e-05
1994-03-19,0.0
1994-03-20,0.0
1994-03-21,0.0
1994-03-22,0.0
1994-03-23,0.0
1994-03-24,0.0001142486726061
1994-03-25,0.0001054603131749
1994-03-26,6.591269573434125e-05
1994-03-27,0.0
1994-03-28,0.0
1994-03-29,0.0
1994-03-30,0.0
1994-03-31,0.0
1994-04-01,0.0
1994-04-02,0.0
1994-04-03,0.0
1994-04-04,7.90952348812095e-05
1994-04-05,0.0158441816842152
1994-04-06,0.0108729582883369
1994-04-07,0.0042403834255759
1994-04-08,0.0109378163809395
1994-04-09,0.0130529987288516
1994-04-10,0.0054399944879409
1994-04-11,0.0021092062634989
1994-04-12,0.0006898862153527
1994-04-13,0.0001801613683405
1994-04-14,7.90952348812095e-05
1994-04-15,0.0
1994-04-16,0.0
1994-04-17,7.030687544996399e-05
1994-04-18,0.0
1994-04-19,0.0
1994-04-20,0.4148151351016919
1994-04-21,3.3593414284669727
1994-04-22,2.160563151041666
1994-04-23,1.007292756423236
1994-04-24,0.4068604394460942
1994-04-25,0.1751186076988841
1994-04-26,0.0609949055638048
1994-04-27,0.0378171894685925
1994-04-28,0.0165275645135889
1994-04-29,0.004548679074424
1994-04-30,0.0015522000427465
1994-05-01,0.0003163809395248
1994-05-02,9.227777402807774e-05
1994-05-03,0.0
1994-05-04,0.0
1994-05-05,0.0
1994-05-06,0.0285723626484881
1994-05-07,0.0314623267638588
1994-05-08,0.0226915440514758
1994-05-09,0.016107656699964
1994-05-10,0.0106444609431245
1994-05-11,0.0066747589880309
1994-05-12,0.0039767326426385
1994-05-13,0.0019773808720302
1994-05-14,0.0008788359431245
1994-05-15,0.0003471401975341
1994-05-16,0.0001054603131749
1994-05-17,0.0001010661334593
1994-05-18,0.0131052015838732
1994-05-19,0.0088637635551655
1994-05-20,0.003831724712023
1994-05-21,0.0017444893471022
1994-05-22,0.1581069803478221
1994-05-23,32.60453612929715
1994-05-24,51.97118209058899
1994-05-25,42.524220191290944
1994-05-26,33.42309728502969
1994-05-27,27.067563325402716
1994-05-28,21.819787483407577
1994-05-29,15.59060148235016
1994-05-30,11.82453442787077
1994-05-31,7.8113534706286
1994-06-01,4.891367967906318
1994-06-02,3.00627471286672
1994-06-03,1.682187788258189
1994-06-04,0.9405495607226422
1994-06-05,0.5588312114718322
1994-06-06,0.3175163955633548
1994-06-07,0.1569783792296616
1994-06-08,0.0719622508324333
1994-06-09,0.0293260523533117
1994-06-10,0.0120333732676385
1994-06-11,0.0050984788404427
1994-06-12,0.0030362024163066
1994-06-13,0.0017835096629769
1994-06-14,0.0049148021283297
1994-06-15,0.9904175244105472
1994-06-16,0.8520210765951223
1994-06-17,0.6155871397475702
1994-06-18,0.4265036531452483
1994-06-19,0.3004940464137868
1994-06-20,11.34929844284332
1994-06-21,13.441281982597642
1994-06-22,20.043671115685743
1994-06-23,15.116238005647045
1994-06-24,13.229076849633277
1994-06-25,11.407600595077392
1994-06-26,7.6504354456331
1994-06-27,4.566086529483891
1994-06-28,2.730853328608711
1994-06-29,18.83428317922066
1994-06-30,93.40594732890118
1994-07-01,90.73576356079012
1994-07-02,87.53819315548506
1994-07-03,83.0680115317337
1994-07-04,79.19914879465892
1994-07-05,75.49967817027763
1994-07-06,72.83845975915675
1994-07-07,70.71519967855697
1994-07-08,67.53703432241045
1994-07-09,63.39178418460898
1994-07-10,59.424483209312
1994-07-11,54.57881137087157
1994-07-12,44.71255860078068
1994-07-13,35.070479654596376
1994-07-14,26.853248107338917
1994-07-15,17.287957451685113
1994-07-16,10.95421879921481
1994-07-17,7.052079290687995
1994-07-18,4.207211938669906
1994-07-19,6.881903080566055
1994-07-20,62.22970820537481
1994-07-21,92.41061113548416
1994-07-22,94.96003634162392
1994-07-23,92.47512208788922
1994-07-24,87.83888669765794
1994-07-25,81.26786919546436
1994-07-26,75.15424379330904
1994-07-27,72.67084307083559
1994-07-28,75.01899533584188
1994-07-29,72.0109722667499
1994-07-30,80.36347828501845
1994-07-31,81.33650593108801
1994-08-01,79.56629077095707
1994-08-02,76.05490826358891
1994-08-03,72.16540764629454
1994-08-04,69.13804825301476
1994-08-05,66.96730941212203
1994-08-06,63.35044145687095
1994-08-07,69.44703642458603
1994-08-08,80.06756420423866
1994-08-09,82.03558459463868
1994-08-10,76.52740175317224
1994-08-11,70.86907383346832
1994-08-12,64.88050291914146
1994-08-13,59.09324379049677
1994-08-14,55.694133805233086
1994-08-15,53.59920985618025
1994-08-16,52.459874108508814
1994-08-17,51.77281616298821
1994-08-18,51.42886280035098
1994-08-19,51.0482470386744
1994-08-20,50.52962134123021
1994-08-21,50.28087930699918
1994-08-22,50.16847988098452
1994-08-23,50.11687445863706
1994-08-24,50.13968956702215
1994-08-25,51.1444880112716
1994-08-26,50.38009935767638
1994-08-27,46.16865494510439
1994-08-28,29.480269781542475
1994-08-29,17.640831174912254
1994-08-30,11.324916721506028
1994-08-31,17.682389920525107
1994-09-01,18.502755502216072
1994-09-02,11.987344586651815
1994-09-03,6.552644030665046
1994-09-04,4.664782266637419
1994-09-05,4.108030908308585
1994-09-06,3.9507887025287975
1994-09-07,3.3826267140816237
1994-09-08,1.706898545772588
1994-09-09,0.815834479335403
1994-09-10,0.3973832484026278
1994-09-11,0.2160925758751799
1994-09-12,0.1054339480966522
1994-09-13,0.0588600372907667
1994-09-14,0.0512929082860871
1994-09-15,0.0386109540924225
1994-09-16,0.018005942337113
1994-09-17,0.00915079137419
1994-09-18,0.0032263825143988
1994-09-19,0.001160239212113
1994-09-20,0.0145916646980741
1994-09-21,3.3846684257446897
1994-09-22,2.215974108790047
1994-09-23,1.2853887899905507
1994-09-24,1.0550218091927643
1994-09-25,0.2335434454306155
1994-09-26,0.0369362443192044
1994-09-27,0.004520556324244
1994-09-28,0.0024389455093592
1994-09-29,0.1476646516716162
1994-09-30,0.9664221393538516
1994-10-01,0.8056449038764399
1994-10-02,1.1160058171908744
1994-10-03,0.9658749760956624
1994-10-04,0.4683724520788336
1994-10-05,0.1317527996197804
1994-10-06,0.0266427904517638
1994-10-07,0.0045242474352051
1994-10-08,0.0008282149928005
1994-10-09,0.0001010661334593
1994-10-10,0.0001713730089092
1994-10-11,0.8655335307550396
1994-10-12,1.9093447328901187
1994-10-13,0.9926095170198884
1994-10-14,0.3346116880962023
1994-10-15,0.0891847988098452
1994-10-16,1.7830894036289595
1994-10-17,9.290097944508188
1994-10-18,4.691911580667296
1994-10-19,1.527090469481191
1994-10-20,0.4679253003509718
1994-10-21,0.1409317137441504
1994-10-22,0.0257989321791756
1994-10-23,0.0049930185272678
1994-10-24,0.0008037833535817
1994-10-25,0.0
1994-10-26,8.788359431245498e-06
1994-10-27,0.0002548624235061
1994-10-28,0.0009271719199964
1994-10-29,0.0087639277920266
1994-10-30,3.43477472974037
1994-10-31,4.462101606090263
1994-11-01,1.966197508886789
1994-11-02,0.4512982516086212
1994-11-03,0.0770681118947984
1994-11-04,0.0140176090600251
1994-11-05,0.0043212363323434
1994-11-06,0.0019394151592872
1994-11-07,0.0003910819946904
1994-11-08,6.591269573434125e-05
1994-11-09,0.0
1994-11-10,3.075925800935925e-05
1994-11-11,0.0001406137508999
1994-11-12,0.000430629612131
1994-11-13,0.0001845555480561
1994-11-14,0.0003339576583873
1994-11-15,0.0002680449626529
1994-11-16,0.0001054603131749
1994-11-17,7.470105516558675e-05
1994-11-18,0.0
1994-11-19,0.0
1994-11-20,0.0
1994-11-21,0.0
1994-11-22,0.0
1994-11-23,0.0
1994-11-24,0.0
1994-11-25,0.0
1994-11-26,0.0007953465285277
1994-11-27,0.037604686937545
1994-11-28,0.5203520827708782
1994-11-29,0.1528404680750539
1994-11-30,0.0251786497705183
1994-12-01,0.0034281632469402
1994-12-02,0.0002372857046436
1994-12-03,7.030687544996399e-05
1994-12-04,0.0
1994-12-05,6.15185160187185e-05
1994-12-06,0.0
1994-12-07,0.0
1994-12-08,0.0
1994-12-09,0.0
1994-12-10,0.0
1994-12-11,0.0
1994-12-12,0.0
1994-12-13,0.0
1994-12-14,0.0
1994-12-15,0.0
1994-12-16,0.0
1994-12-17,0.0
1994-12-18,0.0
1994-12-19,0.0
1994-12-20,0.0
1994-12-21,0.0
1994-12-22,0.0
1994-12-23,0.0
1994-12-24,0.0
1994-12-25,0.0
1994-12-26,0.0
1994-12-27,0.0
1994-12-28,0.0
1994-12-29,0.0
1994-12-30,0.0
1994-12-31,0.0
1995-01-01,0.0
1995-01-02,0.0
1995-01-03,0.0
1995-01-04,0.0
1995-01-05,0.0
1995-01-06,0.0
1995-01-07,0.0
1995-01-08,0.0
1995-01-09,0.0
1995-01-10,0.0002153148060655
1995-01-11,0.978094311048866
1995-01-12,1.5062131943507018
1995-01-13,0.2879460268178545
1995-01-14,0.0348509423933585
1995-01-15,0.0063608387891468
1995-01-16,0.007289065312275
1995-01-17,0.0007689814502339
1995-01-18,7.90952348812095e-05
1995-01-19,0.0
1995-01-20,0.0
1995-01-21,0.0
1995-01-22,0.0
1995-01-23,0.0
1995-01-24,0.0
1995-01-25,0.0
1995-01-26,0.0
1995-01-27,0.0
1995-01-28,0.0
1995-01-29,0.0
1995-01-30,0.0
1995-01-31,0.0001010661334593
1995-02-01,0.0002548624235061
1995-02-02,8.7883594312455e-05
1995-02-03,0.0106544796728761
1995-02-04,0.0029880422066234
1995-02-05,0.0003163809395248
1995-02-06,6.591269573434125e-05
1995-02-07,0.0
1995-02-08,0.0
1995-02-09,0.0
1995-02-10,0.0
1995-02-11,0.0
1995-02-12,0.0
1995-02-13,0.0
1995-02-14,0.0
1995-02-15,0.0
1995-02-16,0.0
1995-02-17,0.0
1995-02-18,0.0
1995-02-19,0.0
1995-02-20,0.0
1995-02-21,0.0008173174271058
1995-02-22,0.0009227777402807
1995-02-23,0.010581887823974
1995-02-24,0.0033923067404607
1995-02-25,0.0007030687544996
1995-02-26,8.348941459683225e-05
1995-02-27,0.0
1995-02-28,0.0
1995-03-01,0.0
1995-03-02,0.0
1995-03-03,0.0
1995-03-04,0.0
1995-03-05,0.0
1995-03-06,0.0
1995-03-07,8.788359431245498e-06
1995-03-08,0.0
1995-03-09,0.0
1995-03-10,0.0
1995-03-11,0.0
1995-03-12,0.0
1995-03-13,0.0
1995-03-14,0.0
1995-03-15,0.0
1995-03-16,0.0
1995-03-17,0.0
1995-03-18,0.0
1995-03-19,0.0
1995-03-20,0.0
1995-03-21,5.2730156587472994e-05
1995-03-22,0.003027589824064
1995-03-23,0.0025793834930705
1995-03-24,0.000931566099712
1995-03-25,0.0002504682437904
1995-03-26,7.470105516558675e-05
1995-03-27,0.0001406137508999
1995-03-28,8.348941459683225e-05
1995-03-29,0.0
1995-03-30,1.7576718862490997e-05
1995-03-31,0.0
1995-04-01,0.0
1995-04-02,0.0
1995-04-03,0.0
1995-04-04,0.0
1995-04-05,0.0
1995-04-06,0.0
1995-04-07,0.0
1995-04-08,0.0017488835268178
1995-04-09,0.0030056189254859
1995-04-10,0.0018894972777177
1995-04-11,0.0009974787954463
1995-04-12,0.0004174470729841
1995-04-13,0.005919311611321
1995-04-14,0.0696579429895608
1995-04-15,0.0305397247907667
1995-04-16,0.011957266074964
1995-04-17,0.0037218702191324
1995-04-18,0.0011468809057775
1995-04-19,0.0005229073861591
1995-04-20,0.0001757671886249
1995-04-21,7.470105516558675e-05
1995-04-22,0.0
1995-04-23,0.0
1995-04-24,0.0
1995-04-25,0.0
1995-04-26,3.5153437724981994e-05
1995-04-27,1.1637930488998378
1995-04-28,59.5429253355044
1995-04-29,51.94919273645608
1995-04-30,32.211973120275374
1995-05-01,19.64670144747795
1995-05-02,9.92356447421706
1995-05-03,4.590335195059395
1995-05-04,1.900676422448704
1995-05-05,0.7878894297831174
1995-05-06,5.815913926104661
1995-05-07,3.51999140849982
1995-05-08,1.4507451122660184
1995-05-09,0.5159981537414507
1995-05-10,0.1848626133346832
1995-05-11,0.0671741768471022
1995-05-12,0.0265259052713282
1995-05-13,0.013165313962383
1995-05-14,0.0072465296526277
1995-05-15,0.0025366720662347
1995-05-16,0.0012338856641468
1995-05-17,0.0002592566032217
1995-05-18,0.0001054603131749
1995-05-19,2.768823962832973
1995-05-20,5.905798102558045
1995-05-21,3.7832428483846288
1995-05-22,2.3678932052623285
1995-05-23,1.4402296644393449
1995-05-24,0.8537833184282756
1995-05-25,0.4739219495252879
1995-05-26,0.2445257309102771
1995-05-27,0.1333280251642368
1995-05-28,0.0811884463305435
1995-05-29,0.0411476261586572
1995-05-30,0.0232714000067494
1995-05-31,0.0105694083535817
1995-06-01,0.0042461837428005
1995-06-02,0.0017000202483801
1995-06-03,0.0004496124685025
1995-06-04,0.0001054603131749
1995-06-05,0.0086155802848272
1995-06-06,27.05487486782307
1995-06-07,35.4895388642346
1995-06-08,28.40789430204958
1995-06-09,28.04778793477772
1995-06-10,26.234121895248386
1995-06-11,17.165093023026905
1995-06-12,9.573816243138047
1995-06-13,5.197091263948883
1995-06-14,2.779537851815604
1995-06-15,4.2279304960290665
1995-06-16,23.177673032251167
1995-06-17,45.46991797296841
1995-06-18,39.60618394669051
1995-06-19,32.76940047921166
1995-06-20,25.70908561690065
1995-06-21,18.40333947112356
1995-06-22,12.2264125705881
1995-06-23,12.690288019145967
1995-06-24,46.04914714244735
1995-06-25,41.98314533274837
1995-06-26,32.783808818732
1995-06-27,25.789696843783744
1995-06-28,20.65188833721427
1995-06-29,15.933884293162796
1995-06-30,11.477906943225792
1995-07-01,9.349366992046884
1995-07-02,11.73793094599307
1995-07-03,13.658387856315242
1995-07-04,10.168622603941683
1995-07-05,51.9471573524118
1995-07-06,90.20308123397002
1995-07-07,87.36369324829013
1995-07-08,83.50485293207794
1995-07-09,78.09414477310564
1995-07-10,71.47188972929041
1995-07-11,63.47329147261969
1995-07-12,52.85352265568754
1995-07-13,45.61650833558316
1995-07-14,41.85256156070014
1995-07-15,48.60613139230112
1995-07-16,49.14808702022588
1995-07-17,48.857344888971376
1995-07-18,57.4373578043444
1995-07-19,62.201547137947706
1995-07-20,58.97705974537661
1995-07-21,51.55155972287841
1995-07-22,39.56045670643224
1995-07-23,31.465914699480287
1995-07-24,60.797705324199065
1995-07-25,64.63384284725973
1995-07-26,65.32892597107858
1995-07-27,65.22887348699604
1995-07-28,63.983611994634174
1995-07-29,62.82893141986141
1995-07-30,59.21815291886024
1995-07-31,56.28709039214362
1995-08-01,54.37469469239336
1995-08-02,53.10317287898216
1995-08-03,51.72882005377068
1995-08-04,47.66747994144843
1995-08-05,41.61895448754724
1995-08-06,35.1887407405845
1995-08-07,29.35139815767863
1995-08-08,21.930533819013228
1995-08-09,18.15842476742485
1995-08-10,15.153503286143357
1995-08-11,16.631775473587112
1995-08-12,14.541072573569112
1995-08-13,12.309606520540855
1995-08-14,47.622119000011246
1995-08-15,64.22527904798865
1995-08-16,46.272244216556416
1995-08-17,33.923385191684666
1995-08-18,25.33653212039912
1995-08-19,17.91619139218862
1995-08-20,11.941365647779428
1995-08-21,8.319101991371939
1995-08-22,5.999393075897677
1995-08-23,4.8212148887464
1995-08-24,4.388633909287257
1995-08-25,4.116444356326493
1995-08-26,3.962796238019708
1995-08-27,3.9059290491135705
1995-08-28,3.885256542757829
1995-08-29,3.8771510388543913
1995-08-30,3.871347382053185
1995-08-31,3.53100462900468
1995-09-01,1.917576086100612
1995-09-02,0.8337077174451043
1995-09-03,0.338558364549586
1995-09-04,0.1303445529045176
1995-09-05,0.0476373022970662
1995-09-06,0.0173526156969942
1995-09-07,0.0067274891446184
1995-09-08,1.2670587329576133
1995-09-09,6.065311044647678
1995-09-10,8.266014500089991
1995-09-11,12.473467239808311
1995-09-12,31.19095821943619
1995-09-13,68.10797290513634
1995-09-14,55.44130325042746
1995-09-15,36.90352859661853
1995-09-16,20.166784079148663
1995-09-17,9.105981814423597
1995-09-18,3.940574343896238
1995-09-19,1.7975339511901545
1995-09-20,0.7440917617215622
1995-09-21,0.2967792068821994
1995-09-22,0.3231196777695284
1995-09-23,0.1678483494757919
1995-09-24,0.0657335889691324
1995-09-25,0.0229110772700683
1995-09-26,0.024572428736951
1995-09-27,5.346958981562724
1995-09-28,22.00430735072444
1995-09-29,17.03758078259989
1995-09-30,7.294879866641918
1995-10-01,2.816744777605291
1995-10-02,1.0613467914754318
1995-10-03,7.038378941403437
1995-10-04,3.8814740328586206
1995-10-05,1.9730390709368248
1995-10-06,3.3980300716567675
1995-10-07,3.205525979796616
1995-10-08,1.4525446167431604
1995-10-09,0.2972246009381749
1995-10-10,0.0470804718435025
1995-10-11,0.0137093134111771
1995-10-12,2.4180988177195823
1995-10-13,7.794749095853581
1995-10-14,1.6809227918016554
1995-10-15,0.2562936957230921
1995-10-16,0.0392924034827213
1995-10-17,0.0064156781519978
1995-10-18,0.0008828785884629
1995-10-19,0.0015797954913606
1995-10-20,0.0003309696161807
1995-10-21,0.0
1995-10-22,0.0017072267031137
1995-10-23,0.0009069586933045
1995-10-24,0.0
1995-10-25,0.0096454002429805
1995-10-26,0.0172232510461663
1995-10-27,0.0076861233913786
1995-10-28,0.001665394112221
1995-10-29,0.0006503385979121
1995-10-30,0.0001494021103311
1995-10-31,0.0
1995-11-01,0.0004286961730561
1995-11-02,0.0005536666441684
1995-11-03,0.0025354416959143
1995-11-04,0.0010106613345932
1995-11-05,0.0001494021103311
1995-11-06,3.5153437724981994e-05
1995-11-07,0.0
1995-11-08,0.1157789017503599
1995-11-09,0.1964511198479121
1995-11-10,0.060098844436195
1995-11-11,0.0133936355404067
1995-11-12,0.0022849734521238
1995-11-13,0.0008348941459683
1995-11-14,0.0014281084075773
1995-11-15,0.0003910819946904
1995-11-16,6.591269573434125e-05
1995-11-17,0.0
1995-11-18,0.0
1995-11-19,0.0
1995-11-20,0.0
1995-11-21,0.0
1995-11-22,0.0
1995-11-23,0.0
1995-11-24,0.0
1995-11-25,2.197089857811375e-05
1995-11-26,1.3182539146868248e-05
1995-11-27,7.030687544996399e-05
1995-11-28,0.0
1995-11-29,0.0043671115685745
1995-11-30,0.0199388541104211
1995-12-01,0.0137898147835673
1995-12-02,0.0027024205251079
1995-12-03,0.0003778994555435
1995-12-04,5.712433630309575e-05
1995-12-05,0.0
1995-12-06,0.0
1995-12-07,0.0
1995-12-08,0.0037415561442584
1995-12-09,0.0025574125944924
1995-12-10,0.0005668491833153
1995-12-11,8.348941459683225e-05
1995-12-12,0.0
1995-12-13,0.0
1995-12-14,0.0
1995-12-15,0.0
1995-12-16,0.0
1995-12-17,0.0
1995-12-18,0.0
1995-12-19,0.0
1995-12-20,0.0
1995-12-21,0.0
1995-12-22,0.0
1995-12-23,0.0
1995-12-24,0.0
1995-12-25,0.0
1995-12-26,0.0
1995-12-27,0.0
1995-12-28,0.0
1995-12-29,0.0
1995-12-30,0.0
1995-12-31,0.0
1996-01-01,0.0
1996-01-02,0.0
1996-01-03,0.0094042476601871
1996-01-04,0.0430063641783657
1996-01-05,0.0154824528100251
1996-01-06,0.0034274601781857
1996-01-07,0.0007689814502339
1996-01-08,0.0001054603131749
1996-01-09,0.0030961390276277
1996-01-10,0.0085456249437544
1996-01-11,0.0073867918691504
1996-01-12,0.0027771215802735
1996-01-13,0.0006239735196184
1996-01-14,7.470105516558675e-05
1996-01-15,0.0
1996-01-16,0.0
1996-01-17,0.0
1996-01-18,0.0
1996-01-19,1.7576718862490997e-05
1996-01-20,0.0001054603131749
1996-01-21,6.15185160187185e-05
1996-01-22,0.0
1996-01-23,0.0
1996-01-24,0.0004350237918466
1996-01-25,0.0002460740640748
1996-01-26,7.030687544996399e-05
1996-01-27,0.0
1996-01-28,0.0
1996-01-29,0.0
1996-01-30,0.0
1996-01-31,0.0
1996-02-01,0.0
1996-02-02,0.0
1996-02-03,0.0
1996-02-04,0.0
1996-02-05,3.075925800935925e-05
1996-02-06,0.0
1996-02-07,0.0
1996-02-08,0.0
1996-02-09,3.075925800935925e-05
1996-02-10,0.0
1996-02-11,0.0
1996-02-12,0.0
1996-02-13,0.0
1996-02-14,0.0
1996-02-15,0.0
1996-02-16,0.0
1996-02-17,0.0
1996-02-18,0.0
1996-02-19,0.0
1996-02-20,0.0
1996-02-21,0.0
1996-02-22,0.0
1996-02-23,0.0
1996-02-24,0.0
1996-02-25,0.0
1996-02-26,0.0
1996-02-27,0.0
1996-02-28,0.0
1996-02-29,0.0
1996-03-01,0.0
1996-03-02,0.0
1996-03-03,0.0
1996-03-04,0.0
1996-03-05,0.0
1996-03-06,0.0
1996-03-07,0.0
1996-03-08,0.0
1996-03-09,0.0
1996-03-10,0.0
1996-03-11,0.0
1996-03-12,0.0002372857046436
1996-03-13,0.0001713730089092
1996-03-14,7.90952348812095e-05
1996-03-15,0.0
1996-03-16,0.0
1996-03-17,0.0
1996-03-18,0.0
1996-03-19,0.0
1996-03-20,0.0
1996-03-21,0.0
1996-03-22,8.788359431245498e-06
1996-03-23,0.0
1996-03-24,0.0
1996-03-25,0.0010194496940244
1996-03-26,0.0037570236568574
1996-03-27,0.0020740528257739
1996-03-28,0.0008832301228401
1996-03-29,0.0003339576583873
1996-03-30,0.0001054603131749
1996-03-31,6.591269573434125e-05
1996-04-01,0.0
1996-04-02,0.1313708575188984
1996-04-03,46.106612467096376
1996-04-04,71.56187497187724
1996-04-05,85.11936174012327
1996-04-06,78.84324256012644
1996-04-07,65.35125227091206
1996-04-08,54.27556252531047
1996-04-09,34.945876536908294
1996-04-10,16.863523281418733
1996-04-11,8.535005090217782
1996-04-12,5.442175231450233
1996-04-13,3.820866869712922
1996-04-14,1.9227304589070373
1996-04-15,2.649500364189614
1996-04-16,1.2656663052893269
1996-04-17,0.4207314586708063
1996-04-18,0.1268072382334413
1996-04-19,0.0365131726961842
1996-04-20,0.0116618014308855
1996-04-21,0.0049884485803635
1996-04-22,0.0068717940064794
1996-04-23,0.0162755143651007
1996-04-24,0.1457774393673506
1996-04-25,0.1249639677263318
1996-04-26,0.0694241726286897
1996-04-27,0.036483292274118
1996-04-28,0.0180940016986141
1996-04-29,0.0089187786852051
1996-04-30,0.0034900332973362
1996-05-01,0.0018511800305975
1996-05-02,0.000841573299136
1996-05-03,0.0
1996-05-04,0.0
1996-05-05,0.0
1996-05-06,0.0
1996-05-07,0.0
1996-05-08,0.0
1996-05-09,0.0
1996-05-10,0.0
1996-05-11,0.0
1996-05-12,0.0
1996-05-13,0.0
1996-05-14,0.0
1996-05-15,0.0
1996-05-16,3.237438446330544
1996-05-17,11.823532906429982
1996-05-18,9.55492531300621
1996-05-19,7.257980884966702
1996-05-20,5.3445446434597725
1996-05-21,4.151491806436734
1996-05-22,13.689776888161443
1996-05-23,32.37234767312364
1996-05-24,26.590767230809032
1996-05-25,21.199028921436284
1996-05-26,14.203501317550844
1996-05-27,9.211171621895248
1996-05-28,5.709425902177825
1996-05-29,3.488705376226152
1996-05-30,2.0869643319159468
1996-05-31,1.362686102299316
1996-06-01,0.9330873647295715
1996-06-02,0.5945326912909468
1996-06-03,0.3428247615190784
1996-06-04,0.1817894998087653
1996-06-05,0.0924904523263138
1996-06-06,0.0477076091725161
1996-06-07,0.0264352094019978
1996-06-08,0.012376646587023
1996-06-09,0.0061623976331893
1996-06-10,0.0034629651502879
1996-06-11,0.0016441262823974
1996-06-12,0.0008876243025557
1996-06-13,1.065864887059035
1996-06-14,59.12451048837968
1996-06-15,85.93705689091748
1996-06-16,90.04528729498514
1996-06-17,88.76175530957524
1996-06-18,85.50055296357542
1996-06-19,81.61912410288427
1996-06-20,79.03596706404113
1996-06-21,76.41075983452573
1996-06-22,71.69279375618699
1996-06-23,66.08082917819699
1996-06-24,61.53099900445465
1996-06-25,61.52673032251169
1996-06-26,64.38609319457566
1996-06-27,77.67563044175216
1996-06-28,76.47559208935161
1996-06-29,72.25026048697353
1996-06-30,67.55612527560295
1996-07-01,64.17346745072894
1996-07-02,65.1962150645136
1996-07-03,62.35889779208287
1996-07-04,64.78188311341341
1996-07-05,67.73894582574019
1996-07-06,63.80182020985196
1996-07-07,86.26704590195284
1996-07-08,94.33301097630938
1996-07-09,93.24112709655104
1996-07-10,91.08144172684936
1996-07-11,85.21052585324425
1996-07-12,79.22091633059979
1996-07-13,74.6143427080521
1996-07-14,71.25438099717647
1996-07-15,68.801192193687
1996-07-16,67.21804482203923
1996-07-17,65.73907466308944
1996-07-18,62.11759422527448
1996-07-19,58.44629872969538
1996-07-20,56.099355918714
1996-07-21,54.49169236382964
1996-07-22,53.074823564896064
1996-07-23,52.2433415873605
1996-07-24,51.81174349802016
1996-07-25,51.41394262677735
1996-07-26,50.9163569648803
1996-07-27,50.68029231489605
1996-07-28,50.48750998357631
1996-07-29,50.28147797004364
1996-07-30,50.17914420361996
1996-07-31,50.12670037178276
1996-08-01,50.10048276216028
1996-08-02,51.84897397661312
1996-08-03,52.10489592473227
1996-08-04,79.74955073906587
1996-08-05,94.94041703226242
1996-08-06,93.25837618537392
1996-08-07,88.79014083170223
1996-08-08,82.35501825869555
1996-08-09,77.89449012047785
1996-08-10,73.29414656593097
1996-08-11,69.73036030164461
1996-08-12,67.45163783381705
1996-08-13,76.41496119763544
1996-08-14,73.45530539197489
1996-08-15,67.43890631327619
1996-08-16,59.58130216770158
1996-08-17,55.15395078940559
1996-08-18,52.53838878436599
1996-08-19,51.26442767391108
1996-08-20,50.62149801453384
1996-08-21,50.30911085706892
1996-08-22,50.16442422887419
1996-08-23,50.12106826375765
1996-08-24,56.81497374741269
1996-08-25,69.52255444564435
1996-08-26,71.60769923562366
1996-08-27,74.34799899601781
1996-08-28,65.96340368942359
1996-08-29,58.58412252801025
1996-08-30,54.11976495005399
1996-08-31,51.713575238199695
1996-09-01,50.69118988059079
1996-09-02,50.31921764618206
1996-09-03,50.571668192325866
1996-09-04,50.25359004482765
1996-09-05,49.00342622980786
1996-09-06,39.83813037144528
1996-09-07,29.11478511406587
1996-09-08,24.109376581904694
1996-09-09,19.74654635051071
1996-09-10,16.451688279000177
1996-09-11,14.51800471196679
1996-09-12,13.790062615303274
1996-09-13,13.014052762497748
1996-09-14,10.533003629240907
1996-09-15,8.788644877159825
1996-09-16,7.906469005917026
1996-09-17,7.84274267824199
1996-09-18,32.22823369442944
1996-09-19,23.14017187218773
1996-09-20,13.84839359335628
1996-09-21,9.517013385022947
1996-09-22,7.943824279213911
1996-09-23,7.337984660445914
1996-09-24,24.569147339306607
1996-09-25,29.554551983497568
1996-09-26,19.696024884415497
1996-09-27,12.483826606371489
1996-09-28,7.463698626766108
1996-09-29,5.123054784523487
1996-09-30,4.246799631029517
1996-10-01,3.978836751653617
1996-10-02,3.897393970201133
1996-10-03,3.876903558652808
1996-10-04,23.0875661587698
1996-10-05,31.67845800851557
1996-10-06,13.77801324722147
1996-10-07,6.9061181746085305
1996-10-08,4.614293141704914
1996-10-09,4.029124095853581
1996-10-10,5.855983220561105
1996-10-11,7.747515882323163
1996-10-12,7.299734732158927
1996-10-13,4.4839608925036
1996-10-14,1.6005889255422063
1996-10-15,0.5631575450526457
1996-10-16,0.2421228176745859
1996-10-17,0.1100961727749279
1996-10-18,0.0444515220032397
1996-10-19,0.0221862133841792
1996-10-20,0.0130155603176745
1996-10-21,0.0056127736343592
1996-10-22,0.0010238438737401
1996-10-23,0.0030362024163066
1996-10-24,0.0019422274343052
1996-10-25,0.0002241031654967
1996-10-26,0.0
1996-10-27,0.0
1996-10-28,0.0
1996-10-29,0.0
1996-10-30,2.6365078293736497e-05
1996-10-31,0.0008041348879589
1996-11-01,0.000663521137059
1996-11-02,0.0002460740640748
1996-11-03,7.470105516558675e-05
1996-11-04,0.0
1996-11-05,0.0
1996-11-06,0.0001010661334593
1996-11-07,0.0001054603131749
1996-11-08,0.0255709621355291
1996-11-09,0.0308411655192584
1996-11-10,0.0061565973159647
1996-11-11,0.0011004783679805
1996-11-12,6.15185160187185e-05
1996-11-13,0.0
1996-11-14,2.197089857811375e-05
1996-11-15,8.7883594312455e-05
1996-11-16,0.0
1996-11-17,0.0
1996-11-18,0.0
1996-11-19,0.0
1996-11-20,0.0
1996-11-21,0.0021371532464902
1996-11-22,0.0396710060070194
1996-11-23,0.013284308349082
1996-11-24,0.0033835183810295
1996-11-25,0.0005668491833153
1996-11-26,0.0006898862153527
1996-11-27,7.90952348812095e-05
1996-11-28,0.0
1996-11-29,5.2730156587472994e-05
1996-11-30,0.0
1996-12-01,0.0
1996-12-02,0.0
1996-12-03,0.0
1996-12-04,1.3182539146868248e-05
1996-12-05,0.0014412909467242
1996-12-06,0.0021487538809395
1996-12-07,0.0004701772295716
1996-12-08,1.1077744639803817
1996-12-09,3.2230935587652976
1996-12-10,1.169198768785997
1996-12-11,0.3010860303050755
1996-12-12,0.0809719011541576
1996-12-13,0.0088344104346652
1996-12-14,0.000858446949244
1996-12-15,0.0
1996-12-16,0.0
1996-12-17,0.0
1996-12-18,0.0
1996-12-19,0.0
1996-12-20,0.0
1996-12-21,0.0
1996-12-22,0.0
1996-12-23,0.0
1996-12-24,0.0
1996-12-25,0.0
1996-12-26,0.0
1996-12-27,0.0
1996-12-28,0.0
1996-12-29,0.0
1996-12-30,0.0
1996-12-31,0.0
1997-01-01,0.0
1997-01-02,0.0
1997-01-03,0.0
1997-01-04,0.0
1997-01-05,0.0
1997-01-06,0.0
1997-01-07,0.0
1997-01-08,0.0
1997-01-09,0.0
1997-01-10,0.0
1997-01-11,0.0
1997-01-12,0.0
1997-01-13,0.0
1997-01-14,0.0
1997-01-15,0.0
1997-01-16,0.0
1997-01-17,0.0
1997-01-18,0.0
1997-01-19,0.0
1997-01-20,0.0
1997-01-21,0.0
1997-01-22,0.0
1997-01-23,0.0
1997-01-24,0.0
1997-01-25,0.0
1997-01-26,0.0002416798843592
1997-01-27,0.0041788649095572
1997-01-28,0.0051141221202303
1997-01-29,0.0023420977884269
1997-01-30,0.000395476174406
1997-01-31,6.591269573434125e-05
1997-02-01,0.0021883014983801
1997-02-02,0.0028210633774298
1997-02-03,0.0004262354324154
1997-02-04,0.0002372857046436
1997-02-05,0.0
1997-02-06,0.0
1997-02-07,0.0
1997-02-08,0.0
1997-02-09,0.0
1997-02-10,0.0
1997-02-11,0.0
1997-02-12,0.0
1997-02-13,0.0
1997-02-14,0.0
1997-02-15,0.0031945686532577
1997-02-16,0.0010809682100431
1997-02-17,0.0002460740640748
1997-02-18,7.90952348812095e-05
1997-02-19,0.0
1997-02-20,0.0
1997-02-21,0.0
1997-02-22,0.0
1997-02-23,0.0
1997-02-24,0.0
1997-02-25,0.0
1997-02-26,0.0
1997-02-27,0.0
1997-02-28,0.0
1997-03-01,0.0
1997-03-02,0.0
1997-03-03,0.0
1997-03-04,0.0
1997-03-05,0.0
1997-03-06,0.0
1997-03-07,0.000966719537437
1997-03-08,0.0002460740640748
1997-03-09,7.90952348812095e-05
1997-03-10,0.0
1997-03-11,0.0
1997-03-12,0.0
1997-03-13,0.0
1997-03-14,0.0
1997-03-15,0.0
1997-03-16,0.0
1997-03-17,0.0
1997-03-18,0.0
1997-03-19,4.833597687185025e-05
1997-03-20,1.7576718862490997e-05
1997-03-21,0.0019740412954463
1997-03-22,0.0603885087630489
1997-03-23,0.0422539048438624
1997-03-24,0.0129290828608711
1997-03-25,0.003062743261789
1997-03-26,0.0007426163719402
1997-03-27,0.0001757671886249
1997-03-28,6.591269573434125e-05
1997-03-29,0.0
1997-03-30,0.0
1997-03-31,0.0
1997-04-01,0.0
1997-04-02,0.0
1997-04-03,0.0
1997-04-04,0.0
1997-04-05,0.0
1997-04-06,0.0
1997-04-07,0.0
1997-04-08,0.0
1997-04-09,0.0
1997-04-10,0.0
1997-04-11,0.0
1997-04-12,0.0
1997-04-13,0.0
1997-04-14,0.0
1997-04-15,0.0
1997-04-16,0.0
1997-04-17,0.0
1997-04-18,0.0015131797268718
1997-04-19,0.0067181734836213
1997-04-20,0.0047293677443304
1997-04-21,0.0072901199154067
1997-04-22,0.0064464374100071
1997-04-23,0.0028254575571454
1997-04-24,0.0071753439412347
1997-04-25,0.0026277194699424
1997-04-26,0.0009579311780057
1997-04-27,0.0004921481281497
1997-04-28,0.0001713730089092
1997-04-29,7.90952348812095e-05
1997-04-30,0.0
1997-05-01,0.0
1997-05-02,0.0
1997-05-03,0.0
1997-05-04,0.0
1997-05-05,0.0
1997-05-06,0.0
1997-05-07,0.0
1997-05-08,0.0
1997-05-09,0.0
1997-05-10,0.0
1997-05-11,0.0006151851601871
1997-05-12,0.0061079098047156
1997-05-13,0.0053081690964722
1997-05-14,0.0034582194361951
1997-05-15,0.0021926956780957
1997-05-16,0.4481724079261158
1997-05-17,1.0208800874055075
1997-05-18,5.27641446887374
1997-05-19,20.8683756861951
1997-05-20,20.326856136665317
1997-05-21,33.68415866574424
1997-05-22,34.319931612502245
1997-05-23,27.272312765759988
1997-05-24,20.472441638262687
1997-05-25,14.395107063309936
1997-05-26,11.791708850791936
1997-05-27,20.75799459480741
1997-05-28,14.460816747941417
1997-05-29,30.267589549867257
1997-05-30,62.21188224863886
1997-05-31,62.458742519348455
1997-06-01,51.01853025586078
1997-06-02,39.35795146153932
1997-06-03,46.77222382756255
1997-06-04,95.60426158094852
1997-06-05,98.04143693895114
1997-06-06,97.37336272863796
1997-06-07,95.439004918669
1997-06-08,93.3673483269776
1997-06-09,91.56572866748786
1997-06-10,90.36779758791172
1997-06-11,90.58529366478804
1997-06-12,97.79806090122165
1997-06-13,100.0
1997-06-14,99.99410582309665
1997-06-15,99.3845678869128
1997-06-16,97.92776021277672
1997-06-17,96.96402115955723
1997-06-18,96.87409040479884
1997-06-19,97.24580584334504
1997-06-20,98.2413158705116
1997-06-21,98.55739413893762
1997-06-22,98.41760754842736
1997-06-23,98.12543344188715
1997-06-24,97.99722903027131
1997-06-25,97.4688148580926
1997-06-26,96.96505677983262
1997-06-27,96.63299389173864
1997-06-28,96.34542945548732
1997-06-29,95.38852528516468
1997-06-30,93.61263266907396
1997-07-01,92.08811841927646
1997-07-02,90.84040954458018
1997-07-03,89.97539610893628
1997-07-04,89.35544713063581
1997-07-05,88.92484212591118
1997-07-06,88.69134350111366
1997-07-07,88.56759004201538
1997-07-08,88.50516491883774
1997-07-09,88.47243425604077
1997-07-10,88.47222069890658
1997-07-11,88.47130213957884
1997-07-12,89.73678002244196
1997-07-13,89.7164198543804
1997-07-14,88.37353937466253
1997-07-15,84.98249622452079
1997-07-16,81.73502815087294
1997-07-17,77.80880467062636
1997-07-18,74.71036379589633
1997-07-19,72.46189174006703
1997-07-20,70.85543043275288
1997-07-21,69.62282277183449
1997-07-22,68.81198113525917
1997-07-23,68.11831100386969
1997-07-24,67.7122974107384
1997-07-25,67.39063607333289
1997-07-26,67.0220870806898
1997-07-27,66.79353542341612
1997-07-28,66.63530698794095
1997-07-29,66.44009994825414
1997-07-30,70.0372853179558
1997-07-31,80.85645497969537
1997-08-01,83.03759308630309
1997-08-02,80.26888460251305
1997-08-03,77.60679702264444
1997-08-04,73.50267500084367
1997-08-05,70.09819726140658
1997-08-06,67.96615444592557
1997-08-07,66.59622445048146
1997-08-08,65.92157619577934
1997-08-09,65.51844536030868
1997-08-10,65.28705523870589
1997-08-11,65.16540905243205
1997-08-12,65.10310679051926
1997-08-13,65.07339475341973
1997-08-14,65.06221596022318
1997-08-15,66.11834299349802
1997-08-16,78.30477116518179
1997-08-17,98.5053649418984
1997-08-18,100.0
1997-08-19,100.0
1997-08-20,99.80933671790632
1997-08-21,98.72776738407802
1997-08-22,97.53402677004588
1997-08-23,96.40708471837875
1997-08-24,93.57826262570867
1997-08-25,90.50521870359746
1997-08-26,88.82001510191685
1997-08-27,84.01112096579148
1997-08-28,75.68963627441056
1997-08-29,69.67066308523442
1997-08-30,66.83926969436196
1997-08-31,65.9717259142706
1997-09-01,65.87608131974443
1997-09-02,65.53737144387823
1997-09-03,65.62368350375719
1997-09-04,72.64809475398216
1997-09-05,75.68979833175847
1997-09-06,69.10000748768223
1997-09-07,67.38439598660231
1997-09-08,67.44428865612626
1997-09-09,65.99346937010665
1997-09-10,61.276612734262514
1997-09-11,57.07118096567899
1997-09-12,54.76586878909061
1997-09-13,53.530497540665486
1997-09-14,52.630797856483966
1997-09-15,51.88803630084593
1997-09-16,51.51297460656273
1997-09-17,51.35428812179399
1997-09-18,51.32813255798911
1997-09-19,57.83610149078698
1997-09-20,56.46146146198928
1997-09-21,53.14199826904472
1997-09-22,51.83493773623111
1997-09-23,51.4112518068867
1997-09-24,51.26593013183944
1997-09-25,50.95100858728176
1997-09-26,51.05486467332613
1997-09-27,55.89651091584548
1997-09-28,53.56529311639444
1997-09-29,51.42542145456488
1997-09-30,50.44509490022048
1997-10-01,50.17824304524388
1997-10-02,50.28429991225702
1997-10-03,52.17566594672426
1997-10-04,58.71046328012509
1997-10-05,60.01093764061373
1997-10-06,53.15427560717018
1997-10-07,50.744331859701205
1997-10-08,50.22145576010168
1997-10-09,50.10600290648623
1997-10-10,50.19404152745904
1997-10-11,50.94020312359386
1997-10-12,50.31196109779968
1997-10-13,52.64288642064886
1997-10-14,82.83470484470617
1997-10-15,90.4421476360016
1997-10-16,80.07652903392729
1997-10-17,67.67524832388408
1997-10-18,56.783416682134174
1997-10-19,52.52568661694564
1997-10-20,50.73601104099171
1997-10-21,50.1644347749055
1997-10-22,50.08184563984881
1997-10-23,46.36823384207388
1997-10-24,29.185702780496307
1997-10-25,19.06020817162752
1997-10-26,14.876864011035366
1997-10-27,11.070661573636608
1997-10-28,9.950346823816592
1997-10-29,11.96853240022048
1997-10-30,8.916986035648398
1997-10-31,7.882402962450504
1997-11-01,7.432988759336753
1997-11-02,7.339571310857631
1997-11-03,7.315208572376709
1997-11-04,7.404329743464272
1997-11-05,7.250222697027986
1997-11-06,6.393903233835043
1997-11-07,5.079235497097732
1997-11-08,4.295611409680975
1997-11-09,4.016171284422246
1997-11-10,3.9208290094604927
1997-11-11,3.8917240722304713
1997-11-12,12.808901518347282
1997-11-13,13.604848994892906
1997-11-14,7.822668483396328
1997-11-15,5.0350993014308845
1997-11-16,4.108910623087652
1997-11-17,3.9113498849779513
1997-11-18,3.8739337962338007
1997-11-19,3.8700563720527352
1997-11-20,3.870066918084053
1997-11-21,3.869338890388768
1997-11-22,3.869294948591613
1997-11-23,3.403696454283657
1997-11-24,1.550068865584503
1997-11-25,0.6010336165294276
1997-11-26,0.2450261400962922
1997-11-27,0.0876426174968502
1997-11-28,0.0235440149163066
1997-11-29,0.0063232246107811
1997-11-30,0.0033527591230201
1997-12-01,0.0015028094627429
1997-12-02,0.0035724681088012
1997-12-03,0.0003822936352591
1997-12-04,0.0001186428523218
1997-12-05,7.470105516558675e-05
1997-12-06,0.0
1997-12-07,0.0
1997-12-08,0.0
1997-12-09,0.0
1997-12-10,0.0
1997-12-11,0.0
1997-12-12,0.0937424420108891
1997-12-13,0.1718908190469762
1997-12-14,0.0440293292161627
1997-12-15,0.0062924653527717
1997-12-16,0.0006679153167746
1997-12-17,7.030687544996399e-05
1997-12-18,0.0
1997-12-19,0.000232891524928
1997-12-20,0.000162584649478
1997-12-21,0.0725969461505579
1997-12-22,0.1807909664101871
1997-12-23,0.0314726970279877
1997-12-24,0.0043853913561915
1997-12-25,0.0004670134201763
1997-12-26,0.0001318253914686
1997-12-27,4.833597687185025e-05
1997-12-28,0.0
1997-12-29,0.0
1997-12-30,0.0
1997-12-31,0.0
1998-01-01,0.0
1998-01-02,0.0
1998-01-03,0.0
1998-01-04,0.0
1998-01-05,0.0
1998-01-06,0.0
1998-01-07,0.0
1998-01-08,0.0
1998-01-09,0.0
1998-01-10,0.0
1998-01-11,0.0
1998-01-12,0.0
1998-01-13,0.0
1998-01-14,0.0
1998-01-15,0.0
1998-01-16,0.0
1998-01-17,0.0
1998-01-18,0.0
1998-01-19,0.0
1998-01-20,0.0
1998-01-21,0.0
1998-01-22,0.0
1998-01-23,0.0
1998-01-24,0.0
1998-01-25,0.0
1998-01-26,0.0
1998-01-27,8.788359431245498e-06
1998-01-28,0.0
1998-01-29,0.0
1998-01-30,0.0
1998-01-31,0.0
1998-02-01,0.0
1998-02-02,0.0
1998-02-03,0.0003910819946904
1998-02-04,0.007687353761699
1998-02-05,0.0021575422403707
1998-02-06,0.0005404841050215
1998-02-07,7.470105516558675e-05
1998-02-08,0.002664454812365
1998-02-09,0.0118950444901907
1998-02-10,0.0442059752407307
1998-02-11,0.0078443138611411
1998-02-12,0.0008348941459683
1998-02-13,0.0001054603131749
1998-02-14,0.0
1998-02-15,0.0
1998-02-16,0.0
1998-02-17,0.0017225184485241
1998-02-18,0.0009447486388588
1998-02-19,0.0002460740640748
1998-02-20,0.0003339576583873
1998-02-21,0.0001669788291936
1998-02-22,0.0061615187972462
1998-02-23,0.1089406792769078
1998-02-24,0.136290405361321
1998-02-25,0.0396393679130669
1998-02-26,0.0163300021935745
1998-02-27,0.0176220667971562
1998-02-28,0.0018807089182865
1998-03-01,0.0002241031654967
1998-03-02,0.0
1998-03-03,0.0
1998-03-04,0.0
1998-03-05,0.0
1998-03-06,0.0002680449626529
1998-03-07,0.002131177162077
1998-03-08,0.0007777698096652
1998-03-09,0.0002416798843592
1998-03-10,0.0160749640028797
1998-03-11,0.740802278786447
1998-03-12,0.2697785544343952
1998-03-13,0.0782390729054175
1998-03-14,0.0214172319339452
1998-03-15,0.0054510678208243
1998-03-16,0.0175999201313894
1998-03-17,0.2394900009561734
1998-03-18,0.0765513563602411
1998-03-19,0.0112839019753419
1998-03-20,0.001327042274118
1998-03-21,0.0001581904697624
1998-03-22,0.0
1998-03-23,0.0
1998-03-24,0.0
1998-03-25,0.0
1998-03-26,0.0002460740640748
1998-03-27,0.0008304999662526
1998-03-28,0.0004613888701403
1998-03-29,0.0005976084413246
1998-03-30,0.0006810978559215
1998-03-31,0.0001757671886249
1998-04-01,7.90952348812095e-05
1998-04-02,0.0
1998-04-03,0.0
1998-04-04,4.394179715622749e-06
1998-04-05,0.0001494021103311
1998-04-06,0.0002636507829373
1998-04-07,0.0003866878149748
1998-04-08,0.0108487024163066
1998-04-09,0.0784471812567494
1998-04-10,4.700622778302735
1998-04-11,5.654753518156046
1998-04-12,3.1385416315132284
1998-04-13,1.776002646350792
1998-04-14,2.772857995579103
1998-04-15,3.7052811361028617
1998-04-16,4.039148625922426
1998-04-17,1.5294933827168824
1998-04-18,0.5081696589272857
1998-04-19,0.1546396210178185
1998-04-20,0.0878029171728761
1998-04-21,0.1644781894010979
1998-04-22,0.3139848812095032
1998-04-23,0.22352032149928
1998-04-24,0.2701529385461662
1998-04-25,0.3632455692607091
1998-04-26,4.887291926802105
1998-04-27,19.339012019663425
1998-04-28,10.427599737333512
1998-04-29,5.222282041655416
1998-04-30,2.264765498447624
1998-05-01,1.2752399925193485
1998-05-02,0.5833553042319114
1998-05-03,0.2559574530912527
1998-05-04,0.1169373832905867
1998-05-05,0.0611755942337112
1998-05-06,0.0290251389263858
1998-05-07,0.0301461820554355
1998-05-08,0.0156144539686825
1998-05-09,0.0050450456151007
1998-05-10,0.0029407608328833
1998-05-11,10.605715878667208
1998-05-12,27.89011105674046
1998-05-13,22.025357932302917
1998-05-14,18.830526331330997
1998-05-15,13.575689394067224
1998-05-16,8.320166437466252
1998-05-17,4.179268471022318
1998-05-18,1.9268525510146688
1998-05-19,0.8812949260934124
1998-05-20,0.4055493919861411
1998-05-21,0.1914667139128869
1998-05-22,0.1099283151097912
1998-05-23,0.4879022959413246
1998-05-24,0.4379940815672246
1998-05-25,9.316701187342511
1998-05-26,9.245069378824692
1998-05-27,5.624754629004679
1998-05-28,6.317942103694204
1998-05-29,7.900659373031406
1998-05-30,5.047879157948613
1998-05-31,3.042804583445824
1998-06-01,1.929000074525288
1998-06-02,1.1032020563354932
1998-06-03,0.625866883774298
1998-06-04,0.3189845788899387
1998-06-05,0.1773731734273758
1998-06-06,0.1410842796638768
1998-06-07,0.0854794507064434
1998-06-08,0.048482742474352
1998-06-09,1.0167302240820733
1998-06-10,52.38141972079733
1998-06-11,69.24694006901322
1998-06-12,60.017054338777896
1998-06-13,51.79465312696858
1998-06-14,50.18770055036222
1998-06-15,62.38792873132649
1998-06-16,82.5331674442607
1998-06-17,81.22684671554401
1998-06-18,78.36077076724486
1998-06-19,72.97346214255985
1998-06-20,66.319660227963
1998-06-21,61.41290507306291
1998-06-22,57.37617623402627
1998-06-23,54.6193243017121
1998-06-24,52.959237655518805
1998-06-25,51.98669459958828
1998-06-26,49.70592128020383
1998-06-27,42.27092420496985
1998-06-28,35.67652333907037
1998-06-29,33.87804217850072
1998-06-30,40.31028463035457
1998-07-01,43.096954763150194
1998-07-02,37.28701182421031
1998-07-03,31.046701517784825
1998-07-04,24.584450685351424
1998-07-05,19.34218496895248
1998-07-06,15.711089011316597
1998-07-07,12.97146823957208
1998-07-08,11.341692469289956
1998-07-09,9.642048362693483
1998-07-10,8.082457485432414
1998-07-11,6.817564907307414
1998-07-12,5.879749053669456
1998-07-13,5.166370674721021
1998-07-14,4.631297562601241
1998-07-15,4.345035385450413
1998-07-16,4.303512144809664
1998-07-17,6.445213894607181
1998-07-18,5.790325563017458
1998-07-19,5.30990760973497
1998-07-20,19.63149969486816
1998-07-21,14.718390380332073
1998-07-22,10.409776065571002
1998-07-23,19.045995285220933
1998-07-24,27.129245304906856
1998-07-25,21.557627909298503
1998-07-26,15.189085947342964
1998-07-27,10.50983540457388
1998-07-28,7.693679095516108
1998-07-29,6.0105574561847535
1998-07-30,4.974924174034826
1998-07-31,4.523789034377249
1998-08-01,4.163334823839093
1998-08-02,4.004239504589632
1998-08-03,3.9378464371287785
1998-08-04,3.9031673950458967
1998-08-05,3.8840752114830814
1998-08-06,3.875419907813624
1998-08-07,3.872328690267278
1998-08-08,3.873314041126709
1998-08-09,3.673665013048956
1998-08-10,3.528113961820554
1998-08-11,5.26943018386654
1998-08-12,3.7193240556380487
1998-08-13,2.650925660322174
1998-08-14,1.659084070149388
1998-08-15,1.0265591252699782
1998-08-16,0.6235915775175486
1998-08-17,0.3992421621895248
1998-08-18,0.2428584033589812
1998-08-19,0.1470505211145608
1998-08-20,0.0907797102794276
1998-08-21,0.0534780459750719
1998-08-22,0.0346885335110691
1998-08-23,0.1682420679783117
1998-08-24,14.334655102591787
1998-08-25,26.90534972045986
1998-08-26,13.525800338316683
1998-08-27,6.907721698670356
1998-08-28,3.4789894933405323
1998-08-29,1.6104468283162343
1998-08-30,0.6694276176655866
1998-08-31,0.3401017762329014
1998-09-01,1.80199298899838
1998-09-02,5.210701971967242
1998-09-03,12.72132639545086
1998-09-04,10.51407332725882
1998-09-05,5.916357316414686
1998-09-06,5.430483022295716
1998-09-07,6.575274935036447
1998-09-08,3.5664614408972275
1998-09-09,2.0619776199154067
1998-09-10,0.8175114740820734
1998-09-11,4.688392897318214
1998-09-12,4.89702239836438
1998-09-13,6.321952759404247
1998-09-14,2.288380523308136
1998-09-15,0.7660744367013138
1998-09-16,0.2489519002542296
1998-09-17,1.9686740685745137
1998-09-18,3.862711940076044
1998-09-19,1.41661253037257
1998-09-20,0.4724702883144347
1998-09-21,0.1045517725769438
1998-09-22,0.0395625576516378
1998-09-23,0.1351834236073613
1998-09-24,0.0264851272835673
1998-09-25,0.0056154101421886
1998-09-26,37.45775734425621
1998-09-27,50.27009317770202
1998-09-28,22.293335927657036
1998-09-29,8.209819269145967
1998-09-30,2.5023297940852225
1998-10-01,0.6307484659039777
1998-10-02,0.1497937196274298
1998-10-03,0.0295508585875629
1998-10-04,0.0068155485061195
1998-10-05,0.0015216165519258
1998-10-06,0.0008129232473902
1998-10-07,0.0001757671886249
1998-10-08,6.591269573434125e-05
1998-10-09,0.0017399194001979
1998-10-10,0.02921250674946
1998-10-11,0.016173217861321
1998-10-12,0.007289065312275
1998-10-13,0.0059001529877609
1998-10-14,0.0016697882919366
1998-10-15,0.000395476174406
1998-10-16,0.000567903786447
1998-10-17,0.0
1998-10-18,0.0
1998-10-19,0.0
1998-10-20,0.0
1998-10-21,0.0
1998-10-22,0.0013446189929805
1998-10-23,0.0014193200481461
1998-10-24,0.0005844259021778
1998-10-25,0.002138207849622
1998-10-26,0.0010129463080453
1998-10-27,7.470105516558675e-05
1998-10-28,0.0
1998-10-29,0.0
1998-10-30,0.0
1998-10-31,1.7576718862490997e-05
1998-11-01,8.348941459683225e-05
1998-11-02,0.0004350237918466
1998-11-03,0.00225860837383
1998-11-04,0.0007206454733621
1998-11-05,0.0001669788291936
1998-11-06,0.0064322002677285
1998-11-07,0.0018060078631209
1998-11-08,0.0002284973452123
1998-11-09,0.0
1998-11-10,0.0
1998-11-11,0.0
1998-11-12,0.0
1998-11-13,0.0
1998-11-14,0.0
1998-11-15,0.0007382221922246
1998-11-16,0.0008920184822714
1998-11-17,0.0003119867598092
1998-11-18,7.030687544996399e-05
1998-11-19,0.0
1998-11-20,0.0
1998-11-21,0.0
1998-11-22,0.0
1998-11-23,0.0
1998-11-24,0.0336286573636609
1998-11-25,0.0263900372345212
1998-11-26,0.0059732721382289
1998-11-27,0.0008394640928725
1998-11-28,7.470105516558675e-05
1998-11-29,0.0
1998-11-30,0.0
1998-12-01,4.394179715622749e-06
1998-12-02,0.0002372857046436
1998-12-03,0.0037048208018358
1998-12-04,0.0118913533792296
1998-12-05,0.0019729866923146
1998-12-06,0.0002460740640748
1998-12-07,6.15185160187185e-05
1998-12-08,0.0
1998-12-09,0.0
1998-12-10,0.0
1998-12-11,0.0
1998-12-12,2.6365078293736497e-05
1998-12-13,0.0
1998-12-14,0.0
1998-12-15,0.0
1998-12-16,0.0
1998-12-17,0.0
1998-12-18,0.0
1998-12-19,6.15185160187185e-05
1998-12-20,0.0046840198096652
1998-12-21,0.0028034866585673
1998-12-22,0.0006151851601871
1998-12-23,7.030687544996399e-05
1998-12-24,0.0
1998-12-25,0.0
1998-12-26,0.0
1998-12-27,0.0
1998-12-28,0.0
1998-12-29,0.0
1998-12-30,0.0
1998-12-31,0.0
1999-01-01,0.0
1999-01-02,0.0
1999-01-03,0.0
1999-01-04,0.0
1999-01-05,0.0
1999-01-06,0.0
1999-01-07,0.0
1999-01-08,0.0
1999-01-09,0.0
1999-01-10,0.0
1999-01-11,0.0
1999-01-12,0.0
1999-01-13,0.0
1999-01-14,0.0
1999-01-15,0.0
1999-01-16,2.197089857811375e-05
1999-01-17,0.0064956522228221
1999-01-18,0.0046058034107271
1999-01-19,0.0007865581690964
1999-01-20,0.0006898862153527
1999-01-21,0.0011952168826493
1999-01-22,0.000162584649478
1999-01-23,0.0010150555143088
1999-01-24,0.000360322736681
1999-01-25,0.0
1999-01-26,0.0
1999-01-27,0.0
1999-01-28,0.0
1999-01-29,0.0
1999-01-30,0.0
1999-01-31,0.0
1999-02-01,0.0
1999-02-02,0.0
1999-02-03,0.0
1999-02-04,0.0
1999-02-05,0.0
1999-02-06,0.0
1999-02-07,0.0
1999-02-08,0.0
1999-02-09,0.0
1999-02-10,0.0
1999-02-11,0.0
1999-02-12,2.197089857811375e-05
1999-02-13,0.0
1999-02-14,0.0
1999-02-15,0.0
1999-02-16,0.0
1999-02-17,0.0
1999-02-18,0.0
1999-02-19,0.0
1999-02-20,0.0
1999-02-21,0.0
1999-02-22,0.0
1999-02-23,0.0
1999-02-24,0.0
1999-02-25,0.0
1999-02-26,0.0
1999-02-27,0.0
1999-02-28,0.0
1999-03-01,2.197089857811375e-05
1999-03-02,0.0
1999-03-03,0.0
1999-03-04,0.0
1999-03-05,0.0
1999-03-06,0.0016214523150647
1999-03-07,0.0022981559912706
1999-03-08,0.0008348941459683
1999-03-09,0.0001757671886249
1999-03-10,6.591269573434125e-05
1999-03-11,0.0
1999-03-12,0.0
1999-03-13,0.1457667175688444
1999-03-14,0.1955905636924045
1999-03-15,0.0750664751507379
1999-03-16,0.0255380936712562
1999-03-17,0.0080717566032217
1999-03-18,0.0019598041531677
1999-03-19,0.0004965423078653
1999-03-20,8.348941459683225e-05
1999-03-21,0.0
1999-03-22,0.0
1999-03-23,0.0
1999-03-24,0.0
1999-03-25,0.0
1999-03-26,0.0
1999-03-27,0.0009403544591432
1999-03-28,0.0021048120837832
1999-03-29,0.0010633914911807
1999-03-30,0.000430629612131
1999-03-31,0.0001494021103311
1999-04-01,0.0309779123920086
1999-04-02,0.1850893530080093
1999-04-03,0.1002960974059575
1999-04-04,0.0629323872840172
1999-04-05,0.0220025366720662
1999-04-06,0.0055454548011159
1999-04-07,0.0014368967670086
1999-04-08,0.0004130528932685
1999-04-09,0.0001098544928905
1999-04-10,0.0001450079306155
1999-04-11,7.470105516558675e-05
1999-04-12,0.0
1999-04-13,0.0
1999-04-14,0.0
1999-04-15,0.0
1999-04-16,0.0
1999-04-17,0.0
1999-04-18,0.0
1999-04-19,0.0
1999-04-20,0.0
1999-04-21,0.0
1999-04-22,0.0
1999-04-23,0.0079476649680525
1999-04-24,0.0046622246782757
1999-04-25,16.282355399849262
1999-04-26,38.694229774118064
1999-04-27,28.14297869842288
1999-04-28,16.775332973362133
1999-04-29,9.05571345308
1999-04-30,4.6734122598317125
1999-05-01,2.194153666925396
1999-05-02,0.9444856911447084
1999-05-03,0.4012010875067494
1999-05-04,0.1715487760979121
1999-05-05,0.0715186144483441
1999-05-06,0.0306072193911987
1999-05-07,0.0116059074649028
1999-05-08,0.0038004381524478
1999-05-09,0.001613367024388
1999-05-10,0.0003295634786717
1999-05-11,0.0001054603131749
1999-05-12,7.470105516558675e-05
1999-05-13,0.0
1999-05-14,0.0
1999-05-15,0.0
1999-05-16,8.348941459683225e-05
1999-05-17,0.0001054603131749
1999-05-18,0.0001054603131749
1999-05-19,7.470105516558675e-05
1999-05-20,0.0
1999-05-21,0.0
1999-05-22,0.0
1999-05-23,0.0
1999-05-24,0.0010150555143088
1999-05-25,2.37651845274253
1999-05-26,5.17048679074424
1999-05-27,23.243552859521238
1999-05-28,81.11689994487939
1999-05-29,91.67347043877112
1999-05-30,85.12354306577349
1999-05-31,78.43127520501484
1999-06-01,72.21454951572623
1999-06-02,65.97209151002293
1999-06-03,61.22578842130129
1999-06-04,57.53177238008461
1999-06-05,52.934305607113934
1999-06-06,43.1095479549136
1999-06-07,34.768241470369865
1999-06-08,29.96993537392008
1999-06-09,27.841134056931693
1999-06-10,25.00703314828564
1999-06-11,20.773389515557508
1999-06-12,17.283343387216522
1999-06-13,13.709843173483618
1999-06-14,10.661730420941325
1999-06-15,8.867409493959233
1999-06-16,7.198911157419905
1999-06-17,8.425868254758369
1999-06-18,7.821175165361771
1999-06-19,6.491536282566144
1999-06-20,5.358942964250359
1999-06-21,4.648936327281317
1999-06-22,3.9174808202843767
1999-06-23,3.265218626259899
1999-06-24,4.703246103592962
1999-06-25,4.050153058067854
1999-06-26,2.636551946937995
1999-06-27,1.7966575759876708
1999-06-28,49.72630781334367
1999-06-29,93.17426420339496
1999-06-30,87.9728260411042
1999-07-01,82.96527543421526
1999-07-02,82.2659554423146
1999-07-03,82.76959417465353
1999-07-04,80.52119664411222
1999-07-05,76.04190922538697
1999-07-06,72.01114908854167
1999-07-07,68.00079095234882
1999-07-08,63.07980515855607
1999-07-09,59.3573661568012
1999-07-10,56.24693848710854
1999-07-11,54.57805293545266
1999-07-12,54.49113887295266
1999-07-13,53.41733001203654
1999-07-14,57.06280794411448
1999-07-15,57.8801979630692
1999-07-16,56.18233508116225
1999-07-17,54.89171335043197
1999-07-18,53.52214508386204
1999-07-19,53.48967367766828
1999-07-20,52.79517462821725
1999-07-21,51.69965113728401
1999-07-22,50.988148018471016
1999-07-23,50.549485845819824
1999-07-24,50.28109989482092
1999-07-25,46.57608012452754
1999-07-26,33.060981195723095
1999-07-27,23.31181275029247
1999-07-28,17.110639820689347
1999-07-29,14.15647990348272
1999-07-30,11.292732343131298
1999-07-31,8.121231199941505
1999-08-01,6.094469415103041
1999-08-02,4.953610117440604
1999-08-03,4.4076730111591065
1999-08-04,4.144484847462202
1999-08-05,4.000766520709592
1999-08-06,34.64287991726287
1999-08-07,43.996892084570725
1999-08-08,30.955502426993338
1999-08-09,20.784858148848087
1999-08-10,13.022271108936284
1999-08-11,8.807741630669545
1999-08-12,6.399853656238751
1999-08-13,4.466393489302105
1999-08-14,2.9159646525152985
1999-08-15,2.3787231005894527
1999-08-16,2.4977726781857448
1999-08-17,1.502274075886429
1999-08-18,0.8013642697646688
1999-08-19,0.4764784832838372
1999-08-20,0.9026949328428724
1999-08-21,23.9063828799946
1999-08-22,20.691225209795714
1999-08-23,37.71931122463327
1999-08-24,76.97919619555435
1999-08-25,64.08905174304805
1999-08-26,43.42387347293466
1999-08-27,26.576010520720843
1999-08-28,16.81701124066325
1999-08-29,9.921935815447265
1999-08-30,22.74950187578744
1999-08-31,60.72276698332883
1999-09-01,46.08445754027178
1999-09-02,33.567848595549854
1999-09-03,26.1765878456286
1999-09-04,31.529468951077657
1999-09-05,61.76145879032802
1999-09-06,73.74554799287931
1999-09-07,96.04684652571544
1999-09-08,99.70618862209774
1999-09-09,98.49290990314526
1999-09-10,96.7464306957006
1999-09-11,93.83788535198434
1999-09-12,90.4731385551656
1999-09-13,93.8722668202169
1999-09-14,90.05176238244691
1999-09-15,83.2012152894956
1999-09-16,73.83188553900064
1999-09-17,68.04446769258459
1999-09-18,65.85343899050577
1999-09-19,62.22917703693079
1999-09-20,55.219128250989904
1999-09-21,52.41662957978986
1999-09-22,51.09356966286447
1999-09-23,47.72654369291081
1999-09-24,31.06169867738706
1999-09-25,16.43249713851017
1999-09-26,10.97400860274928
1999-09-27,8.654595151919095
1999-09-28,7.786051783826042
1999-09-29,7.437816380939523
1999-09-30,6.7485029908544805
1999-10-01,32.059402982136426
1999-10-02,32.31814739977051
1999-10-03,14.144192370860328
1999-10-04,7.1940812508436816
1999-10-05,4.93652607400783
1999-10-06,7.060232075965171
1999-10-07,5.171772527729031
1999-10-08,2.672286822522948
1999-10-09,1.225338984599982
1999-10-10,0.7915954809552734
1999-10-11,0.3995362206960942
1999-10-12,0.7398805556492979
1999-10-13,0.1961537217647588
1999-10-14,0.0412019382199424
1999-10-15,0.0401533111726061
1999-10-16,0.5719190121040316
1999-10-17,0.1777516001844852
1999-10-18,0.0233511983103851
1999-10-19,0.002148050812185
1999-10-20,7.90952348812095e-05
1999-10-21,0.0005448782847372
1999-10-22,0.0445198954396148
1999-10-23,0.0258063144010979
1999-10-24,0.006513053174496
1999-10-25,0.0009755078968682
1999-10-26,0.0001054603131749
1999-10-27,0.0008173174271058
1999-10-28,0.0019202565357271
1999-10-29,0.0017576718862491
1999-10-30,0.0004965423078653
1999-10-31,36.462130959210754
1999-11-01,70.96550516193079
1999-11-02,46.22869490753239
1999-11-03,23.00506385270428
1999-11-04,11.479746171087562
1999-11-05,2.760669771418286
1999-11-06,0.393575252261069
1999-11-07,0.0565144241585673
1999-11-08,0.0161556411424586
1999-11-09,0.0433904154855111
1999-11-10,0.010897741461933
1999-11-11,0.0015862988773398
1999-11-12,0.0009842962562994
1999-11-13,7.90952348812095e-05
1999-11-14,0.0
1999-11-15,0.000162584649478
1999-11-16,0.0001054603131749
1999-11-17,0.000162584649478
1999-11-18,0.0001889497277717
1999-11-19,7.030687544996399e-05
1999-11-20,1.3182539146868248e-05
1999-11-21,0.0017400951673866
1999-11-22,0.001397349149568
1999-11-23,0.0003163809395248
1999-11-24,0.0002900158612311
1999-11-25,0.0018543438399928
1999-11-26,0.0003822936352591
1999-11-27,7.030687544996399e-05
1999-11-28,0.0006767036762059
1999-11-29,0.0038053596337293
1999-11-30,0.0469676293084053
1999-12-01,0.6698680902402806
1999-12-02,0.4288118278662707
1999-12-03,0.0845113250314974
1999-12-04,0.010097824986501
1999-12-05,0.000873914461843
1999-12-06,0.0
1999-12-07,0.0
1999-12-08,0.0
1999-12-09,0.0
1999-12-10,0.0001450079306155
1999-12-11,0.0001757671886249
1999-12-12,0.0001362195711843
1999-12-13,0.0025222591567674
1999-12-14,0.0022673967332613
1999-12-15,0.000325169298956
1999-12-16,6.591269573434125e-05
1999-12-17,4.39417971562275e-05
1999-12-18,0.0006898862153527
1999-12-19,7.470105516558675e-05
1999-12-20,0.0
1999-12-21,0.0
1999-12-22,0.0
1999-12-23,0.0
1999-12-24,0.0006679153167746
1999-12-25,0.0003910819946904
1999-12-26,7.470105516558675e-05
1999-12-27,0.0
1999-12-28,0.0
1999-12-29,0.0
1999-12-30,0.0
1999-12-31,0.0
2000-01-01,0.0
2000-01-02,0.0
2000-01-03,0.0
2000-01-04,0.0
2000-01-05,0.0
2000-01-06,0.0
2000-01-07,0.0
2000-01-08,0.0
2000-01-09,0.0
2000-01-10,0.0
2000-01-11,0.0
2000-01-12,0.0
2000-01-13,0.0
2000-01-14,0.0
2000-01-15,0.0
2000-01-16,0.0004482063309935
2000-01-17,0.0004130528932685
2000-01-18,7.90952348812095e-05
2000-01-19,0.0
2000-01-20,0.0
2000-01-21,0.0
2000-01-22,0.0
2000-01-23,0.0
2000-01-24,0.0
2000-01-25,0.0
2000-01-26,0.0
2000-01-27,0.0
2000-01-28,0.0
2000-01-29,0.0
2000-01-30,0.0
2000-01-31,0.0
2000-02-01,0.0
2000-02-02,1.3182539146868248e-05
2000-02-03,0.0
2000-02-04,0.0
2000-02-05,7.470105516558675e-05
2000-02-06,6.591269573434125e-05
2000-02-07,0.0
2000-02-08,0.0
2000-02-09,0.0
2000-02-10,0.0
2000-02-11,0.0
2000-02-12,0.0
2000-02-13,0.0
2000-02-14,3.954761744060475e-05
2000-02-15,0.0
2000-02-16,0.0
2000-02-17,0.0
2000-02-18,0.0
2000-02-19,0.0
2000-02-20,0.0
2000-02-21,0.0
2000-02-22,0.0
2000-02-23,0.0
2000-02-24,0.1062577689097372
2000-02-25,0.0701444665676745
2000-02-26,0.0197899793016558
2000-02-27,0.0827030321949243
2000-02-28,0.0484456555975522
2000-02-29,0.0107485151187904
2000-03-01,0.0027655209458243
2000-03-02,0.0002241031654967
2000-03-03,0.0
2000-03-04,0.0
2000-03-05,0.0
2000-03-06,0.0
2000-03-07,0.0
2000-03-08,0.0
2000-03-09,0.0
2000-03-10,0.0
2000-03-11,0.0
2000-03-12,0.0
2000-03-13,0.0
2000-03-14,0.0
2000-03-15,0.0
2000-03-16,5.2730156587472994e-05
2000-03-17,8.7883594312455e-05
2000-03-18,0.0
2000-03-19,8.788359431245498e-06
2000-03-20,0.0005668491833153
2000-03-21,0.0007601930908027
2000-03-22,0.0001845555480561
2000-03-23,7.030687544996399e-05
2000-03-24,0.0
2000-03-25,0.0
2000-03-26,0.0
2000-03-27,0.0
2000-03-28,0.0
2000-03-29,0.0
2000-03-30,0.0
2000-03-31,0.0
2000-04-01,7.470105516558675e-05
2000-04-02,0.0107718921548776
2000-04-03,0.2254353050193484
2000-04-04,0.1121450908927285
2000-04-05,0.0455686982541396
2000-04-06,0.0166843488458423
2000-04-07,0.0068556234251259
2000-04-08,0.0021179946229301
2000-04-09,0.0005800317224622
2000-04-10,0.0001537962900467
2000-04-11,0.0
2000-04-12,0.0
2000-04-13,0.0405639033252339
2000-04-14,0.2278352302128329
2000-04-15,0.4324788587225521
2000-04-16,0.3428444474442044
2000-04-17,1.27662538950009
2000-04-18,3.764104613818394
2000-04-19,1.88546992412482
2000-04-20,0.8710784582545896
2000-04-21,0.3668299895383369
2000-04-22,0.1413484577483801
2000-04-23,0.0507118219604931
2000-04-24,0.0163999575346472
2000-04-25,0.0050895147138228
2000-04-26,0.0022120300688444
2000-04-27,0.0011495174136069
2000-04-28,0.0001713730089092
2000-04-29,7.470105516558675e-05
2000-04-30,0.0
2000-05-01,0.0044799541036717
2000-05-02,0.0197479709435745
2000-05-03,3.731344422133729
2000-05-04,28.99988768476647
2000-05-05,26.59128011946544
2000-05-06,20.929379204351147
2000-05-07,15.049910675114738
2000-05-08,10.607381448546615
2000-05-09,6.620742391389938
2000-05-10,4.556840823827844
2000-05-11,2.6001857156115005
2000-05-12,1.437610557561645
2000-05-13,1.6016175151300394
2000-05-14,23.018082401064163
2000-05-15,66.08102498284511
2000-05-16,74.77948406705588
2000-05-17,67.48516946769257
2000-05-18,61.14326748391378
2000-05-19,55.155220531576205
2000-05-20,44.18961623695103
2000-05-21,33.06953543325909
2000-05-22,22.66404263830768
2000-05-23,15.60827206089138
2000-05-24,11.480334463867887
2000-05-25,24.73386756012644
2000-05-26,21.803547298247388
2000-05-27,15.463111212821724
2000-05-28,10.837762139185116
2000-05-29,7.454079240067045
2000-05-30,4.999180397599441
2000-05-31,3.1255898746850246
2000-06-01,2.095462851253149
2000-06-02,1.3986429718435025
2000-06-03,0.9013353736388588
2000-06-04,0.5307198861591073
2000-06-05,0.3319655130714541
2000-06-06,0.2214540024298056
2000-06-07,0.1586437733418826
2000-06-08,0.0997350485398668
2000-06-09,0.06051875224982
2000-06-10,0.0432642146440784
2000-06-11,0.0262931895135889
2000-06-12,0.2867058135349171
2000-06-13,4.363189675294726
2000-06-14,23.01313578507469
2000-06-15,97.02545337388634
2000-06-16,98.79695725904428
2000-06-17,98.18161004150916
2000-06-18,97.38863443658882
2000-06-19,95.89799983970032
2000-06-20,94.50623428641332
2000-06-21,92.59170530029472
2000-06-22,89.41055330807912
2000-06-23,87.69850671711889
2000-06-24,98.72917211544951
2000-06-25,99.34562508436824
2000-06-26,98.8017235378982
2000-06-27,98.58010976309394
2000-06-28,99.9594077981574
2000-06-29,99.9707838021396
2000-06-30,99.81354511170356
2000-07-01,98.81633770079644
2000-07-02,98.12736178371355
2000-07-03,97.5504722512824
2000-07-04,96.89829249206936
2000-07-05,96.49309814980428
2000-07-06,96.2685979262284
2000-07-07,96.23108622013363
2000-07-08,96.30606955740416
2000-07-09,97.25041182252296
2000-07-10,98.14026590763363
2000-07-11,97.8779265236906
2000-07-12,97.57186593041308
2000-07-13,97.07956875168736
2000-07-14,96.61349217062634
2000-07-15,95.7798700518021
2000-07-16,93.42352967231372
2000-07-17,91.5976330487311
2000-07-18,90.39365803860692
2000-07-19,89.59603005197084
2000-07-20,89.11660114065874
2000-07-21,91.59995792133503
2000-07-22,93.00402278364606
2000-07-23,91.7461480620613
2000-07-24,90.31370013836391
2000-07-25,89.33765544850162
2000-07-26,88.84718747890794
2000-07-27,88.61701507238796
2000-07-28,88.51288303185746
2000-07-29,88.46680214801566
2000-07-30,88.4473552662662
2000-07-31,88.43916047263095
2000-08-01,88.43598084418872
2000-08-02,88.4346799912257
2000-08-03,88.43421385664146
2000-08-04,88.43411683315335
2000-08-05,88.4339227861771
2000-08-06,88.189208984375
2000-08-07,84.85369438023083
2000-08-08,77.88885801245274
2000-08-09,73.4598236633257
2000-08-10,70.78792915316775
2000-08-11,70.74035776356642
2000-08-12,69.5852701119848
2000-08-13,68.39701712534871
2000-08-14,68.56491996265298
2000-08-15,67.88286118751124
2000-08-16,66.66940371332794
2000-08-17,65.89623320368744
2000-08-18,65.50050743987356
2000-08-19,65.28218068726376
2000-08-20,65.16908592625089
2000-08-21,65.36774485775513
2000-08-22,65.55231481872075
2000-08-23,65.69612876282397
2000-08-24,68.53867546065065
2000-08-25,69.26042141238075
2000-08-26,67.2009894286582
2000-08-27,65.9576000326224
2000-08-28,65.40011642818574
2000-08-29,65.16813151041667
2000-08-30,65.9847704761744
2000-08-31,65.96355221269799
2000-09-01,65.32256038657532
2000-09-02,64.45284324519663
2000-09-03,61.09252490269528
2000-09-04,58.13992931346741
2000-09-05,55.902434445869325
2000-09-06,54.23474709913831
2000-09-07,53.08087487766604
2000-09-08,52.32827282020563
2000-09-09,52.83603839036627
2000-09-10,76.05551712113031
2000-09-11,99.93364806206128
2000-09-12,99.11088888279562
2000-09-13,98.20710296301296
2000-09-14,97.33974567190874
2000-09-15,94.18055174726648
2000-09-16,89.85334020934575
2000-09-17,81.30105650141738
2000-09-18,71.4951850336348
2000-09-19,67.3598000050621
2000-09-20,77.92654706764083
2000-09-21,77.89256213018584
2000-09-22,69.37417354267907
2000-09-23,60.513596822410456
2000-09-24,55.784294287706985
2000-09-25,52.70919476832478
2000-09-26,51.64921509404247
2000-09-27,51.34463094514939
2000-09-28,51.21714471826628
2000-09-29,50.7533065323524
2000-09-30,50.3015475949424
2000-10-01,50.13391209953204
2000-10-02,50.48591366596922
2000-10-03,50.56199959081398
2000-10-04,50.27836073895338
2000-10-05,50.13830838845392
2000-10-06,49.12021368368656
2000-10-07,38.76204057972237
2000-10-08,23.475288363649657
2000-10-09,15.813326281553724
2000-10-10,11.42198608486321
2000-10-11,9.301895438208692
2000-10-12,8.2272068625135
2000-10-13,7.711294307392907
2000-10-14,7.476104274939255
2000-10-15,7.375850185891378
2000-10-16,7.334376335830632
2000-10-17,7.317942103694204
2000-10-18,7.221947029393898
2000-10-19,6.306638340026548
2000-10-20,5.011921761102861
2000-10-21,4.337496730730291
2000-10-22,4.063175824840262
2000-10-23,3.9591979321341793
2000-10-24,27.382006783207345
2000-10-25,33.005475147925665
2000-10-26,21.5146777906205
2000-10-27,10.504633574626528
2000-10-28,5.644412079846112
2000-10-29,4.213774206657217
2000-10-30,3.929654280001349
2000-10-31,3.577050007874369
2000-11-01,2.5339422260281674
2000-11-02,1.624794703923686
2000-11-03,0.8036395760214182
2000-11-04,0.4318193802308315
2000-11-05,0.2724208625809934
2000-11-06,0.1703846700076493
2000-11-07,1.0394064763881388
2000-11-08,5.742664883684304
2000-11-09,9.728991954081174
2000-11-10,5.594833428950684
2000-11-11,3.0373234594357448
2000-11-12,2.791623779472642
2000-11-13,0.9674034475679444
2000-11-14,0.2615060717017638
2000-11-15,0.0537664799316054
2000-11-16,0.0089402222822174
2000-11-17,0.0008672353086753
2000-11-18,0.0
2000-11-19,0.0
2000-11-20,0.0
2000-11-21,0.0
2000-11-22,0.0
2000-11-23,0.0
2000-11-24,0.0
2000-11-25,0.0
2000-11-26,0.0
2000-11-27,0.0
2000-11-28,0.0
2000-11-29,0.0
2000-11-30,0.001917971562275
2000-12-01,0.0077768192607091
2000-12-02,0.0012655237580993
2000-12-03,0.0010809682100431
2000-12-04,0.001362195711843
2000-12-05,0.000232891524928
2000-12-06,0.0
2000-12-07,0.023818914799316
2000-12-08,0.0821314372975161
2000-12-09,0.0195022484138768
2000-12-10,0.0028122750179985
2000-12-11,0.000395476174406
2000-12-12,6.591269573434125e-05
2000-12-13,0.0
2000-12-14,0.0002988042206623
2000-12-15,0.0005712433630309
2000-12-16,0.0001581904697624
2000-12-17,0.0
2000-12-18,0.0
2000-12-19,0.0
2000-12-20,0.0
2000-12-21,8.7883594312455e-05
2000-12-22,9.227777402807774e-05
2000-12-23,6.15185160187185e-05
2000-12-24,0.0
2000-12-25,0.0
2000-12-26,0.0
2000-12-27,0.0
2000-12-28,0.0
2000-12-29,0.0
2000-12-30,0.0
2000-12-31,0.0
2001-01-01,0.0
2001-01-02,0.0
2001-01-03,0.0
2001-01-04,0.0
2001-01-05,0.0
2001-01-06,0.0
2001-01-07,0.0
2001-01-08,2.6365078293736497e-05
2001-01-09,0.0
2001-01-10,0.0
2001-01-11,0.0
2001-01-12,0.0
2001-01-13,0.0
2001-01-14,0.0
2001-01-15,0.0
2001-01-16,0.0
2001-01-17,0.0
2001-01-18,0.0
2001-01-19,0.0
2001-01-20,0.0
2001-01-21,0.0
2001-01-22,0.0
2001-01-23,0.0
2001-01-24,0.0
2001-01-25,0.0
2001-01-26,0.0
2001-01-27,0.0
2001-01-28,0.0
2001-01-29,0.0
2001-01-30,0.0
2001-01-31,0.0
2001-02-01,0.0
2001-02-02,0.0
2001-02-03,0.0
2001-02-04,0.0
2001-02-05,0.0
2001-02-06,0.0
2001-02-07,0.0
2001-02-08,0.0
2001-02-09,0.0
2001-02-10,0.0
2001-02-11,0.0
2001-02-12,0.0
2001-02-13,0.0
2001-02-14,0.0
2001-02-15,0.0
2001-02-16,0.0
2001-02-17,0.0
2001-02-18,0.0
2001-02-19,0.0
2001-02-20,0.0
2001-02-21,0.0
2001-02-22,0.0
2001-02-23,0.0
2001-02-24,0.0
2001-02-25,0.0
2001-02-26,0.0
2001-02-27,0.0
2001-02-28,0.0
2001-03-01,0.0
2001-03-02,0.0
2001-03-03,0.0
2001-03-04,0.0
2001-03-05,0.0
2001-03-06,0.0
2001-03-07,0.0
2001-03-08,0.0
2001-03-09,0.0
2001-03-10,0.0
2001-03-11,0.0
2001-03-12,0.0
2001-03-13,0.0
2001-03-14,0.0
2001-03-15,0.0
2001-03-16,0.0
2001-03-17,0.0
2001-03-18,0.0
2001-03-19,0.0
2001-03-20,1.3182539146868248e-05
2001-03-21,0.1484935697331713
2001-03-22,11.172887594773668
2001-03-23,19.96220126608621
2001-03-24,12.106590144663423
2001-03-25,5.394084274039326
2001-03-26,2.100575743003059
2001-03-27,0.6956735258054356
2001-03-28,0.1927424321679265
2001-03-29,0.0445183135349172
2001-03-30,0.0089033111726061
2001-03-31,0.0202506651030417
2001-04-01,0.0072685005512059
2001-04-02,0.0009842962562994
2001-04-03,0.0001757671886249
2001-04-04,0.0400916168893988
2001-04-05,0.0303316164394348
2001-04-06,0.0095775541081713
2001-04-07,0.0152056194879409
2001-04-08,0.0046051003419726
2001-04-09,0.0010897565694744
2001-04-10,0.0002504682437904
2001-04-11,7.470105516558675e-05
2001-04-12,0.0
2001-04-13,0.0342777655912526
2001-04-14,0.1619909079148668
2001-04-15,0.0868356703338732
2001-04-16,0.0400504873672606
2001-04-17,0.0162271783882289
2001-04-18,0.0066568307347912
2001-04-19,0.00239922212473
2001-04-20,0.0009623253577213
2001-04-21,0.0003515343772498
2001-04-22,0.3339752351061915
2001-04-23,13.213053209649477
2001-04-24,11.487156691527176
2001-04-25,7.238863566695914
2001-04-26,4.061084019528438
2001-04-27,2.252298507525648
2001-04-28,9.177539449187815
2001-04-29,50.64097881935069
2001-04-30,61.989733262745226
2001-05-01,48.35604895748965
2001-05-02,35.53151488115325
2001-05-03,23.64073995174136
2001-05-04,13.89630140135664
2001-05-05,11.374956937038789
2001-05-06,33.92568475381344
2001-05-07,43.53675362221021
2001-05-08,51.69274928708828
2001-05-09,38.94329328653708
2001-05-10,30.19321577320689
2001-05-11,23.60692691459683
2001-05-12,19.457362922684933
2001-05-13,15.218833489414598
2001-05-14,14.604328372480202
2001-05-15,63.58392584452619
2001-05-16,84.39428130905777
2001-05-17,76.09914077967514
2001-05-18,68.12293965701494
2001-05-19,62.58677432758503
2001-05-20,58.12147024331804
2001-05-21,55.19012086454958
2001-05-22,50.163801485724896
2001-05-23,38.24993672381209
2001-05-24,28.003607797313716
2001-05-25,20.55553364324604
2001-05-26,19.25906044703924
2001-05-27,14.51923051234026
2001-05-28,9.928942950188985
2001-05-29,8.161399978626708
2001-05-30,10.786039655890027
2001-05-31,14.605837861096113
2001-06-01,22.184804434395247
2001-06-02,18.255321527402806
2001-06-03,14.979089504870858
2001-06-04,10.984994052038337
2001-06-05,8.700553526030417
2001-06-06,7.032210391918646
2001-06-07,5.623586304501889
2001-06-08,4.775259151142907
2001-06-09,4.350267798888589
2001-06-10,4.1214103067067125
2001-06-11,4.000731718806245
2001-06-12,3.7239848741788144
2001-06-13,2.726113239065874
2001-06-14,1.929975230887779
2001-06-15,1.523567391952393
2001-06-16,1.3290876768920985
2001-06-17,1.1973828617148128
2001-06-18,1.141024518819744
2001-06-19,1.0910934547111228
2001-06-20,0.8778737935340172
2001-06-21,0.601686591635169
2001-06-22,0.4393288575976421
2001-06-23,0.4522684864898307
2001-06-24,2.5627376372390205
2001-06-25,1.6378765284714722
2001-06-26,0.7644528086190605
2001-06-27,0.3701555047471202
2001-06-28,0.1864271170806335
2001-06-29,0.1063910004387149
2001-06-30,0.0692028817382109
2001-07-01,0.5091862963462922
2001-07-02,0.6016431771395788
2001-07-03,0.3065548506119509
2001-07-04,0.136184066212203
2001-07-05,0.0599891657104931
2001-07-06,0.0252252280755039
2001-07-07,0.0122397239470842
2001-07-08,0.3365804563759899
2001-07-09,23.091664873841346
2001-07-10,26.84265409157892
2001-07-11,36.26912698546616
2001-07-12,27.50968652976512
2001-07-13,18.82174552988885
2001-07-14,13.114822025175489
2001-07-15,8.774558718896238
2001-07-16,5.627113776210402
2001-07-17,14.468275428590712
2001-07-18,76.709864968615
2001-07-19,90.65317407419906
2001-07-20,99.43945892531724
2001-07-21,98.48207965628374
2001-07-22,97.55281505213958
2001-07-23,95.94778132593142
2001-07-24,93.83830877514174
2001-07-25,92.09418185998246
2001-07-26,90.93868906503104
2001-07-27,90.2078844239336
2001-07-28,88.68178035991497
2001-07-29,85.26239738711527
2001-07-30,89.52215721179806
2001-07-31,93.5440950661447
2001-08-01,91.24960821493656
2001-08-02,87.8254009601107
2001-08-03,82.9371630542994
2001-08-04,79.37225381344491
2001-08-05,79.8929134887959
2001-08-06,77.32118026261024
2001-08-07,73.75062327045084
2001-08-08,70.72707872823298
2001-08-09,68.77547130213958
2001-08-10,67.62580097107856
2001-08-11,66.82961374808764
2001-08-12,66.17676080054221
2001-08-13,65.6980414613706
2001-08-14,65.39672570334997
2001-08-15,66.17404484594357
2001-08-16,66.27013501029293
2001-08-17,74.45956423095528
2001-08-18,79.5631967411357
2001-08-19,73.45227885675396
2001-08-20,69.20802749842512
2001-08-21,66.4715700087743
2001-08-22,62.45235109706847
2001-08-23,57.18546531902448
2001-08-24,54.07416426217152
2001-08-25,53.86526056431112
2001-08-26,84.46220126608621
2001-08-27,99.578857421875
2001-08-28,98.76276860741766
2001-08-29,96.5676005880467
2001-08-30,94.44562308062233
2001-08-31,90.69735069631928
2001-09-01,83.17873449030327
2001-09-02,75.43566920896328
2001-09-03,72.15755735634899
2001-09-04,66.64505064204238
2001-09-05,58.848151561937534
2001-09-06,54.56337092641964
2001-09-07,52.57720942871445
2001-09-08,51.75786470285502
2001-09-09,51.41306080279202
2001-09-10,51.305608344301206
2001-09-11,51.35201334283883
2001-09-12,62.69983762627116
2001-09-13,59.64289397863796
2001-09-14,53.71986155170086
2001-09-15,51.31469533218591
2001-09-16,50.470657952832525
2001-09-17,50.33484493115551
2001-09-18,50.1571509826089
2001-09-19,50.09368443883863
2001-09-20,50.07635273943709
2001-09-21,48.35338467844448
2001-09-22,37.72554269877159
2001-09-23,28.15778479909107
2001-09-24,21.21624496602772
2001-09-25,15.581938620691592
2001-09-26,17.667303119656673
2001-09-27,29.290360364920804
2001-09-28,22.83195250629949
2001-09-29,32.26743505050845
2001-09-30,90.91901509207388
2001-10-01,76.97535181560475
2001-10-02,48.74763294327079
2001-10-03,25.004093090521504
2001-10-04,15.381071174462292
2001-10-05,9.741281595909824
2001-10-06,8.02305503059755
2001-10-07,10.037329787054537
2001-10-08,7.001345146294547
2001-10-09,4.886558098789596
2001-10-10,4.170071101343142
2001-10-11,3.961416641356191
2001-10-12,3.894228578901188
2001-10-13,3.8754431090825214
2001-10-14,3.870539204519888
2001-10-15,3.699903714734071
2001-10-16,2.4652314924181065
2001-10-17,1.1463667867508098
2001-10-18,0.5083714396598271
2001-10-19,0.2121114490528257
2001-10-20,0.0954723426813354
2001-10-21,0.0465695166261698
2001-10-22,0.0175811130422066
2001-10-23,0.0099427983261339
2001-10-24,0.0053014899433045
2001-10-25,0.0009886904360151
2001-10-26,0.0013978764511339
2001-10-27,8.152457119836663
2001-10-28,24.80891118554266
2001-10-29,13.7345001462383
2001-10-30,4.1692775124865005
2001-10-31,0.901090178410727
2001-11-01,0.1573086457770878
2001-11-02,0.0228319820351871
2001-11-03,0.0031402565919726
2001-11-04,0.0005756375427465
2001-11-05,0.0101250689007379
2001-11-06,0.0274189783567314
2001-11-07,0.0110928430413066
2001-11-08,0.0033564502339812
2001-11-09,0.02496368649883
2001-11-10,0.0394287988210943
2001-11-11,0.0071558337832973
2001-11-12,0.0010343899050575
2001-11-13,0.0013797724307055
2001-11-14,0.0017821035254679
2001-11-15,0.0006810978559215
2001-11-16,0.0001450079306155
2001-11-17,0.0
2001-11-18,3.5153437724981994e-05
2001-11-19,0.0
2001-11-20,0.0001054603131749
2001-11-21,6.591269573434125e-05
2001-11-22,0.0
2001-11-23,0.0
2001-11-24,0.0
2001-11-25,0.0
2001-11-26,0.0
2001-11-27,0.0
2001-11-28,0.0
2001-11-29,0.0
2001-11-30,0.0
2001-12-01,0.00109415074919
2001-12-02,0.07765078012509
2001-12-03,0.4292087101781857
2001-12-04,0.1302615907914866
2001-12-05,0.0207878096314794
2001-12-06,0.0028613140636249
2001-12-07,8.348941459683225e-05
2001-12-08,2.6365078293736497e-05
2001-12-09,0.0
2001-12-10,0.0
2001-12-11,0.0
2001-12-12,0.0
2001-12-13,0.0
2001-12-14,0.0
2001-12-15,0.0
2001-12-16,0.0
2001-12-17,0.0
2001-12-18,0.0
2001-12-19,0.0
2001-12-20,0.0
2001-12-21,0.0001450079306155
2001-12-22,9.227777402807774e-05
2001-12-23,0.0
2001-12-24,0.0
2001-12-25,0.0
2001-12-26,0.0
2001-12-27,0.0
2001-12-28,0.0
2001-12-29,0.0
2001-12-30,0.0
2001-12-31,0.0
2002-01-01,2.6365078293736497e-05
2002-01-02,0.0
2002-01-03,0.0
2002-01-04,0.0293432775377969
2002-01-05,0.0816964135056695
2002-01-06,0.01983673337383
2002-01-07,0.0035944390073794
2002-01-08,0.0005360899253059
2002-01-09,7.470105516558675e-05
2002-01-10,0.0
2002-01-11,0.0
2002-01-12,0.0
2002-01-13,0.0
2002-01-14,0.0
2002-01-15,0.0
2002-01-16,0.0
2002-01-17,0.0
2002-01-18,0.0
2002-01-19,0.0
2002-01-20,0.0
2002-01-21,0.0
2002-01-22,0.0
2002-01-23,0.0
2002-01-24,0.0
2002-01-25,0.0
2002-01-26,0.0
2002-01-27,0.0
2002-01-28,0.0
2002-01-29,0.0
2002-01-30,2.197089857811375e-05
2002-01-31,0.0
2002-02-01,0.0
2002-02-02,0.0
2002-02-03,0.0
2002-02-04,0.0
2002-02-05,0.0
2002-02-06,0.0
2002-02-07,0.0
2002-02-08,0.0
2002-02-09,0.0
2002-02-10,0.0
2002-02-11,0.0
2002-02-12,0.0
2002-02-13,0.0
2002-02-14,0.0
2002-02-15,0.0
2002-02-16,0.0
2002-02-17,0.0
2002-02-18,0.0
2002-02-19,0.0
2002-02-20,5.2730156587472994e-05
2002-02-21,0.0
2002-02-22,0.0
2002-02-23,0.0
2002-02-24,0.0
2002-02-25,0.0
2002-02-26,0.0
2002-02-27,0.0
2002-02-28,9.66719537437005e-05
2002-03-01,7.90952348812095e-05
2002-03-02,0.0
2002-03-03,0.0
2002-03-04,0.0
2002-03-05,0.0
2002-03-06,0.0
2002-03-07,0.0
2002-03-08,0.0
2002-03-09,0.0
2002-03-10,0.0
2002-03-11,0.0
2002-03-12,0.0
2002-03-13,0.0
2002-03-14,0.0
2002-03-15,0.0
2002-03-16,0.0
2002-03-17,0.0
2002-03-18,0.0
2002-03-19,7.470105516558675e-05
2002-03-20,7.470105516558675e-05
2002-03-21,0.0
2002-03-22,0.0
2002-03-23,0.0
2002-03-24,0.0
2002-03-25,0.0
2002-03-26,0.0
2002-03-27,0.0
2002-03-28,0.0
2002-03-29,0.845011481112761
2002-03-30,3.486980924338553
2002-03-31,1.7742933104414145
2002-04-01,0.6962261378464722
2002-04-02,0.2400705599802016
2002-04-03,0.0736002252632289
2002-04-04,0.0196129817427105
2002-04-05,0.0048227001214902
2002-04-06,0.0010728829193664
2002-04-07,7.90952348812095e-05
2002-04-08,4.39417971562275e-05
2002-04-09,6.591269573434125e-05
2002-04-10,0.3071689811690064
2002-04-11,0.8970336474644527
2002-04-12,0.5158144770293376
2002-04-13,0.3616467909129769
2002-04-14,0.1968771795131389
2002-04-15,0.4537437005039597
2002-04-16,4.978026816448434
2002-04-17,2.379368341938895
2002-04-18,0.8620136170356371
2002-04-19,0.2744875331848452
2002-04-20,0.0855147799113571
2002-04-21,0.0261016032779877
2002-04-22,0.0237236489830813
2002-04-23,0.0297195950886429
2002-04-24,0.1531587824536537
2002-04-25,0.5112095524545536
2002-04-26,0.1760777692472102
2002-04-27,0.049195478424226
2002-04-28,0.0940271848564614
2002-04-29,0.778790313962383
2002-04-30,0.2710681582973362
2002-05-01,0.0842605052533297
2002-05-02,0.0258205515433765
2002-05-03,0.0078369316392188
2002-05-04,0.0079536410524658
2002-05-05,0.0273799580408567
2002-05-06,0.0086616312882469
2002-05-07,0.0024958940784737
2002-05-08,0.000790952348812
2002-05-09,0.0002548624235061
2002-05-10,9.227777402807774e-05
2002-05-11,0.0
2002-05-12,0.0
2002-05-13,0.555555789911807
2002-05-14,58.69613579351153
2002-05-15,81.21306234954326
2002-05-16,74.59066968001935
2002-05-17,68.18148946521778
2002-05-18,70.63273393206667
2002-05-19,72.79396394382199
2002-05-20,76.65052491113211
2002-05-21,70.03556279950728
2002-05-22,63.064021792319096
2002-05-23,57.55977736624819
2002-05-24,54.03604844424947
2002-05-25,55.016023991518175
2002-05-26,86.79950588327934
2002-05-27,94.13599371034692
2002-05-28,93.9191862893156
2002-05-29,94.011338565571
2002-05-30,92.23056964036628
2002-05-31,89.38753061864425
2002-06-01,87.25017190031048
2002-06-02,83.54659008138724
2002-06-03,78.0655548337383
2002-06-04,86.22183155035097
2002-06-05,99.85782420609476
2002-06-06,99.72424711882424
2002-06-07,99.02155450610826
2002-06-08,98.41143442899568
2002-06-09,97.71708583625812
2002-06-10,96.93775995967198
2002-06-11,95.25755359493115
2002-06-12,93.00402278364606
2002-06-13,91.43949530912526
2002-06-14,90.38944489909558
2002-06-15,89.70699328428726
2002-06-16,89.22790342788201
2002-06-17,88.90874308180346
2002-06-18,88.18342817730831
2002-06-19,84.84387391586797
2002-06-20,80.82332620421617
2002-06-21,76.7304919512689
2002-06-22,73.26256102636789
2002-06-23,70.879249171785
2002-06-24,69.35947694496939
2002-06-25,68.23120082034062
2002-06-26,67.61890896384539
2002-06-27,68.25252718063805
2002-06-28,67.63203437865597
2002-06-29,67.33155087827349
2002-06-30,66.97970293235916
2002-07-01,66.79612183759673
2002-07-02,67.18604113233442
2002-07-03,68.27072224847014
2002-07-04,67.41801075835808
2002-07-05,66.57276410074694
2002-07-06,66.06216287853222
2002-07-07,65.71042039293107
2002-07-08,65.46578603789821
2002-07-09,65.3165825444902
2002-07-10,65.22733148145024
2002-07-11,65.17117878616585
2002-07-12,64.9287353691392
2002-07-13,62.86767982389533
2002-07-14,59.3971192460853
2002-07-15,56.98156852529922
2002-07-16,55.29039217878194
2002-07-17,54.09895218148172
2002-07-18,53.22072245939074
2002-07-19,55.52162164917432
2002-07-20,76.6073694963778
2002-07-21,95.17294331297246
2002-07-22,96.66926696645518
2002-07-23,98.40057518054806
2002-07-24,100.0
2002-07-25,100.0
2002-07-26,100.0
2002-07-27,100.0
2002-07-28,100.0
2002-07-29,99.95883778516468
2002-07-30,99.85049893274164
2002-07-31,99.69734735674272
2002-08-01,98.73124810171436
2002-08-02,97.84177314642952
2002-08-03,97.11179267767952
2002-08-04,96.6719245663472
2002-08-05,96.45490727929266
2002-08-06,96.45426449868386
2002-08-07,96.2026583381142
2002-08-08,95.5918912619803
2002-08-09,92.88085093817494
2002-08-10,90.60180611332343
2002-08-11,89.39243891738661
2002-08-12,88.83980103857317
2002-08-13,87.10666027577169
2002-08-14,79.48510917954688
2002-08-15,73.49965989049001
2002-08-16,69.8619802212698
2002-08-17,67.59126377311689
2002-08-18,78.33345988570915
2002-08-19,95.94908991265076
2002-08-20,93.260263221911
2002-08-21,88.87487590836483
2002-08-22,81.8059206825954
2002-08-23,76.72122796582524
2002-08-24,79.01027745905326
2002-08-25,74.4176674850387
2002-08-26,69.07433704131793
2002-08-27,70.48278237350387
2002-08-28,96.01305299872884
2002-08-29,94.03196800896552
2002-08-30,88.33192051667116
2002-08-31,79.45022659905956
2002-09-01,72.5775024326179
2002-09-02,68.22431777723408
2002-09-03,66.14954606365866
2002-09-04,65.388124887509
2002-09-05,68.62103557106056
2002-09-06,74.92621943760123
2002-09-07,69.90480167836573
2002-09-08,67.18470987164775
2002-09-09,65.8062031404675
2002-09-10,65.28222322292342
2002-09-11,64.46689425002248
2002-09-12,59.90465561583199
2002-09-13,55.46625305131839
2002-09-14,53.45653418039057
2002-09-15,57.747113902762784
2002-09-16,59.63586575183359
2002-09-17,60.45100665384268
2002-09-18,55.55397617018764
2002-09-19,54.45500342394484
2002-09-20,52.38179744448568
2002-09-21,51.55049492524972
2002-09-22,51.32877147171975
2002-09-23,51.27903304844987
2002-09-24,51.26525184625855
2002-09-25,51.2356573974082
2002-09-26,50.92839947804176
2002-09-27,50.47916385439164
2002-09-28,50.25237127514175
2002-09-29,50.146957012970205
2002-09-30,50.107908750112486
2002-10-01,50.084417465352765
2002-10-02,50.10331999611906
2002-10-03,50.08131042875944
2002-10-04,50.07269221196679
2002-10-05,50.070108258526815
2002-10-06,50.06955986489831
2002-10-07,50.06951662616991
2002-10-08,50.06947725431966
2002-10-09,47.98119466848901
2002-10-10,36.11179355651548
2002-10-11,25.814002282161173
2002-10-12,19.47716432685385
2002-10-13,13.382123844154966
2002-10-14,9.744515184878958
2002-10-15,8.179041555581803
2002-10-16,6.740656040485511
2002-10-17,5.091926766952393
2002-10-18,4.371776781294996
2002-10-19,4.084389166835403
2002-10-20,7.946024708648306
2002-10-21,6.195379818833243
2002-10-22,4.53556402987761
2002-10-23,4.031168795558855
2002-10-24,3.913245534107271
2002-10-25,3.8777685089880314
2002-10-26,3.871656029236411
2002-10-27,3.869400408904787
2002-10-28,3.8699549543848986
2002-10-29,4.507868393965981
2002-10-30,33.07343342220123
2002-10-31,17.61254865235781
2002-11-01,8.47838872108981
2002-11-02,5.152755045221382
2002-11-03,4.224928216680165
2002-11-04,3.9616358230404063
2002-11-05,3.8886256482293913
2002-11-06,3.871718075053995
2002-11-07,3.6862726177218312
2002-11-08,2.6235975536019613
2002-11-09,1.720693985106191
2002-11-10,1.050471372446454
2002-11-11,0.4993370061645067
2002-11-12,0.2086354771305795
2002-11-13,0.0795379924293556
2002-11-14,0.0276042369735421
2002-11-15,0.0088674546661267
2002-11-16,0.002561806774208
2002-11-17,0.0009755078968682
2002-11-18,0.0005624550035997
2002-11-19,0.0001669788291936
2002-11-20,0.0001098544928905
2002-11-21,0.0
2002-11-22,0.0
2002-11-23,0.0
2002-11-24,0.0
2002-11-25,0.0
2002-11-26,0.0
2002-11-27,0.0
2002-11-28,0.0
2002-11-29,0.0
2002-11-30,0.0016170581353491
2002-12-01,0.0027024205251079
2002-12-02,0.0012787062972462
2002-12-03,0.0186866886586573
2002-12-04,1.716642551408387
2002-12-05,0.5647396255174586
2002-12-06,0.1193578732451403
2002-12-07,0.0204767017076133
2002-12-08,0.0386698361006119
2002-12-09,0.0648141508054355
2002-12-10,0.0138242651525377
2002-12-11,0.0011073332883369
2002-12-12,7.030687544996399e-05
2002-12-13,0.0
2002-12-14,0.0
2002-12-15,0.0
2002-12-16,0.0
2002-12-17,0.0
2002-12-18,0.0018104020428365
2002-12-19,0.0015423570801835
2002-12-20,0.000395476174406
2002-12-21,7.470105516558675e-05
2002-12-22,0.0001669788291936
2002-12-23,0.0001889497277717
2002-12-24,0.0022717909129769
2002-12-25,0.0001494021103311
2002-12-26,0.0
2002-12-27,0.0
2002-12-28,0.0
2002-12-29,0.0002153148060655
2002-12-30,8.348941459683225e-05
2002-12-31,0.0
2003-01-01,0.0
2003-01-02,0.0
2003-01-03,0.0
2003-01-04,0.0
2003-01-05,0.0
2003-01-06,0.0
2003-01-07,0.0
2003-01-08,0.0
2003-01-09,0.0
2003-01-10,0.0
2003-01-11,0.0
2003-01-12,0.0
2003-01-13,0.0
2003-01-14,0.0
2003-01-15,0.0
2003-01-16,0.0
2003-01-17,0.0
2003-01-18,0.0
2003-01-19,0.0
2003-01-20,0.0
2003-01-21,0.0001186428523218
2003-01-22,0.0364319682550395
2003-01-23,0.128886564074874
2003-01-24,0.0257337225521958
2003-01-25,0.0026804496265298
2003-01-26,0.0002900158612311
2003-01-27,0.0
2003-01-28,0.0
2003-01-29,0.0
2003-01-30,0.0
2003-01-31,0.0
2003-02-01,0.0
2003-02-02,0.0
2003-02-03,0.0
2003-02-04,0.0
2003-02-05,0.0
2003-02-06,0.0
2003-02-07,0.0
2003-02-08,0.0
2003-02-09,0.0
2003-02-10,0.0
2003-02-11,0.0
2003-02-12,0.0
2003-02-13,0.0
2003-02-14,0.0
2003-02-15,0.0
2003-02-16,0.0
2003-02-17,0.0
2003-02-18,0.0
2003-02-19,0.0
2003-02-20,0.0095812452191324
2003-02-21,0.033068135799136
2003-02-22,0.011129226849352
2003-02-23,0.0029527130017098
2003-02-24,0.000232891524928
2003-02-25,0.0
2003-02-26,0.0
2003-02-27,0.0
2003-02-28,0.0
2003-03-01,0.0
2003-03-02,0.0
2003-03-03,0.0
2003-03-04,0.0
2003-03-05,0.0002416798843592
2003-03-06,7.90952348812095e-05
2003-03-07,0.0
2003-03-08,0.0001362195711843
2003-03-09,0.0
2003-03-10,7.030687544996399e-05
2003-03-11,0.0
2003-03-12,0.0
2003-03-13,0.0
2003-03-14,0.0
2003-03-15,0.0
2003-03-16,0.0
2003-03-17,0.0
2003-03-18,0.0
2003-03-19,0.0
2003-03-20,0.0
2003-03-21,0.0
2003-03-22,0.0
2003-03-23,0.0
2003-03-24,0.0
2003-03-25,0.0
2003-03-26,0.0
2003-03-27,0.0
2003-03-28,0.0
2003-03-29,0.0
2003-03-30,0.0
2003-03-31,0.0
2003-04-01,0.0
2003-04-02,0.0
2003-04-03,0.0
2003-04-04,0.0
2003-04-05,0.0
2003-04-06,0.0
2003-04-07,0.0
2003-04-08,0.0
2003-04-09,0.0
2003-04-10,0.0
2003-04-11,0.0
2003-04-12,0.0
2003-04-13,0.0
2003-04-14,0.0
2003-04-15,0.0
2003-04-16,1.7576718862490997e-05
2003-04-17,0.5394722133166846
2003-04-18,4.17525324536537
2003-04-19,2.998366243981731
2003-04-20,1.690095554074424
2003-04-21,0.835058839824064
2003-04-22,0.3756812736231101
2003-04-23,0.148054151761609
2003-04-24,0.0589646187679985
2003-04-25,0.0270653347732181
2003-04-26,0.021209299349802
2003-04-27,0.0105562258144348
2003-04-28,0.0043395161199604
2003-04-29,0.0045347934665226
2003-04-30,0.0030188014646328
2003-05-01,0.0014061375089992
2003-05-02,0.0005229073861591
2003-05-03,0.0001713730089092
2003-05-04,7.470105516558675e-05
2003-05-05,0.0
2003-05-06,0.0
2003-05-07,0.0
2003-05-08,0.0
2003-05-09,0.0
2003-05-10,0.0002284973452123
2003-05-11,0.0002856216815154
2003-05-12,0.0001845555480561
2003-05-13,0.0006415502384809
2003-05-14,0.0094460802510799
2003-05-15,0.0088915347709683
2003-05-16,0.0142207959300755
2003-05-17,0.0278673604549136
2003-05-18,0.0219573645045896
2003-05-19,0.0280148291261699
2003-05-20,4.621890326898848
2003-05-21,76.31970786087112
2003-05-22,99.43280068844491
2003-05-23,98.38469233008234
2003-05-24,97.27470724217063
2003-05-25,95.16175028263363
2003-05-26,92.75429961696814
2003-05-27,91.06078416070464
2003-05-28,89.04409717535098
2003-05-29,84.08202755888904
2003-05-30,79.69433242215624
2003-05-31,74.80500458400827
2003-06-01,70.52412246473406
2003-06-02,68.65567190171662
2003-06-03,67.58650540378645
2003-06-04,66.52346650158613
2003-06-05,69.27615292729706
2003-06-06,71.07662676048416
2003-06-07,67.89126496833379
2003-06-08,64.91499195689345
2003-06-09,64.850215068732
2003-06-10,70.96819510298549
2003-06-11,71.73557338069205
2003-06-12,66.53081831578473
2003-06-13,62.97448018611636
2003-06-14,59.95355580537933
2003-06-15,77.74775773797471
2003-06-16,74.33213319496939
2003-06-17,69.03430747024613
2003-06-18,64.18096146058315
2003-06-19,59.43762602507423
2003-06-20,56.018432002002335
2003-06-21,53.859901071195566
2003-06-22,52.63505775006748
2003-06-23,52.005661636912784
2003-06-24,51.675550467681326
2003-06-25,51.48515171520653
2003-06-26,51.376544817820815
2003-06-27,51.3207004181853
2003-06-28,51.29248363255939
2003-06-29,51.277001531283744
2003-06-30,51.24609269539686
2003-07-01,51.07628981478357
2003-07-02,50.86777051976466
2003-07-03,51.00618313816144
2003-07-04,53.83009359251258
2003-07-05,58.70386269489065
2003-07-06,67.36757700009
2003-07-07,69.01624106399613
2003-07-08,96.26516202922517
2003-07-09,95.16288714480966
2003-07-10,93.36077023994332
2003-07-11,90.24099579846111
2003-07-12,85.00427940374145
2003-07-13,79.08667906176882
2003-07-14,74.69725507896868
2003-07-15,71.71988528027134
2003-07-16,69.66346629769617
2003-07-17,67.79191924411673
2003-07-18,65.9551972951539
2003-07-19,61.59558887632739
2003-07-20,57.59476611011745
2003-07-21,55.09858447652313
2003-07-22,53.78916022655688
2003-07-23,52.89433105117216
2003-07-24,52.33912328029383
2003-07-25,52.01592292538472
2003-07-26,51.800182411188345
2003-07-27,59.57592474633279
2003-07-28,59.01383885382919
2003-07-29,55.93318930969896
2003-07-30,53.61925241293197
2003-07-31,52.35255171773757
2003-08-01,51.75390326195779
2003-08-02,51.37151260321049
2003-08-03,50.843174362457255
2003-08-04,57.18797298950459
2003-08-05,68.57319842147002
2003-08-06,62.24167179906857
2003-08-07,57.65461536514579
2003-08-08,54.35622841578924
2003-08-09,52.18017279320778
2003-08-10,50.97507217000764
2003-08-11,50.43327279911356
2003-08-12,50.21532798860466
2003-08-13,50.12640385253555
2003-08-14,50.09068180795536
2003-08-15,50.07625483711302
2003-08-16,50.07158030873155
2003-08-17,50.02621145777088
2003-08-18,45.84225861540452
2003-08-19,32.27476190576628
2003-08-20,24.635957502306063
2003-08-21,20.368801394325956
2003-08-22,17.477589683450322
2003-08-23,15.387679317685834
2003-08-24,13.23147325948299
2003-08-25,11.212510440571002
2003-08-26,9.45708872587068
2003-08-27,8.463309478210494
2003-08-28,7.94010486973542
2003-08-29,7.682966436903796
2003-08-30,8.923087793601512
2003-08-31,7.979592726331892
2003-09-01,7.501128776885347
2003-09-02,7.3604181782644895
2003-09-03,7.32318576623245
2003-09-04,7.313358446949244
2003-09-05,7.310235239774568
2003-09-06,7.376971229020426
2003-09-07,35.767895384775464
2003-09-08,43.760984218918736
2003-09-09,42.65734942376484
2003-09-10,30.677107764972547
2003-09-11,18.45536339514714
2003-09-12,11.536224035670896
2003-09-13,8.660393535704642
2003-09-14,7.685527013307684
2003-09-15,7.429995619881659
2003-09-16,7.342830913370679
2003-09-17,7.201644864504589
2003-09-18,6.434165872198974
2003-09-19,5.672091017874819
2003-09-20,4.962294422696183
2003-09-21,4.476756019674676
2003-09-22,4.522250016873649
2003-09-23,5.889249621749009
2003-09-24,4.467820718873739
2003-09-25,4.052838956477231
2003-09-26,3.941040478480471
2003-09-27,4.404378079441144
2003-09-28,5.138968042712833
2003-09-29,4.03432926537752
2003-09-30,3.74001835712518
2003-10-01,2.7957630967647584
2003-10-02,1.7788043753374732
2003-10-03,0.9983268721314792
2003-10-04,0.5302588488233441
2003-10-05,0.2614449047201224
2003-10-06,0.1234720558292836
2003-10-07,0.0657940528820194
2003-10-08,0.0718416745410367
2003-10-09,0.0715409368812994
2003-10-10,0.0268971255737041
2003-10-11,0.009184538674406
2003-10-12,0.0023398128149748
2003-10-13,0.0003339576583873
2003-10-14,8.348941459683225e-05
2003-10-15,0.0
2003-10-16,0.0019598041531677
2003-10-17,0.0005360899253059
2003-10-18,0.0003260481348992
2003-10-19,0.0
2003-10-20,0.0
2003-10-21,0.0
2003-10-22,0.0
2003-10-23,1.7576718862490997e-05
2003-10-24,0.0001450079306155
2003-10-25,0.0041551363390928
2003-10-26,0.173434933799046
2003-10-27,0.0815011361591072
2003-10-28,0.0208614560835133
2003-10-29,0.0034462672673686
2003-10-30,0.0005956750022498
2003-10-31,0.0397225057932865
2003-11-01,0.1556522157914867
2003-11-02,0.0362438973632109
2003-11-03,0.1329040747052735
2003-11-04,0.1506467177938264
2003-11-05,0.0309809004342152
2003-11-06,0.0062522146665766
2003-11-07,0.0009074859948704
2003-11-08,0.0
2003-11-09,0.0
2003-11-10,0.0
2003-11-11,0.011816652324064
2003-11-12,0.0279283516693664
2003-11-13,0.0087528544591432
2003-11-14,0.0016917591905147
2003-11-15,0.001291888836393
2003-11-16,0.0040426453383729
2003-11-17,21.837498312634988
2003-11-18,17.926615968378776
2003-11-19,4.05689496012194
2003-11-20,0.5488332222484701
2003-11-21,0.049913838924136
2003-11-22,0.0034195506546976
2003-11-23,0.0
2003-11-24,0.0
2003-11-25,4.833597687185025e-05
2003-11-26,0.0002504682437904
2003-11-27,0.0001010661334593
2003-11-28,0.0
2003-11-29,0.0
2003-11-30,0.0
2003-12-01,0.0
2003-12-02,0.0
2003-12-03,0.0
2003-12-04,0.0001010661334593
2003-12-05,7.470105516558675e-05
2003-12-06,0.0
2003-12-07,0.0
2003-12-08,0.0025837776727861
2003-12-09,0.0012787062972462
2003-12-10,0.0003998703541216
2003-12-11,0.0004745714092872
2003-12-12,7.90952348812095e-05
2003-12-13,0.0
2003-12-14,0.0
2003-12-15,5.712433630309575e-05
2003-12-16,0.0
2003-12-17,0.0
2003-12-18,0.0
2003-12-19,0.0
2003-12-20,0.0
2003-12-21,0.0
2003-12-22,0.0
2003-12-23,0.0
2003-12-24,0.0
2003-12-25,0.0
2003-12-26,0.0
2003-12-27,0.0
2003-12-28,0.0
2003-12-29,0.0
2003-12-30,0.0
2003-12-31,0.0
2004-01-01,0.0
2004-01-02,0.0
2004-01-03,0.0
2004-01-04,0.0
2004-01-05,0.0
2004-01-06,0.0
2004-01-07,0.0
2004-01-08,0.0
2004-01-09,0.0
2004-01-10,0.0
2004-01-11,0.0
2004-01-12,0.0
2004-01-13,0.0
2004-01-14,0.0
2004-01-15,0.0012577900017998
2004-01-16,0.0046270712405507
2004-01-17,0.0011117274680525
2004-01-18,0.0004086587135529
2004-01-19,7.90952348812095e-05
2004-01-20,0.0
2004-01-21,0.0
2004-01-22,0.0
2004-01-23,0.0
2004-01-24,0.0
2004-01-25,0.0
2004-01-26,0.0
2004-01-27,0.0
2004-01-28,0.0
2004-01-29,0.0
2004-01-30,0.0
2004-01-31,0.0
2004-02-01,0.0
2004-02-02,0.0
2004-02-03,0.0
2004-02-04,0.0
2004-02-05,0.0
2004-02-06,0.0
2004-02-07,0.0
2004-02-08,1.3182539146868248e-05
2004-02-09,0.0
2004-02-10,0.0
2004-02-11,0.0
2004-02-12,0.0
2004-02-13,0.0
2004-02-14,0.0
2004-02-15,0.0
2004-02-16,3.075925800935925e-05
2004-02-17,0.0
2004-02-18,0.0
2004-02-19,0.0
2004-02-20,0.0
2004-02-21,0.0037130818597012
2004-02-22,0.0008876243025557
2004-02-23,0.0002548624235061
2004-02-24,0.115444768324784
2004-02-25,0.0338339534399748
2004-02-26,0.0069150327348812
2004-02-27,0.0008656534039776
2004-02-28,0.0001494021103311
2004-02-29,6.591269573434125e-05
2004-03-01,0.0
2004-03-02,0.0
2004-03-03,0.0
2004-03-04,0.0
2004-03-05,0.0
2004-03-06,0.0
2004-03-07,0.0
2004-03-08,0.0
2004-03-09,0.0
2004-03-10,0.0
2004-03-11,0.0
2004-03-12,0.0
2004-03-13,0.0
2004-03-14,0.0
2004-03-15,0.0
2004-03-16,0.0
2004-03-17,0.0
2004-03-18,0.0
2004-03-19,0.0
2004-03-20,0.0
2004-03-21,0.0
2004-03-22,0.0
2004-03-23,0.0
2004-03-24,0.0
2004-03-25,0.0
2004-03-26,0.0
2004-03-27,0.0
2004-03-28,0.0
2004-03-29,0.0
2004-03-30,0.0055677772340712
2004-03-31,7.60601081600972
2004-04-01,8.113878331139759
2004-04-02,3.353407703946184
2004-04-03,1.1536322992598091
2004-04-04,0.3338261845302376
2004-04-05,0.0856021362041036
2004-04-06,0.0226764280732541
2004-04-07,0.0054651291959143
2004-04-08,0.0010106613345932
2004-04-09,0.0
2004-04-10,0.0
2004-04-11,0.0
2004-04-12,0.0
2004-04-13,0.0
2004-04-14,0.0
2004-04-15,0.0099974619217962
2004-04-16,0.089518053399478
2004-04-17,0.062669615337023
2004-04-18,0.0358160800260979
2004-04-19,0.0194917023825593
2004-04-20,0.0099848066842152
2004-04-21,8.637088915699245
2004-04-22,76.45669483160096
2004-04-23,89.22360381091387
2004-04-24,82.51880357383908
2004-04-25,76.57198844014354
2004-04-26,71.0629123498245
2004-04-27,61.492164474498296
2004-04-28,55.60853940278528
2004-04-29,49.22547204036177
2004-04-30,33.20683983953158
2004-05-01,19.949299954441145
2004-05-02,11.618538798146146
2004-05-03,7.613805563523667
2004-05-04,5.681995498953833
2004-05-05,4.719390144100971
2004-05-06,4.25288609723722
2004-05-07,4.029892901536626
2004-05-08,3.5244762840847725
2004-05-09,2.02659972749055
2004-05-10,1.2071512989898308
2004-05-11,0.7326405293826493
2004-05-12,0.4899019992463103
2004-05-13,0.3302516072151727
2004-05-14,0.2214487294141468
2004-05-15,0.135204691437185
2004-05-16,0.0814179982788876
2004-05-17,0.0519479925980921
2004-05-18,0.0372362789101871
2004-05-19,0.0234737080408567
2004-05-20,1.8282234296256297
2004-05-21,9.729259471742258
2004-05-22,21.162969931155505
2004-05-23,35.921973605392814
2004-05-24,33.0760328431538
2004-05-25,29.236461532296165
2004-05-26,24.507241959705723
2004-05-27,18.876592626496127
2004-05-28,14.407174008110598
2004-05-29,11.205202040867984
2004-05-30,7.989967560407667
2004-05-31,5.398358756299496
2004-06-01,7.104793100926925
2004-06-02,4.341809706004769
2004-06-03,2.4408318428275737
2004-06-04,1.2918760053883187
2004-06-05,0.7031784332253419
2004-06-06,0.3930022512261519
2004-06-07,0.2244552271755759
2004-06-08,0.1289702292566594
2004-06-09,1.1886271949806515
2004-06-10,54.03424419405823
2004-06-11,50.36512873891963
2004-06-12,41.78035499347553
2004-06-13,32.18085160609026
2004-06-14,23.059927119892905
2004-06-15,13.60120446223677
2004-06-16,10.00546055924901
2004-06-17,8.23033956111636
2004-06-18,5.256520435396418
2004-06-19,3.1779343980606547
2004-06-20,9.22342329801116
2004-06-21,12.553825713474172
2004-06-22,8.308070315312275
2004-06-23,5.527845916857901
2004-06-24,3.389576548719852
2004-06-25,2.3115120126327398
2004-06-26,1.6762102977074331
2004-06-27,1.0929507865933223
2004-06-28,0.6416641356191504
2004-06-29,0.3746029419208962
2004-06-30,0.2249512421818754
2004-07-01,0.1366036224914507
2004-07-02,0.0707786345842332
2004-07-03,0.0371635112940964
2004-07-04,0.0182347912167026
2004-07-05,0.0090201963530417
2004-07-06,0.0038136206915946
2004-07-07,0.0015263622660187
2004-07-08,0.0007426163719402
2004-07-09,0.0003998703541216
2004-07-10,0.0002636507829373
2004-07-11,0.0001054603131749
2004-07-12,0.3273249077573793
2004-07-13,13.629832015782489
2004-07-14,45.50391609296256
2004-07-15,43.78300345347372
2004-07-16,34.91351357906992
2004-07-17,27.005417672054985
2004-07-18,20.722008723677103
2004-07-19,17.221844029821362
2004-07-20,15.577644276739113
2004-07-21,66.84768911846426
2004-07-22,98.86839080217332
2004-07-23,98.31710334267008
2004-07-24,97.06710123346384
2004-07-25,94.3561828920874
2004-07-26,92.03256175052871
2004-07-27,95.12911558872166
2004-07-28,99.13503560340172
2004-07-29,98.5327380450189
2004-07-30,97.85153613492172
2004-07-31,96.71919240601378
2004-08-01,94.0953308500945
2004-08-02,92.72935825290229
2004-08-03,99.37660985168064
2004-08-04,100.0
2004-08-05,100.0
2004-08-06,100.0
2004-08-07,99.83153084081398
2004-08-08,98.76772893324784
2004-08-09,97.47989979161042
2004-08-10,96.72210996557774
2004-08-11,96.28812126670492
2004-08-12,94.99624192174002
2004-08-13,91.571805290733
2004-08-14,89.90205795255129
2004-08-15,89.64010402605292
2004-08-16,90.21241288978132
2004-08-17,91.4820169073974
2004-08-18,91.02462603772948
2004-08-19,90.0451428143561
2004-08-20,89.57119414821814
2004-08-21,88.52128241850026
2004-08-22,85.97693793871491
2004-08-23,83.90102953873064
2004-08-24,81.60364340774613
2004-08-25,75.39955151244149
2004-08-26,70.1441554597507
2004-08-27,67.41418290052421
2004-08-28,65.98880995770338
2004-08-29,65.37995399821139
2004-08-30,65.04219572590442
2004-08-31,62.40689875669322
2004-09-01,56.8037511881862
2004-09-02,53.81956531368115
2004-09-03,52.35630522605067
2004-09-04,52.904094566965895
2004-09-05,52.52210307550396
2004-09-06,52.46069019556561
2004-09-07,68.7603354622255
2004-09-08,76.90534339284108
2004-09-09,66.5925756994128
2004-09-10,58.00325942674585
2004-09-11,54.0835530423191
2004-09-12,52.36921356838328
2004-09-13,51.5782747536447
2004-09-14,51.2571510880692
2004-09-15,50.76098087934214
2004-09-16,50.39215101073164
2004-09-17,50.206296543151545
2004-09-18,47.56700139770068
2004-09-19,34.987663252564786
2004-09-20,23.02862368666757
2004-09-21,16.757666085931874
2004-09-22,12.6598054186915
2004-09-23,8.412677806088013
2004-09-24,5.90674460886879
2004-09-25,4.711971714137868
2004-09-26,4.194428215274027
2004-09-27,4.007836931639218
2004-09-28,3.926643036525827
2004-09-29,3.746652689659826
2004-09-30,2.7456026564749814
2004-10-01,1.4309356228064254
2004-10-02,0.6754791062027538
2004-10-03,0.3326086452146328
2004-10-04,0.1371379547448704
2004-10-05,0.0503616937207523
2004-10-06,0.019870480674046
2004-10-07,5.062964728446724
2004-10-08,26.381339043657757
2004-10-09,14.641656577630036
2004-10-10,6.771978280800036
2004-10-11,4.496276899410547
2004-10-12,16.51241127272318
2004-10-13,7.853927271755759
2004-10-14,3.0771798998267634
2004-10-15,1.3107033077978758
2004-10-16,1.0622486529202664
2004-10-17,0.3673205557617889
2004-10-18,0.1153495025085493
2004-10-19,0.0208950276165406
2004-10-20,0.0022146665766738
2004-10-21,9.227777402807774e-05
2004-10-22,0.0080580467625089
2004-10-23,0.0429248082028437
2004-10-24,0.1165612415069294
2004-10-25,0.3555608520068394
2004-10-26,1.1194411868925485
2004-10-27,0.2802753709390749
2004-10-28,0.0462199156879949
2004-10-29,0.0129674001079913
2004-10-30,0.0168824384674226
2004-10-31,0.0017225184485241
2004-11-01,0.0001450079306155
2004-11-02,1.3182539146868248e-05
2004-11-03,0.0023816454058675
2004-11-04,0.0059929580633549
2004-11-05,0.0087746495905327
2004-11-06,0.0025106585223182
2004-11-07,0.0006591269573434
2004-11-08,0.008954459424496
2004-11-09,0.0324134030215082
2004-11-10,0.0070913272250719
2004-11-11,0.0013363579351151
2004-11-12,1.334389342602592
2004-11-13,25.11539625658072
2004-11-14,12.907761246287796
2004-11-15,5.407628190526008
2004-11-16,1.6789730063782395
2004-11-17,0.3367708122412706
2004-11-18,0.0435944811915046
2004-11-19,0.0045483275400467
2004-11-20,0.0001537962900467
2004-11-21,5.2730156587472994e-05
2004-11-22,0.0008085290676745
2004-11-23,0.0043507652200323
2004-11-24,0.0208686625382469
2004-11-25,0.0177693597012239
2004-11-26,0.0030931509854211
2004-11-27,0.0002153148060655
2004-11-28,0.0
2004-11-29,0.0
2004-11-30,0.0
2004-12-01,0.0001450079306155
2004-12-02,0.0001230370320374
2004-12-03,0.0395346106686465
2004-12-04,0.0536564496715262
2004-12-05,0.0090999946566774
2004-12-06,0.0009711137171526
2004-12-07,7.90952348812095e-05
2004-12-08,0.0001098544928905
2004-12-09,0.0
2004-12-10,2.6365078293736497e-05
2004-12-11,0.0
2004-12-12,0.0
2004-12-13,0.0
2004-12-14,0.0
2004-12-15,0.001595087236771
2004-12-16,0.0017884311442584
2004-12-17,0.000395476174406
2004-12-18,7.90952348812095e-05
2004-12-19,0.0
2004-12-20,0.0
2004-12-21,0.0
2004-12-22,0.0
2004-12-23,0.0
2004-12-24,2.6365078293736497e-05
2004-12-25,0.0
2004-12-26,0.0
2004-12-27,0.0
2004-12-28,0.0
2004-12-29,0.0
2004-12-30,0.0
2004-12-31,0.0
2005-01-01,0.0
2005-01-02,0.0
2005-01-03,0.0
2005-01-04,0.0
2005-01-05,0.0
2005-01-06,0.0
2005-01-07,0.0
2005-01-08,0.0
2005-01-09,0.0
2005-01-10,0.0
2005-01-11,0.0
2005-01-12,0.0
2005-01-13,0.0
2005-01-14,0.0
2005-01-15,0.0
2005-01-16,0.0
2005-01-17,0.0
2005-01-18,0.0216949440919726
2005-01-19,0.0087264893808495
2005-01-20,0.0013182539146868
2005-01-21,0.0002372857046436
2005-01-22,7.030687544996399e-05
2005-01-23,0.0
2005-01-24,0.0
2005-01-25,0.0
2005-01-26,0.0
2005-01-27,0.0
2005-01-28,0.0
2005-01-29,0.0008227662099532
2005-01-30,0.6666963713215442
2005-01-31,3.637009644697174
2005-02-01,1.0266879626192404
2005-02-02,0.1799323436937545
2005-02-03,0.0211832858058855
2005-02-04,0.0018662960088192
2005-02-05,0.0
2005-02-06,0.0
2005-02-07,0.0
2005-02-08,0.0
2005-02-09,0.0
2005-02-10,0.0
2005-02-11,0.0
2005-02-12,0.0
2005-02-13,0.0
2005-02-14,0.0
2005-02-15,0.0
2005-02-16,0.0
2005-02-17,0.0
2005-02-18,0.0
2005-02-19,0.0
2005-02-20,0.0
2005-02-21,0.0
2005-02-22,0.0
2005-02-23,0.0
2005-02-24,0.0
2005-02-25,0.0
2005-02-26,0.0
2005-02-27,0.0
2005-02-28,0.0
2005-03-01,0.0
2005-03-02,0.0
2005-03-03,0.0
2005-03-04,0.0
2005-03-05,0.0
2005-03-06,0.0
2005-03-07,0.0742468727501799
2005-03-08,0.196245472237221
2005-03-09,0.0911757137553995
2005-03-10,0.0258441043466522
2005-03-11,0.0184193467647588
2005-03-12,0.3578140115978221
2005-03-13,0.2750868992980561
2005-03-14,0.0771269939029877
2005-03-15,0.018466100836933
2005-03-16,0.0034900332973362
2005-03-17,0.0008760236681065
2005-03-18,0.0
2005-03-19,0.0
2005-03-20,0.0
2005-03-21,0.0457834857586392
2005-03-22,0.2523322548258639
2005-03-23,0.1167586280597552
2005-03-24,0.0442903434912706
2005-03-25,0.0142427668286537
2005-03-26,0.003866878149748
2005-03-27,0.0010897565694744
2005-03-28,0.0002504682437904
2005-03-29,7.90952348812095e-05
2005-03-30,0.0
2005-03-31,7.030687544996399e-05
2005-04-01,0.0120996374977501
2005-04-02,0.0517323262576493
2005-04-03,0.0175733792859071
2005-04-04,0.0046748799158567
2005-04-05,0.0016172339025377
2005-04-06,0.0003735052758279
2005-04-07,0.000558060823884
2005-04-08,0.0001713730089092
2005-04-09,0.0
2005-04-10,0.0001010661334593
2005-04-11,0.0001362195711843
2005-04-12,0.0003778994555435
2005-04-13,0.0463157088057955
2005-04-14,0.0279100718817494
2005-04-15,0.0106652014713822
2005-04-16,0.0036867167814074
2005-04-17,0.0012333583625809
2005-04-18,0.0006411987041036
2005-04-19,1.3182539146868248e-05
2005-04-20,0.000430629612131
2005-04-21,0.0002900158612311
2005-04-22,0.0002109206263498
2005-04-23,0.0061565973159647
2005-04-24,8.1210999018516
2005-04-25,10.820921709075773
2005-04-26,9.941292001327392
2005-04-27,9.074629693687006
2005-04-28,17.159988216567672
2005-04-29,20.256425169580183
2005-04-30,11.292858192438352
2005-05-01,5.637494762137779
2005-05-02,2.679023451561375
2005-05-03,1.3722321940807236
2005-05-04,53.29115746912122
2005-05-05,66.8972925525333
2005-05-06,61.56123236703564
2005-05-07,50.56230507418782
2005-05-08,38.539605269078464
2005-05-09,25.27225898100027
2005-05-10,18.861154467017634
2005-05-11,16.1813748650108
2005-05-12,10.17150536160232
2005-05-13,5.88545182010439
2005-05-14,10.99341453074379
2005-05-15,70.27382330897903
2005-05-16,68.01959382311914
2005-05-17,67.83218170671347
2005-05-18,68.2089984363751
2005-05-19,68.63413426925845
2005-05-20,63.908026127441055
2005-05-21,60.340017232215175
2005-05-22,57.22738649658027
2005-05-23,61.059826756828194
2005-05-24,90.25939088935384
2005-05-25,86.26820262582117
2005-05-26,80.27250628543466
2005-05-27,74.25369058365955
2005-05-28,66.36290475668197
2005-05-29,61.171714700323975
2005-05-30,57.51967256681966
2005-05-31,54.78100990202034
2005-06-01,52.86049727349936
2005-06-02,51.72045423866091
2005-06-03,49.43352344312455
2005-06-04,40.488581811892544
2005-06-05,31.5394224712023
2005-06-06,22.944934776311644
2005-06-07,17.222293642289866
2005-06-08,13.472582603547965
2005-06-09,10.91194591151458
2005-06-10,13.056450444901904
2005-06-11,59.6829632730944
2005-06-12,64.3811822593255
2005-06-13,66.05564613424676
2005-06-14,71.7563214669389
2005-06-15,85.05323583878915
2005-06-16,92.05834521519527
2005-06-17,86.36628704469267
2005-06-18,82.37775040496759
2005-06-19,82.5910396699514
2005-06-20,76.67403799102321
2005-06-21,72.90191487805977
2005-06-22,69.86569664270608
2005-06-23,64.16390993408027
2005-06-24,59.677860751608605
2005-06-25,56.42731147914416
2005-06-26,54.21341265355022
2005-06-27,60.691241556144256
2005-06-28,83.58775247198973
2005-06-29,81.41653888392054
2005-06-30,76.08296070689346
2005-07-01,69.38707555739289
2005-07-02,64.00356877699784
2005-07-03,60.41916906413112
2005-07-04,57.16392135894753
2005-07-05,55.03358946128059
2005-07-06,53.52054859048775
2005-07-07,51.96784778702078
2005-07-08,51.16653589587832
2005-07-09,50.65482734037527
2005-07-10,50.37393309316504
2005-07-11,50.22591725865056
2005-07-12,50.004572934946445
2005-07-13,47.53474723975206
2005-07-14,52.19631700948299
2005-07-15,85.0326670350747
2005-07-16,91.17001362547244
2005-07-17,86.51101093553142
2005-07-18,79.96302561420084
2005-07-19,73.5159802254882
2005-07-20,68.17724820295625
2005-07-21,66.76467919675801
2005-07-22,63.42957237249144
2005-07-23,60.66040583940784
2005-07-24,57.53313756383864
2005-07-25,54.95029356635845
2005-07-26,53.02706322556696
2005-07-27,51.63179199570284
2005-07-28,50.82662377244196
2005-07-29,50.400750244667925
2005-07-30,50.21819088457298
2005-07-31,48.75920967338237
2005-08-01,41.31240403111501
2005-08-02,35.488052225353215
2005-08-03,25.404843862491
2005-08-04,17.355364695824335
2005-08-05,24.46826540986096
2005-08-06,20.866309542892814
2005-08-07,14.164428447286715
2005-08-08,10.547512156058763
2005-08-09,8.73078565824109
2005-08-10,7.902465205127339
2005-08-11,7.551162313264937
2005-08-12,7.403947449829012
2005-08-13,7.540692916441684
2005-08-14,21.51047519714048
2005-08-15,18.55342795232632
2005-08-16,46.578409215544006
2005-08-17,83.15648869184216
2005-08-18,73.26031858857542
2005-08-19,63.7468293356844
2005-08-20,57.15145032538021
2005-08-21,49.2378425350972
2005-08-22,44.15793508003734
2005-08-23,65.84926592591343
2005-08-24,63.16487647785052
2005-08-25,55.43365649888633
2005-08-26,42.957275390625
2005-08-27,67.35359929018178
2005-08-28,87.02130438939885
2005-08-29,95.30443211027492
2005-08-30,97.05027556779832
2005-08-31,97.7885156882762
2005-09-01,95.92124487462878
2005-09-02,92.60623280996894
2005-09-03,89.42514532431154
2005-09-04,88.23862733559439
2005-09-05,82.88622326229526
2005-09-06,73.82086897891918
2005-09-07,67.75346068017684
2005-09-08,63.19587214272858
2005-09-09,58.451587740168286
2005-09-10,82.78667294507063
2005-09-11,80.43703210774389
2005-09-12,73.96864998846966
2005-09-13,67.48827755888902
2005-09-14,69.0429903693642
2005-09-15,64.17485355077844
2005-09-16,56.53203216398938
2005-09-17,52.46638487670985
2005-09-18,50.81237696296797
2005-09-19,50.278260551655855
2005-09-20,50.11796526980966
2005-09-21,50.08062933090352
2005-09-22,50.16504521435161
2005-09-23,52.39953446302422
2005-09-24,53.14701642227996
2005-09-25,50.91655733947533
2005-09-26,39.03420570104392
2005-09-27,26.537360019010976
2005-09-28,20.059482253138498
2005-09-29,18.831612045255127
2005-09-30,14.430199334053274
2005-10-01,9.920976829666126
2005-10-02,12.90813809114021
2005-10-03,29.23700535597776
2005-10-04,33.08235237665361
2005-10-05,20.981789816189703
2005-10-06,12.732437518279786
2005-10-07,9.37271801459008
2005-10-08,7.901969190121039
2005-10-09,7.448114580521057
2005-10-10,7.332350267447353
2005-10-11,7.311717132941864
2005-10-12,7.309098904900107
2005-10-13,7.101944617868069
2005-10-14,5.9108732043624
2005-10-15,5.167938342276367
2005-10-16,6.625946857845121
2005-10-17,5.231663439581083
2005-10-18,4.424358941909647
2005-10-19,4.036608614279607
2005-10-20,3.911131406362491
2005-10-21,3.879518271350792
2005-10-22,3.871608572095482
2005-10-23,3.870073069935655
2005-10-24,22.73629859611231
2005-10-25,19.69514323619735
2005-10-26,14.392798712821724
2005-10-27,11.002136098643357
2005-10-28,10.54751918674631
2005-10-29,9.109657106337744
2005-10-30,5.114876513003959
2005-10-31,4.05669810087068
2005-11-01,3.892028501001169
2005-11-02,3.8721272610691138
2005-11-03,3.8693402965262775
2005-11-04,3.8692334300755937
2005-11-05,3.8705133667431593
2005-11-06,3.873060584840712
2005-11-07,3.870588067798325
2005-11-08,3.8694135914439354
2005-11-09,3.8693125253104745
2005-11-10,3.8692334300755937
2005-11-11,3.2828169644865905
2005-11-12,1.404735765669996
2005-11-13,0.5496108162909467
2005-11-14,0.209184925362221
2005-11-15,0.0774649942067134
2005-11-16,0.0273889221674765
2005-11-17,0.0118159492553095
2005-11-18,0.0061342748830093
2005-11-19,0.001863132199424
2005-11-20,0.0005009364875809
2005-11-21,0.0001054603131749
2005-11-22,0.0001054603131749
2005-11-23,3.309656262655237
2005-11-24,9.095774662245768
2005-11-25,2.299093709222012
2005-11-26,0.36006523774973
2005-11-27,0.0503402501237401
2005-11-28,0.005509774061825
2005-11-29,0.0008354214475341
2005-11-30,1.7576718862490997e-05
2005-12-01,0.0
2005-12-02,0.0
2005-12-03,0.0066805593052555
2005-12-04,0.0037746003757199
2005-12-05,0.001595087236771
2005-12-06,0.0010677856708963
2005-12-07,0.0002416798843592
2005-12-08,0.0001669788291936
2005-12-09,0.0
2005-12-10,4.39417971562275e-05
2005-12-11,0.0
2005-12-12,0.0
2005-12-13,0.0
2005-12-14,0.0
2005-12-15,0.0
2005-12-16,0.0
2005-12-17,0.0
2005-12-18,0.0
2005-12-19,0.0
2005-12-20,0.0
2005-12-21,3.5153437724981994e-05
2005-12-22,0.0
2005-12-23,0.0
2005-12-24,0.0
2005-12-25,0.0
2005-12-26,0.0
2005-12-27,0.0
2005-12-28,0.0
2005-12-29,0.0
2005-12-30,0.0
2005-12-31,0.0
2006-01-01,0.0
2006-01-02,0.0
2006-01-03,0.0
2006-01-04,0.0
2006-01-05,0.0
2006-01-06,0.0
2006-01-07,0.0
2006-01-08,0.0
2006-01-09,0.0
2006-01-10,0.0
2006-01-11,0.0
2006-01-12,0.0
2006-01-13,0.0
2006-01-14,0.0
2006-01-15,0.0
2006-01-16,0.0
2006-01-17,0.0
2006-01-18,0.0
2006-01-19,0.000127431211753
2006-01-20,0.0098617696521778
2006-01-21,0.0080624409422246
2006-01-22,0.0019554099734521
2006-01-23,0.0005668491833153
2006-01-24,7.90952348812095e-05
2006-01-25,0.0
2006-01-26,0.0
2006-01-27,0.0
2006-01-28,0.0
2006-01-29,0.0
2006-01-30,0.0
2006-01-31,0.0
2006-02-01,0.0
2006-02-02,0.0
2006-02-03,0.0
2006-02-04,0.0
2006-02-05,0.0
2006-02-06,0.0
2006-02-07,0.0
2006-02-08,0.0
2006-02-09,0.0
2006-02-10,0.0
2006-02-11,0.0
2006-02-12,0.0
2006-02-13,0.0
2006-02-14,0.0
2006-02-15,7.030687544996399e-05
2006-02-16,0.0121681867013138
2006-02-17,0.0041261347529697
2006-02-18,0.0009755078968682
2006-02-19,0.0001669788291936
2006-02-20,0.0
2006-02-21,0.0
2006-02-22,0.0
2006-02-23,0.0
2006-02-24,0.0
2006-02-25,0.0
2006-02-26,0.0
2006-02-27,0.0010326322331713
2006-02-28,0.006266100274478
2006-03-01,0.0060727563669906
2006-03-02,0.011050483148848
2006-03-03,0.0102561912234521
2006-03-04,0.0022058782172426
2006-03-05,0.000395476174406
2006-03-06,7.470105516558675e-05
2006-03-07,0.0
2006-03-08,0.0
2006-03-09,0.0
2006-03-10,0.0
2006-03-11,0.0
2006-03-12,0.0
2006-03-13,0.0
2006-03-14,0.0
2006-03-15,0.0
2006-03-16,0.0
2006-03-17,0.0
2006-03-18,0.0
2006-03-19,0.0
2006-03-20,0.0
2006-03-21,2.197089857811375e-05
2006-03-22,0.0
2006-03-23,0.0
2006-03-24,0.0
2006-03-25,0.0
2006-03-26,0.0
2006-03-27,0.0
2006-03-28,0.0
2006-03-29,0.0
2006-03-30,0.0
2006-03-31,7.470105516558675e-05
2006-04-01,9.227777402807774e-05
2006-04-02,0.0002021322669186
2006-04-03,0.0001757671886249
2006-04-04,7.90952348812095e-05
2006-04-05,0.0
2006-04-06,0.0
2006-04-07,0.0
2006-04-08,0.0
2006-04-09,0.0
2006-04-10,0.0
2006-04-11,0.0
2006-04-12,6.591269573434125e-05
2006-04-13,0.8367926073726601
2006-04-14,2.321121907903618
2006-04-15,1.500988163134449
2006-04-16,0.853935884348002
2006-04-17,0.4260503495657847
2006-04-18,0.1856015385956623
2006-04-19,0.0811476683427825
2006-04-20,0.0238494982901367
2006-04-21,0.0066933903100251
2006-04-22,0.001829384899208
2006-04-23,7.030687544996399e-05
2006-04-24,0.0
2006-04-25,0.0
2006-04-26,0.0
2006-04-27,0.0
2006-04-28,0.0
2006-04-29,0.0
2006-04-30,0.0
2006-05-01,0.0
2006-05-02,0.000197738087203
2006-05-03,0.0039899151817854
2006-05-04,0.0237398195644348
2006-05-05,0.065301728986681
2006-05-06,0.0482797313714902
2006-05-07,0.033570478424226
2006-05-08,0.0223742842760079
2006-05-09,0.0132698954396148
2006-05-10,0.0074477830836033
2006-05-11,0.003401095099892
2006-05-12,0.001665394112221
2006-05-13,0.0008129232473902
2006-05-14,0.0003515343772498
2006-05-15,0.0001054603131749
2006-05-16,0.000162584649478
2006-05-17,0.0001054603131749
2006-05-18,0.0218793238728401
2006-05-19,0.4205303810070194
2006-05-20,0.740601728424226
2006-05-21,7.008241899241809
2006-05-22,8.363873233891287
2006-05-23,6.83340785862131
2006-05-24,6.32113561774433
2006-05-25,3.779343629072173
2006-05-26,2.307370234599982
2006-05-27,1.260615107822624
2006-05-28,0.6371045589790315
2006-05-29,0.4730315129477141
2006-05-30,4.320761760934125
2006-05-31,3.480529389680075
2006-06-01,2.085331103199244
2006-06-02,2.47673369724172
2006-06-03,6.466599136912796
2006-06-04,12.058962685328924
2006-06-05,18.65314155726917
2006-06-06,28.87810809119645
2006-06-07,21.896953849160816
2006-06-08,44.27008421357541
2006-06-09,95.83308462276143
2006-06-10,94.02842260900378
2006-06-11,89.81436365950098
2006-06-12,82.71383748284512
2006-06-13,77.1765971612896
2006-06-14,71.96849408297335
2006-06-15,66.23900101663742
2006-06-16,61.09400714739695
2006-06-17,57.63022872232722
2006-06-18,55.04877170373244
2006-06-19,52.97920252317315
2006-06-20,50.78603192213372
2006-06-21,43.25931302448928
2006-06-22,33.43457154287032
2006-06-23,25.772509097709683
2006-06-24,22.478766444778163
2006-06-25,22.66420908983531
2006-06-26,17.16640916773533
2006-06-27,13.115486952450052
2006-06-28,10.750433969188713
2006-06-29,9.38531401862851
2006-06-30,8.818416147801925
2006-07-01,8.197730177679535
2006-07-02,6.61981416486681
2006-07-03,5.59758840386519
2006-07-04,4.944674113570914
2006-07-05,4.522025913708154
2006-07-06,4.26884857023938
2006-07-07,51.096059932392905
2006-07-08,83.58721005444563
2006-07-09,81.3177088606349
2006-07-10,76.11782184378374
2006-07-11,68.4351111481394
2006-07-12,78.62166921177554
2006-07-13,83.64253980775287
2006-07-14,77.73450436465083
2006-07-15,70.8442134980764
2006-07-16,64.02153815975971
2006-07-17,58.80296006007018
2006-07-18,55.134082593705
2006-07-19,52.91426726877474
2006-07-20,51.63530136339092
2006-07-21,49.900444409759714
2006-07-22,48.34045067410232
2006-07-23,57.73272489763318
2006-07-24,69.06311940357271
2006-07-25,78.29234670991944
2006-07-26,93.06559877553543
2006-07-27,100.0
2006-07-28,100.0
2006-07-29,100.0
2006-07-30,99.88573058686556
2006-07-31,99.01216748363257
2006-08-01,97.73210022104482
2006-08-02,96.8295756066077
2006-08-03,95.48105774584909
2006-08-04,92.02589683450324
2006-08-05,90.2303110868318
2006-08-06,88.87574665901728
2006-08-07,85.73050513380805
2006-08-08,79.68703421695014
2006-08-09,75.5912683430638
2006-08-10,71.40659046104437
2006-08-11,70.1533204882672
2006-08-12,66.44612876282396
2006-08-13,59.526102306346736
2006-08-14,57.31827606135258
2006-08-15,54.426323316009714
2006-08-16,52.72142834042027
2006-08-17,51.55069793635258
2006-08-18,50.85238667234746
2006-08-19,50.45871017818574
2006-08-20,50.246174954441145
2006-08-21,50.14243715971472
2006-08-22,48.20301620011023
2006-08-23,36.94552131142008
2006-08-24,26.14713401052916
2006-08-25,34.47675777734656
2006-08-26,38.10115559895833
2006-08-27,26.90574572393584
2006-08-28,19.155320894640926
2006-08-29,13.870663823456622
2006-08-30,11.80848495011024
2006-08-31,17.23206225533207
2006-09-01,50.98464814221112
2006-09-02,40.05256581426611
2006-09-03,26.27116184220887
2006-09-04,17.85071670828834
2006-09-05,12.509462953901188
2006-09-06,9.764278447567944
2006-09-07,18.432353360949875
2006-09-08,30.6748804431583
2006-09-09,18.581615560598895
2006-09-10,11.80104191274073
2006-09-11,8.94363673562365
2006-09-12,7.871752525422965
2006-09-13,7.551599446263048
2006-09-14,7.702699291869149
2006-09-15,7.309900579047425
2006-09-16,6.284838814457342
2006-09-17,5.351240846044815
2006-09-18,4.752046984678724
2006-09-19,7.281173365505759
2006-09-20,5.319748814626079
2006-09-21,4.505006728367981
2006-09-22,4.518875814153618
2006-09-23,4.081817341331443
2006-09-24,3.91879309811465
2006-09-25,3.880292877351062
2006-09-26,3.871387984273758
2006-09-27,3.869541022655687
2006-09-28,3.8694135914439354
2006-09-29,3.869299342771328
2006-09-30,3.8692334300755937
2006-10-01,3.8707232327663776
2006-10-02,3.870373104526637
2006-10-03,3.8709417113818394
2006-10-04,5.19707263262689
2006-10-05,4.817266103086752
2006-10-06,4.115446350229481
2006-10-07,3.945893059024028
2006-10-08,3.884469984588732
2006-10-09,3.849010887722732
2006-10-10,3.209431878262239
2006-10-11,1.7351824744645428
2006-10-12,0.893499320835583
2006-10-13,7.603568882458152
2006-10-14,68.54839837422381
2006-10-15,58.50267254010304
2006-10-16,31.439495836426836
2006-10-17,14.0221055362446
2006-10-18,5.810161417555345
2006-10-19,2.127403792071634
2006-10-20,0.5594309291194204
2006-10-21,0.103000627137329
2006-10-22,0.0149198220392368
2006-10-23,0.001950312724982
2006-10-24,0.0010414205926025
2006-10-25,0.0009799020765838
2006-10-26,0.7203171402537796
2006-10-27,9.150715618531766
2006-10-28,3.973571469751169
2006-10-29,1.3101157180863028
2006-10-30,0.367121411537077
2006-10-31,0.0965969011541576
2006-11-01,0.0204731863638408
2006-11-02,0.0032527475926925
2006-11-03,0.0007633569001979
2006-11-04,0.0079262213710403
2006-11-05,0.8459906801205902
2006-11-06,0.8840674777267817
2006-11-07,0.2550812536559575
2006-11-08,0.063385163561915
2006-11-09,0.0132988970257379
2006-11-10,0.0017536292409107
2006-11-11,0.0
2006-11-12,0.001058997311465
2006-11-13,0.000558060823884
2006-11-14,0.0001318253914686
2006-11-15,0.0003691110961123
2006-11-16,0.0011600634449244
2006-11-17,0.0027463623222642
2006-11-18,0.0043857428905687
2006-11-19,0.0005844259021778
2006-11-20,5.712433630309575e-05
2006-11-21,0.0
2006-11-22,0.0
2006-11-23,0.0
2006-11-24,0.0
2006-11-25,0.0
2006-11-26,0.0
2006-11-27,0.0
2006-11-28,5.712433630309575e-05
2006-11-29,0.0
2006-11-30,0.0
2006-12-01,0.0
2006-12-02,0.0
2006-12-03,0.0
2006-12-04,0.0
2006-12-05,0.0
2006-12-06,0.0
2006-12-07,0.0
2006-12-08,0.0
2006-12-09,0.0
2006-12-10,0.0
2006-12-11,0.0
2006-12-12,0.0
2006-12-13,0.0001713730089092
2006-12-14,0.0009359602794276
2006-12-15,0.000325169298956
2006-12-16,7.90952348812095e-05
2006-12-17,0.0
2006-12-18,0.0
2006-12-19,0.0
2006-12-20,0.0
2006-12-21,0.0
2006-12-22,0.0
2006-12-23,0.0
2006-12-24,0.0
2006-12-25,0.0
2006-12-26,0.0
2006-12-27,0.0
2006-12-28,0.0
2006-12-29,0.0
2006-12-30,0.0
2006-12-31,0.0
2007-01-01,0.0
2007-01-02,0.0
2007-01-03,0.0
2007-01-04,0.0
2007-01-05,0.0
2007-01-06,0.0
2007-01-07,0.0
2007-01-08,0.0
2007-01-09,0.0
2007-01-10,0.0
2007-01-11,0.0
2007-01-12,0.0
2007-01-13,0.0
2007-01-14,0.0
2007-01-15,0.0
2007-01-16,0.0002680449626529
2007-01-17,0.0180374046638768
2007-01-18,0.0051236135484161
2007-01-19,0.0012962830161087
2007-01-20,0.0002372857046436
2007-01-21,0.0
2007-01-22,0.0
2007-01-23,0.0
2007-01-24,0.0
2007-01-25,0.0
2007-01-26,0.0
2007-01-27,0.0
2007-01-28,0.0
2007-01-29,2.6365078293736497e-05
2007-01-30,8.788359431245498e-06
2007-01-31,7.90952348812095e-05
2007-02-01,7.90952348812095e-05
2007-02-02,0.0014412909467242
2007-02-03,0.0004789655890028
2007-02-04,8.348941459683225e-05
2007-02-05,0.0
2007-02-06,0.0
2007-02-07,0.0
2007-02-08,0.0
2007-02-09,0.0002856216815154
2007-02-10,0.000162584649478
2007-02-11,0.0
2007-02-12,0.0
2007-02-13,0.0
2007-02-14,0.0
2007-02-15,7.030687544996399e-05
2007-02-16,0.0953978173933585
2007-02-17,0.1558706944069474
2007-02-18,0.0583170924451043
2007-02-19,0.0173510337922966
2007-02-20,0.0129800553455723
2007-02-21,0.087244856348992
2007-02-22,0.0308627848834593
2007-02-23,0.0049119898533117
2007-02-24,0.0007403313984881
2007-02-25,0.0
2007-02-26,0.0
2007-02-27,0.0
2007-02-28,2.197089857811375e-05
2007-03-01,0.0007865581690964
2007-03-02,0.0006942803950683
2007-03-03,0.0002416798843592
2007-03-04,7.470105516558675e-05
2007-03-05,0.0
2007-03-06,0.0
2007-03-07,0.0
2007-03-08,0.0
2007-03-09,0.0
2007-03-10,0.0
2007-03-11,0.0
2007-03-12,0.0
2007-03-13,0.0
2007-03-14,0.0
2007-03-15,0.0
2007-03-16,8.7883594312455e-05
2007-03-17,7.030687544996399e-05
2007-03-18,0.0
2007-03-19,0.0
2007-03-20,0.0
2007-03-21,0.0
2007-03-22,6.15185160187185e-05
2007-03-23,7.470105516558675e-05
2007-03-24,0.0
2007-03-25,0.0
2007-03-26,0.0
2007-03-27,1.2756676340892723
2007-03-28,9.628254681031768
2007-03-29,15.560232603266735
2007-03-30,19.28143174327304
2007-03-31,9.124230139713822
2007-04-01,3.271416001563624
2007-04-02,1.1286712492688085
2007-04-03,0.3336228218929984
2007-04-04,0.0918525931987941
2007-04-05,0.0248845912639488
2007-04-06,0.0079140934350251
2007-04-07,0.0015121251237401
2007-04-08,8.7883594312455e-05
2007-04-09,0.0
2007-04-10,0.0056841351129409
2007-04-11,0.0073641179018178
2007-04-12,0.0026581271935745
2007-04-13,0.0004965423078653
2007-04-14,9.227777402807774e-05
2007-04-15,0.0
2007-04-16,0.0
2007-04-17,4.39417971562275e-05
2007-04-18,0.0
2007-04-19,0.0
2007-04-20,0.0
2007-04-21,3.5153437724981994e-05
2007-04-22,0.8509357142053634
2007-04-23,0.8749070191572175
2007-04-24,2.739053746794007
2007-04-25,6.447697660749639
2007-04-26,4.441365823546616
2007-04-27,2.315572586224352
2007-04-28,1.0738795193259538
2007-04-29,0.4721029348902086
2007-04-30,0.2091234068462022
2007-05-01,0.1354852158702303
2007-05-02,0.0833916880399567
2007-05-03,0.0319145757401907
2007-05-04,0.0171826488255939
2007-05-05,0.6843458578001259
2007-05-06,11.658824989313354
2007-05-07,8.354012343075054
2007-05-08,4.634228656238752
2007-05-09,2.2069677980449063
2007-05-10,1.0106267084570733
2007-05-11,0.4584428362918466
2007-05-12,0.2166935238930885
2007-05-13,0.1116794836100611
2007-05-14,0.058098438062455
2007-05-15,0.1085390512508999
2007-05-16,17.382717058416578
2007-05-17,10.293558800452212
2007-05-18,5.788240788393178
2007-05-19,2.7618080397318208
2007-05-20,1.374656902447804
2007-05-21,2.099171714700324
2007-05-22,11.370645543669006
2007-05-23,7.062157781283746
2007-05-24,3.921868145079643
2007-05-25,2.1798717040136784
2007-05-26,1.2838088187320014
2007-05-27,0.8426760624775016
2007-05-28,0.6736463817269618
2007-05-29,3.942063619285457
2007-05-30,14.037931965442764
2007-05-31,60.03632422296842
2007-06-01,72.0087148887464
2007-06-02,67.64708338957882
2007-06-03,59.6566873087653
2007-06-04,51.15850474149568
2007-06-05,42.1699633560565
2007-06-06,32.85047801644618
2007-06-07,27.367323192269616
2007-06-08,22.62500966719537
2007-06-09,19.74367009623605
2007-06-10,16.523476696083062
2007-06-11,13.68257342147003
2007-06-12,18.232658281868694
2007-06-13,61.42248790018673
2007-06-14,96.08165633858668
2007-06-15,99.4298172161852
2007-06-16,98.57980656469358
2007-06-17,97.80361865972596
2007-06-18,97.13944331719088
2007-06-19,96.11739103840443
2007-06-20,95.00107253138498
2007-06-21,94.2464122401458
2007-06-22,92.75982362817226
2007-06-23,93.83051314879184
2007-06-24,92.57741525209234
2007-06-25,91.37775567798326
2007-06-26,90.26999756035144
2007-06-27,88.89298695948075
2007-06-28,86.6689236931358
2007-06-29,84.81416029686376
2007-06-30,83.49804125044997
2007-07-01,81.53211688377431
2007-07-02,76.6934908488571
2007-07-03,73.20310548984206
2007-07-04,70.94151241338191
2007-07-05,72.30974678275737
2007-07-06,78.01963758914911
2007-07-07,81.16108781609971
2007-07-08,85.59210956482858
2007-07-09,90.9779716255512
2007-07-10,90.15264237845348
2007-07-11,88.74162065081669
2007-07-12,86.1762911506142
2007-07-13,83.2233115100792
2007-07-14,78.81435241040091
2007-07-15,74.59336278488345
2007-07-16,72.22195265394394
2007-07-17,72.43605783021734
2007-07-18,70.19769238773397
2007-07-19,68.45176438619285
2007-07-20,67.51470503453473
2007-07-21,67.23410853694205
2007-07-22,70.6656663755962
2007-07-23,69.30625797983035
2007-07-24,68.57816103227367
2007-07-25,67.7255163336933
2007-07-26,66.5901079280845
2007-07-27,65.90400562876845
2007-07-28,65.52230415316775
2007-07-29,65.30791423404877
2007-07-30,65.19258125365596
2007-07-31,65.13099717647589
2007-08-01,65.49580320683721
2007-08-02,66.11989589660952
2007-08-03,66.07906957287166
2007-08-04,65.53638644455317
2007-08-05,65.5226897863796
2007-08-06,66.47120740106415
2007-08-07,65.81033736051116
2007-08-08,65.65903344919906
2007-08-09,89.41081555272451
2007-08-10,96.76429532121804
2007-08-11,93.06509414793692
2007-08-12,88.21389671638768
2007-08-13,83.28785673708603
2007-08-14,83.5972282568957
2007-08-15,92.418877290598
2007-08-16,90.01779607631389
2007-08-17,87.75503819069473
2007-08-18,84.72607000033747
2007-08-19,79.66340495494735
2007-08-20,74.56283167268494
2007-08-21,70.18054946229302
2007-08-22,67.55732084401997
2007-08-23,66.26500419028979
2007-08-24,65.78498329508639
2007-08-25,67.33648448749099
2007-08-26,66.44728478362356
2007-08-27,65.59304499780643
2007-08-28,65.23057192533972
2007-08-29,65.10381724149569
2007-08-30,65.06556907088058
2007-08-31,65.05440082371535
2007-09-01,65.0514702573794
2007-09-02,65.05101537189525
2007-09-03,63.79147437736231
2007-09-04,58.24269370950324
2007-09-05,54.58941769033478
2007-09-06,52.66527916047965
2007-09-07,51.81623681043016
2007-09-08,51.47005313793645
2007-09-09,51.368145255410816
2007-09-10,51.38545199587158
2007-09-11,50.73671410974623
2007-09-12,50.38328214992799
2007-09-13,50.30030140557504
2007-09-14,50.30859375000001
2007-09-15,50.165078785884624
2007-09-16,50.10480558039732
2007-09-17,50.29650676773982
2007-09-18,50.88239276795356
2007-09-19,49.732257005377065
2007-09-20,44.75391433529067
2007-09-21,37.50896149011204
2007-09-22,31.66193255320824
2007-09-23,26.582112630208336
2007-09-24,18.854003203181243
2007-09-25,14.070447313433672
2007-09-26,11.31334491287572
2007-09-27,7.991161019618429
2007-09-28,5.827882968581262
2007-09-29,4.632786310688895
2007-09-30,4.151881306526727
2007-10-01,5.836861508110601
2007-10-02,4.770657390377519
2007-10-03,3.882967526660367
2007-10-04,2.660609026277897
2007-10-05,1.6360909096022316
2007-10-06,1.1192135683832791
2007-10-07,0.6320498461685565
2007-10-08,0.3361986900422966
2007-10-09,0.2016251785794636
2007-10-10,0.1230312317202123
2007-10-11,0.6008868509269257
2007-10-12,1.9265588440424768
2007-10-13,1.8540721039191863
2007-10-14,5.607975190109791
2007-10-15,10.116833680649298
2007-10-16,6.476099880759539
2007-10-17,1.3921007413156945
2007-10-18,0.250330793848992
2007-10-19,0.0397300637823974
2007-10-20,0.0057430171211303
2007-10-21,0.0008282149928005
2007-10-22,0.0
2007-10-23,0.0
2007-10-24,0.0
2007-10-25,0.0
2007-10-26,0.0
2007-10-27,0.0
2007-10-28,6.872497075233982e-05
2007-10-29,0.0001450079306155
2007-10-30,0.0006063968007559
2007-10-31,6.920349165035546
2007-11-01,24.56153837771103
2007-11-02,17.996297288404424
2007-11-03,8.709454200695193
2007-11-04,2.3867644494690428
2007-11-05,0.4480368914236861
2007-11-06,0.0827605080656047
2007-11-07,0.0101192685835133
2007-11-08,0.0022113270000899
2007-11-09,0.5063652329688625
2007-11-10,13.74263588209818
2007-11-11,3.441654784804715
2007-11-12,0.5974221281047516
2007-11-13,0.0906051734611231
2007-11-14,0.017462821724262
2007-11-15,0.0011718398465622
2007-11-16,0.0001450079306155
2007-11-17,0.0002241031654967
2007-11-18,6.591269573434125e-05
2007-11-19,0.0
2007-11-20,0.0
2007-11-21,0.0
2007-11-22,0.0
2007-11-23,0.0
2007-11-24,0.0
2007-11-25,0.0
2007-11-26,0.0
2007-11-27,0.0
2007-11-28,0.0
2007-11-29,0.0
2007-11-30,0.0
2007-12-01,0.0
2007-12-02,0.0
2007-12-03,0.0
2007-12-04,0.0001142486726061
2007-12-05,8.7883594312455e-05
2007-12-06,0.0
2007-12-07,0.0
2007-12-08,0.0
2007-12-09,0.0
2007-12-10,0.0
2007-12-11,0.0
2007-12-12,0.0
2007-12-13,0.0
2007-12-14,0.0
2007-12-15,0.0
2007-12-16,0.0006679153167746
2007-12-17,0.002025716848902
2007-12-18,0.0019773808720302
2007-12-19,0.0003735052758279
2007-12-20,6.15185160187185e-05
2007-12-21,0.0
2007-12-22,0.0
2007-12-23,0.0
2007-12-24,0.0
2007-12-25,4.394179715622749e-06
2007-12-26,0.0001142486726061
2007-12-27,0.0066898749662526
2007-12-28,0.005029929636879
2007-12-29,0.0007689814502339
2007-12-30,7.470105516558675e-05
2007-12-31,0.0
2008-01-01,0.0
2008-01-02,0.0
2008-01-03,0.0
2008-01-04,0.0
2008-01-05,0.0
2008-01-06,0.0
2008-01-07,0.0
2008-01-08,0.0
2008-01-09,0.0
2008-01-10,3.5153437724981994e-05
2008-01-11,0.0
2008-01-12,0.0
2008-01-13,0.0
2008-01-14,0.0
2008-01-15,0.0
2008-01-16,0.0
2008-01-17,0.0
2008-01-18,0.0
2008-01-19,0.0
2008-01-20,0.0
2008-01-21,0.0
2008-01-22,0.0
2008-01-23,0.0
2008-01-24,0.0
2008-01-25,0.0
2008-01-26,0.0
2008-01-27,0.0
2008-01-28,0.0
2008-01-29,0.0
2008-01-30,0.0
2008-01-31,0.0
2008-02-01,0.0
2008-02-02,0.0001010661334593
2008-02-03,0.0
2008-02-04,0.0
2008-02-05,0.0
2008-02-06,0.0
2008-02-07,8.788359431245498e-06
2008-02-08,0.0011908227029337
2008-02-09,0.0007118571139308
2008-02-10,8.7883594312455e-05
2008-02-11,0.0
2008-02-12,0.0
2008-02-13,0.0
2008-02-14,0.0
2008-02-15,0.0
2008-02-16,0.0
2008-02-17,0.0
2008-02-18,0.0
2008-02-19,0.0
2008-02-20,0.0
2008-02-21,0.0
2008-02-22,0.0
2008-02-23,0.0
2008-02-24,0.0
2008-02-25,0.0
2008-02-26,1.7576718862490997e-05
2008-02-27,0.0001054603131749
2008-02-28,7.030687544996399e-05
2008-02-29,0.0
2008-03-01,0.0
2008-03-02,0.0
2008-03-03,0.0
2008-03-04,0.0
2008-03-05,0.0016537934777717
2008-03-06,0.0650398358756299
2008-03-07,0.1182486065177285
2008-03-08,0.6967156494667927
2008-03-09,0.2231346882874369
2008-03-10,0.065357974487041
2008-03-11,0.0301902996197804
2008-03-12,0.00754023662482
2008-03-13,0.0010106613345932
2008-03-14,8.348941459683225e-05
2008-03-15,0.0
2008-03-16,0.0
2008-03-17,0.0
2008-03-18,0.0
2008-03-19,0.0
2008-03-20,0.0
2008-03-21,0.0
2008-03-22,0.0
2008-03-23,0.0
2008-03-24,0.0
2008-03-25,0.0
2008-03-26,0.0
2008-03-27,0.0
2008-03-28,0.0
2008-03-29,0.0
2008-03-30,0.0
2008-03-31,0.0
2008-04-01,0.0
2008-04-02,0.0
2008-04-03,0.0
2008-04-04,0.0
2008-04-05,0.0
2008-04-06,0.0
2008-04-07,0.0672256766333693
2008-04-08,0.2329474188939884
2008-04-09,0.1313963437612491
2008-04-10,0.0658334247322714
2008-04-11,0.032662816662167
2008-04-12,0.0156295699469042
2008-04-13,0.0129754853986681
2008-04-14,0.0072978536717062
2008-04-15,0.0027507565019798
2008-04-16,0.0013841666104211
2008-04-17,0.0004174470729841
2008-04-18,9.66719537437005e-05
2008-04-19,0.0
2008-04-20,0.0
2008-04-21,0.0
2008-04-22,0.0
2008-04-23,0.0
2008-04-24,0.0
2008-04-25,0.00165273887464
2008-04-26,0.0620291197016738
2008-04-27,0.0485537524185565
2008-04-28,0.2853896688264938
2008-04-29,1.2717025020810833
2008-04-30,31.34815033156722
2008-05-01,29.31594169732046
2008-05-02,21.290775702787524
2008-05-03,13.31263147385709
2008-05-04,7.999062106281496
2008-05-05,4.631512350105741
2008-05-06,2.5981527923078653
2008-05-07,1.4754795983508815
2008-05-08,0.8299327655350069
2008-05-09,0.4608796725949423
2008-05-10,0.2627666739785817
2008-05-11,0.13436680924901
2008-05-12,0.0620561878487221
2008-05-13,0.0266192376484881
2008-05-14,0.0114512323389128
2008-05-15,0.0047119667926565
2008-05-16,0.0022883130287077
2008-05-17,0.0016093243790496
2008-05-18,1.9508294805165585
2008-05-19,15.23438361259224
2008-05-20,24.176014141524927
2008-05-21,14.27070432021688
2008-05-22,7.817409704879858
2008-05-23,4.165561618351781
2008-05-24,2.0842272852546797
2008-05-25,1.1114256757896868
2008-05-26,5.362282716601421
2008-05-27,85.54589562522497
2008-05-28,98.71268392278616
2008-05-29,98.46820529748246
2008-05-30,98.00877482535772
2008-05-31,97.3027032642076
2008-06-01,95.50572438579914
2008-06-02,93.31837361214228
2008-06-03,91.40141200813312
2008-06-04,90.35697155946274
2008-06-05,90.82370375213732
2008-06-06,87.48808122693936
2008-06-07,80.7933459463868
2008-06-08,75.89708901412887
2008-06-09,72.70622254516512
2008-06-10,70.22990453732451
2008-06-11,68.47284344205589
2008-06-12,67.32447501856102
2008-06-13,66.50136500798685
2008-06-14,65.94862202039461
2008-06-15,65.36415323102277
2008-06-16,62.96242255697669
2008-06-17,59.28716983891288
2008-06-18,64.16404755978895
2008-06-19,93.91229393054806
2008-06-20,95.86047916947894
2008-06-21,94.3161573636609
2008-06-22,92.8296808911537
2008-06-23,90.98420345122392
2008-06-24,87.22165156474982
2008-06-25,81.402764009348
2008-06-26,76.6606599987626
2008-06-27,72.97445276643494
2008-06-28,69.99978837630489
2008-06-29,67.89331248031408
2008-06-30,66.66886885377295
2008-07-01,65.95631605330948
2008-07-02,65.55701237260394
2008-07-03,65.26376063743025
2008-07-04,63.6424652824649
2008-07-05,59.63096940526008
2008-07-06,57.04867854712248
2008-07-07,55.4340851950594
2008-07-08,53.96261431897948
2008-07-09,52.90860738953384
2008-07-10,52.23994031649342
2008-07-11,51.83777426712113
2008-07-12,53.281665513633904
2008-07-13,63.833632489088366
2008-07-14,58.52750246777132
2008-07-15,55.28571026817854
2008-07-16,53.51783421779382
2008-07-17,52.52047353789821
2008-07-18,51.90355461016243
2008-07-19,51.59728678736951
2008-07-20,51.88203402712158
2008-07-21,78.91721453299361
2008-07-22,91.54238854251037
2008-07-23,90.02210114206488
2008-07-24,85.55903316797156
2008-07-25,79.05320771603895
2008-07-26,75.20898736304221
2008-07-27,71.07515541334817
2008-07-28,66.17821334058901
2008-07-29,63.00362062831848
2008-07-30,58.33186145889577
2008-07-31,55.36676179186913
2008-08-01,63.12174619780417
2008-08-02,83.39522851843726
2008-08-03,79.04996076876348
2008-08-04,72.75808775141739
2008-08-05,66.63153519984024
2008-08-06,61.67830473952709
2008-08-07,57.750797631501975
2008-08-08,55.09365543725252
2008-08-09,53.378221109498746
2008-08-10,52.3831258928973
2008-08-11,52.75669831179131
2008-08-12,55.19271395788336
2008-08-13,53.15718139033252
2008-08-14,52.30905056892324
2008-08-15,54.49078821741136
2008-08-16,87.27182835138814
2008-08-17,99.16417903364606
2008-08-18,98.23671938276186
2008-08-19,96.97643331111637
2008-08-20,94.29855181897948
2008-08-21,91.92810137688986
2008-08-22,89.66968511659692
2008-08-23,84.39892490241405
2008-08-24,77.61353945200008
2008-08-25,71.44009625714318
2008-08-26,67.70694846365417
2008-08-27,68.35956236782307
2008-08-28,71.39976753031632
2008-08-29,68.16570047443078
2008-08-30,64.59784695739965
2008-08-31,58.0698488261564
2008-09-01,54.33193071116809
2008-09-02,52.60533956111635
2008-09-03,52.233397558664045
2008-09-04,56.06799817342737
2008-09-05,83.15326406699964
2008-09-06,78.24178675080994
2008-09-07,66.91298153178995
2008-09-08,59.72503490736365
2008-09-09,54.96493233666307
2008-09-10,53.01051421745635
2008-09-11,52.08177480567179
2008-09-12,51.54438930041847
2008-09-13,51.34486049709773
2008-09-14,51.2852240961348
2008-09-15,51.267238718558765
2008-09-16,51.26306864200864
2008-09-17,51.26210684395248
2008-09-18,51.76571692623965
2008-09-19,52.43008121850253
2008-09-20,51.53187924653528
2008-09-21,50.734125234824965
2008-09-22,50.33872868295537
2008-09-23,50.17360226416262
2008-09-24,50.10930715386518
2008-09-25,50.08419863520294
2008-09-26,50.07659863773397
2008-09-27,50.08512703749323
2008-09-28,50.08324492243746
2008-09-29,50.07533223513994
2008-09-30,50.10325671993115
2008-10-01,49.71577039461843
2008-10-02,43.378539248110144
2008-10-03,32.975255846719755
2008-10-04,27.394664305761783
2008-10-05,20.85332439029877
2008-10-06,16.06599302133954
2008-10-07,11.524099439232362
2008-10-08,9.159816667791576
2008-10-09,8.094933967782577
2008-10-10,7.64925288398803
2008-10-11,7.465241511147858
2008-10-12,7.390665953754949
2008-10-13,7.352706920165136
2008-10-14,7.3296105842782575
2008-10-15,7.170680486186104
2008-10-16,6.161876483475071
2008-10-17,5.114228986681065
2008-10-18,4.461078816819653
2008-10-19,4.125435199559035
2008-10-20,3.9761287065784727
2008-10-21,3.920683122693934
2008-10-22,3.892990123290137
2008-10-23,3.777264127463552
2008-10-24,2.807828986962293
2008-10-25,7.571537245770337
2008-10-26,5.219601943563265
2008-10-27,1.57913987974712
2008-10-28,0.5473392011451583
2008-10-29,0.1859383085290676
2008-10-30,0.0558247137104031
2008-10-31,0.0171710481911447
2008-11-01,0.0064256968817494
2008-11-02,0.0022498200143988
2008-11-03,0.0005888200818934
2008-11-04,0.0001669788291936
2008-11-05,9.227777402807774e-05
2008-11-06,0.0001713730089092
2008-11-07,0.0017400951673866
2008-11-08,0.0007645872705183
2008-11-09,7.030687544996399e-05
2008-11-10,0.0
2008-11-11,0.0
2008-11-12,0.0
2008-11-13,0.0
2008-11-14,5.712433630309575e-05
2008-11-15,0.0834765835920626
2008-11-16,0.1036836584323254
2008-11-17,0.0289822517323614
2008-11-18,0.006823282262419
2008-11-19,0.00116445762464
2008-11-20,0.0001450079306155
2008-11-21,0.0
2008-11-22,0.0
2008-11-23,0.0
2008-11-24,0.0
2008-11-25,0.0
2008-11-26,0.0
2008-11-27,0.0
2008-11-28,8.788359431245498e-06
2008-11-29,0.0
2008-11-30,0.0
2008-12-01,0.0
2008-12-02,0.0
2008-12-03,0.0015555396193304
2008-12-04,0.0015994814164866
2008-12-05,0.0005668491833153
2008-12-06,8.348941459683225e-05
2008-12-07,0.0
2008-12-08,0.0
2008-12-09,0.0
2008-12-10,0.0
2008-12-11,2.197089857811375e-05
2008-12-12,0.0004042645338372
2008-12-13,8.348941459683225e-05
2008-12-14,0.0
2008-12-15,0.0
2008-12-16,0.0
2008-12-17,0.0
2008-12-18,0.0
2008-12-19,0.0
2008-12-20,0.0
2008-12-21,0.0
2008-12-22,0.0
2008-12-23,0.0
2008-12-24,0.0
2008-12-25,0.0
2008-12-26,0.0
2008-12-27,1.3182539146868248e-05
2008-12-28,0.0
2008-12-29,0.0
2008-12-30,0.0
2008-12-31,0.0
2009-01-01,0.0
2009-01-02,0.0
2009-01-03,0.0
2009-01-04,0.0
2009-01-05,4.39417971562275e-05
2009-01-06,0.0001669788291936
2009-01-07,8.7883594312455e-05
2009-01-08,0.0
2009-01-09,0.0
2009-01-10,0.0
2009-01-11,0.0
2009-01-12,0.0
2009-01-13,0.0
2009-01-14,0.0
2009-01-15,0.0
2009-01-16,0.0
2009-01-17,5.712433630309575e-05
2009-01-18,0.0146299819451943
2009-01-19,0.0037570236568574
2009-01-20,0.0007206454733621
2009-01-21,9.227777402807774e-05
2009-01-22,0.0
2009-01-23,0.0004086587135529
2009-01-24,6.591269573434125e-05
2009-01-25,0.0
2009-01-26,3.954761744060475e-05
2009-01-27,0.0
2009-01-28,0.0
2009-01-29,0.0
2009-01-30,0.0
2009-01-31,0.0
2009-02-01,0.0
2009-02-02,0.0
2009-02-03,0.0
2009-02-04,0.0
2009-02-05,9.227777402807774e-05
2009-02-06,7.470105516558675e-05
2009-02-07,0.0
2009-02-08,0.0
2009-02-09,3.5153437724981994e-05
2009-02-10,0.0013006771958243
2009-02-11,0.0005536666441684
2009-02-12,7.90952348812095e-05
2009-02-13,0.0
2009-02-14,0.0
2009-02-15,0.0
2009-02-16,7.470105516558675e-05
2009-02-17,0.0
2009-02-18,0.0
2009-02-19,0.0
2009-02-20,0.0
2009-02-21,0.0024832388408927
2009-02-22,0.0020081401300395
2009-02-23,0.0004745714092872
2009-02-24,7.90952348812095e-05
2009-02-25,0.0
2009-02-26,0.0
2009-02-27,0.0004921481281497
2009-02-28,0.0058897827236321
2009-03-01,0.0246070548731101
2009-03-02,0.0090477918016558
2009-03-03,0.0078367558720302
2009-03-04,0.0183785687769978
2009-03-05,0.0033000289664326
2009-03-06,0.0004789655890028
2009-03-07,7.90952348812095e-05
2009-03-08,0.0
2009-03-09,2.6365078293736497e-05
2009-03-10,0.0
2009-03-11,0.0
2009-03-12,0.0
2009-03-13,0.0
2009-03-14,0.0
2009-03-15,0.0
2009-03-16,0.0
2009-03-17,0.0
2009-03-18,0.0
2009-03-19,0.0
2009-03-20,0.0
2009-03-21,0.0
2009-03-22,0.0
2009-03-23,0.0
2009-03-24,8.788359431245498e-06
2009-03-25,0.0001054603131749
2009-03-26,0.0006245008211843
2009-03-27,0.0133621732136429
2009-03-28,0.0051222074109071
2009-03-29,0.0014412909467242
2009-03-30,0.0004130528932685
2009-03-31,8.348941459683225e-05
2009-04-01,0.0
2009-04-02,6.591269573434125e-05
2009-04-03,6.15185160187185e-05
2009-04-04,0.0
2009-04-05,0.0
2009-04-06,0.0
2009-04-07,0.0
2009-04-08,0.0
2009-04-09,0.0
2009-04-10,0.0
2009-04-11,0.0
2009-04-12,0.0
2009-04-13,0.0
2009-04-14,0.0
2009-04-15,0.0
2009-04-16,0.0
2009-04-17,0.0
2009-04-18,0.0
2009-04-19,0.0
2009-04-20,0.0
2009-04-21,0.0
2009-04-22,0.0
2009-04-23,0.0
2009-04-24,0.0
2009-04-25,0.0
2009-04-26,0.0
2009-04-27,0.0
2009-04-28,0.0
2009-04-29,0.0
2009-04-30,0.0
2009-05-01,0.0
2009-05-02,0.0
2009-05-03,0.0
2009-05-04,0.1916234982451403
2009-05-05,0.2876639204801115
2009-05-06,0.2072829486141108
2009-05-07,0.1354275642323614
2009-05-08,0.0760057750067494
2009-05-09,0.0399979329778617
2009-05-10,0.020351731236501
2009-05-11,0.0091848902087832
2009-05-12,0.0032040600814434
2009-05-13,0.0351950945486861
2009-05-14,0.0311944575683945
2009-05-15,0.0122873568552015
2009-05-16,0.0040338569789416
2009-05-17,0.0015203861816054
2009-05-18,0.0006327618790496
2009-05-19,0.0002548624235061
2009-05-20,0.0001054603131749
2009-05-21,7.030687544996399e-05
2009-05-22,0.0
2009-05-23,0.0
2009-05-24,0.0
2009-05-25,0.0027243914236861
2009-05-26,0.1067344495252879
2009-05-27,0.299194072286717
2009-05-28,5.043885903190244
2009-05-29,57.14614145321499
2009-05-30,74.28069176340892
2009-05-31,70.6078697297966
2009-06-01,65.4955235612401
2009-06-02,58.6245779829801
2009-06-03,46.20679923731101
2009-06-04,35.42909270383369
2009-06-05,27.00993436150108
2009-06-06,20.252752514173864
2009-06-07,14.798535472630938
2009-06-08,10.404719067787076
2009-06-09,7.247075058214092
2009-06-10,4.865766598047156
2009-06-11,3.287502038899388
2009-06-12,2.2399740637936465
2009-06-13,1.429081103199244
2009-06-14,0.942978839036627
2009-06-15,8.693321057752879
2009-06-16,8.965721179805616
2009-06-17,6.025037157183675
2009-06-18,4.629788073985331
2009-06-19,3.577336508391828
2009-06-20,8.832081343648756
2009-06-21,36.83336251068664
2009-06-22,42.50222275186734
2009-06-23,40.92732448591613
2009-06-24,36.02319582011564
2009-06-25,33.11692490382019
2009-06-26,41.061308649995496
2009-06-27,31.34868132424406
2009-06-28,61.79555164883684
2009-06-29,97.53971266283072
2009-06-30,96.1115785932438
2009-07-01,94.93453867440606
2009-07-02,93.3664181670154
2009-07-03,90.89189052375812
2009-07-04,86.56776352423056
2009-07-05,82.06238768476646
2009-07-06,76.29666671588149
2009-07-07,72.3775477453991
2009-07-08,69.94833270760215
2009-07-09,68.41305746321544
2009-07-10,67.392735612401
2009-07-11,66.5907955293264
2009-07-12,65.94152893549766
2009-07-13,65.08902045648847
2009-07-14,66.09420910389669
2009-07-15,70.92272799816638
2009-07-16,67.08978961370589
2009-07-17,62.75940899337428
2009-07-18,58.93034768156048
2009-07-19,56.6263861000495
2009-07-20,55.5192807817562
2009-07-21,67.7564898519056
2009-07-22,92.59296889061376
2009-07-23,92.77018123706355
2009-07-24,89.84355015270653
2009-07-25,85.1516855018786
2009-07-26,80.0897769584683
2009-07-27,75.52905712855471
2009-07-28,71.8121644604369
2009-07-29,68.9975881226377
2009-07-30,64.48472249173192
2009-07-31,60.07396968789372
2009-08-01,60.032406723868334
2009-08-02,57.05181933101601
2009-08-03,54.468828743700506
2009-08-04,52.907270680064336
2009-08-05,52.10557596798506
2009-08-06,51.71805185272678
2009-08-07,52.17954091016468
2009-08-08,53.115575363345926
2009-08-09,52.20018757874371
2009-08-10,51.66112982445778
2009-08-11,51.40715186144482
2009-08-12,51.30733385079194
2009-08-13,51.495399293837735
2009-08-14,51.34191674822264
2009-08-15,56.98488859172515
2009-08-16,93.10735807151052
2009-08-17,91.50131526587248
2009-08-18,93.29041133740552
2009-08-19,98.6077029267346
2009-08-20,97.62708495039146
2009-08-21,94.93852771075188
2009-08-22,92.23554877328564
2009-08-23,88.90362544433944
2009-08-24,80.94346975679446
2009-08-25,72.61585940312276
2009-08-26,68.15107418359655
2009-08-27,65.00236424445418
2009-08-28,58.441212378790944
2009-08-29,54.16648949334053
2009-08-30,52.368787860252425
2009-08-31,51.674785880410816
2009-09-01,51.55895354543511
2009-09-02,54.016857831061
2009-09-03,57.63405904090173
2009-09-04,53.21609978232992
2009-09-05,51.50769913016333
2009-09-06,51.25195101579374
2009-09-07,58.72730792864695
2009-09-08,56.97988713637282
2009-09-09,54.607290752677294
2009-09-10,52.26515956848452
2009-09-11,50.86932113790271
2009-09-12,50.308664584177016
2009-09-13,50.13064441172831
2009-09-14,50.08340996782759
2009-09-15,47.54114920806335
2009-09-16,36.24255485342422
2009-09-17,28.668983278212743
2009-09-18,21.949908284680973
2009-09-19,14.845285150625449
2009-09-20,10.865855887778975
2009-09-21,8.959313586944296
2009-09-22,8.495580158274837
2009-09-23,7.827806334087023
2009-09-24,7.497892375641198
2009-09-25,7.225106268842243
2009-09-26,7.109847989504589
2009-09-27,28.455471667735328
2009-09-28,41.15322117980561
2009-09-29,22.86489690199784
2009-09-30,11.203889411503326
2009-10-01,7.134578608711302
2009-10-02,4.870006454171167
2009-10-03,4.159189003160996
2009-10-04,3.9747292482226415
2009-10-05,3.91377476911222
2009-10-06,3.886882389252609
2009-10-07,3.875791303883189
2009-10-08,3.870671557212922
2009-10-09,3.8694135914439354
2009-10-10,5.125861083457073
2009-10-11,13.027142672336211
2009-10-12,9.791719572590443
2009-10-13,6.628610961123109
2009-10-14,5.3906392371422776
2009-10-15,6.897957655575053
2009-10-16,12.12257511586573
2009-10-17,7.253131995534106
2009-10-18,4.945051309957703
2009-10-19,4.103482405001349
2009-10-20,3.0757449364988294
2009-10-21,1.8581597456578471
2009-10-22,0.9174400422966162
2009-10-23,0.3800014553523217
2009-10-24,0.1885802651412886
2009-10-25,0.0879015225656947
2009-10-26,0.0527951904472642
2009-10-27,0.016306800924676
2009-10-28,0.0048555685857631
2009-10-29,0.0009711137171526
2009-10-30,0.0001713730089092
2009-10-31,6.15185160187185e-05
2009-11-01,1.7576718862490997e-05
2009-11-02,0.0118045243880489
2009-11-03,0.0516539340915226
2009-11-04,0.0667676273398128
2009-11-05,0.0317259775467962
2009-11-06,0.0154705006411987
2009-11-07,0.0169063428050755
2009-11-08,0.0078829826426385
2009-11-09,0.006750163111951
2009-11-10,0.009326031261249
2009-11-11,0.0018596168556515
2009-11-12,0.0001406137508999
2009-11-13,0.0006151851601871
2009-11-14,0.0004350237918466
2009-11-15,6.15185160187185e-05
2009-11-16,0.0
2009-11-17,0.0
2009-11-18,0.0006107909804715
2009-11-19,0.0016434232136429
2009-11-20,0.0005756375427465
2009-11-21,0.044277512486501
2009-11-22,0.0747585310362671
2009-11-23,0.0135430376507379
2009-11-24,0.0017840369645428
2009-11-25,0.0002284973452123
2009-11-26,0.0
2009-11-27,0.0
2009-11-28,0.0
2009-11-29,0.0043852155890028
2009-11-30,0.0211857465465262
2009-12-01,0.0051543728064254
2009-12-02,0.0012699179378149
2009-12-03,0.0001581904697624
2009-12-04,0.0
2009-12-05,0.0001362195711843
2009-12-06,0.0008348941459683
2009-12-07,0.001792825323974
2009-12-08,0.0005844259021778
2009-12-09,8.348941459683225e-05
2009-12-10,0.0012171877812275
2009-12-11,0.0019861692314614
2009-12-12,0.0003031984003779
2009-12-13,0.0
2009-12-14,0.0
2009-12-15,0.0
2009-12-16,0.0
2009-12-17,0.0
2009-12-18,0.0
2009-12-19,0.0
2009-12-20,0.0
2009-12-21,0.0
2009-12-22,0.0
2009-12-23,0.0
2009-12-24,0.0
2009-12-25,0.0
2009-12-26,0.0
2009-12-27,0.0
2009-12-28,0.0003515343772498
2009-12-29,0.0002416798843592
2009-12-30,7.030687544996399e-05
2009-12-31,0.0
2010-01-01,0.0
2010-01-02,0.0
2010-01-03,0.0
2010-01-04,0.0
2010-01-05,0.0
2010-01-06,0.0
2010-01-07,0.0
2010-01-08,0.0
2010-01-09,0.0
2010-01-10,0.0
2010-01-11,0.0
2010-01-12,0.0
2010-01-13,0.0
2010-01-14,0.0
2010-01-15,0.0
2010-01-16,3.5153437724981994e-05
2010-01-17,0.0016741824716522
2010-01-18,0.0004526005107091
2010-01-19,0.0019861692314614
2010-01-20,0.0002900158612311
2010-01-21,0.0
2010-01-22,0.0
2010-01-23,0.0
2010-01-24,0.0101194443507019
2010-01-25,0.0018235845819834
2010-01-26,0.0001801613683405
2010-01-27,0.0
2010-01-28,0.0
2010-01-29,8.788359431245498e-06
2010-01-30,0.0
2010-01-31,0.0
2010-02-01,0.0
2010-02-02,0.0
2010-02-03,0.0002812275017998
2010-02-04,0.0001845555480561
2010-02-05,0.0027034751282397
2010-02-06,0.0016566057527897
2010-02-07,0.0003866878149748
2010-02-08,7.470105516558675e-05
2010-02-09,0.0
2010-02-10,0.0
2010-02-11,0.0
2010-02-12,0.0
2010-02-13,0.0
2010-02-14,0.0
2010-02-15,0.0
2010-02-16,0.0
2010-02-17,0.0
2010-02-18,0.0
2010-02-19,0.0
2010-02-20,0.0
2010-02-21,0.0
2010-02-22,5.2730156587472994e-05
2010-02-23,6.15185160187185e-05
2010-02-24,0.0
2010-02-25,0.0
2010-02-26,0.0
2010-02-27,0.0
2010-02-28,0.0
2010-03-01,0.0
2010-03-02,0.0
2010-03-03,0.0
2010-03-04,0.0
2010-03-05,0.0
2010-03-06,0.0
2010-03-07,0.0
2010-03-08,0.0
2010-03-09,0.0
2010-03-10,0.0
2010-03-11,0.0
2010-03-12,0.0
2010-03-13,0.0
2010-03-14,0.0
2010-03-15,0.0
2010-03-16,0.0
2010-03-17,0.0
2010-03-18,0.0
2010-03-19,0.0
2010-03-20,0.0
2010-03-21,0.0
2010-03-22,0.0
2010-03-23,0.0
2010-03-24,0.0
2010-03-25,0.0
2010-03-26,0.0
2010-03-27,0.0
2010-03-28,0.0
2010-03-29,0.0
2010-03-30,0.0
2010-03-31,0.0
2010-04-01,0.0
2010-04-02,0.0
2010-04-03,0.0
2010-04-04,0.0
2010-04-05,0.0
2010-04-06,0.0
2010-04-07,0.0
2010-04-08,0.0
2010-04-09,0.0
2010-04-10,0.0
2010-04-11,0.0
2010-04-12,0.0
2010-04-13,0.0
2010-04-14,0.0
2010-04-15,0.0
2010-04-16,0.0499567261181605
2010-04-17,0.250144304861861
2010-04-18,0.1754919372075233
2010-04-19,0.1129887733981281
2010-04-20,0.0756756842265118
2010-04-21,0.1020101790294276
2010-04-22,0.0631666849464542
2010-04-23,0.0377693807932865
2010-04-24,0.1855440627249819
2010-04-25,1.1579043207793376
2010-04-26,0.8991321319294456
2010-04-27,0.4777701963530417
2010-04-28,0.2412371268111051
2010-04-29,0.1025184977389309
2010-04-30,0.0384374718772498
2010-05-01,0.0123327047898668
2010-05-02,4.7955498911649554
2010-05-03,7.66728360949874
2010-05-04,2.758672177319564
2010-05-05,1.1505394998087657
2010-05-06,0.5775628965307774
2010-05-07,0.264105316887149
2010-05-08,0.1053764722259719
2010-05-09,0.0371824941504679
2010-05-10,0.0126592802263318
2010-05-11,0.0039220690469762
2010-05-12,0.0012924161379589
2010-05-13,0.0001054603131749
2010-05-14,7.206673739538337
2010-05-15,62.25255284264758
2010-05-16,80.3438967656025
2010-05-17,80.48806382598768
2010-05-18,73.89622828220617
2010-05-19,62.54589878903438
2010-05-20,44.66973099183315
2010-05-21,29.662431204722367
2010-05-22,22.48545860471787
2010-05-23,39.78999933911537
2010-05-24,35.207121067033384
2010-05-25,26.495801800699688
2010-05-26,18.74137633442449
2010-05-27,13.302738593412526
2010-05-28,14.71158783859791
2010-05-29,71.64875985702393
2010-05-30,82.61644400479211
2010-05-31,77.30467132941864
2010-06-01,70.31665443327033
2010-06-02,64.51756582129678
2010-06-03,60.12713574710898
2010-06-04,57.14099780220707
2010-06-05,55.03568126659243
2010-06-06,52.86654243441775
2010-06-07,47.31190151272272
2010-06-08,39.15013927792027
2010-06-09,31.67761643521643
2010-06-10,24.615242811825052
2010-06-11,18.756002625258727
2010-06-12,17.5967770625225
2010-06-13,14.49259651024793
2010-06-14,62.54629268330408
2010-06-15,93.382815312275
2010-06-16,89.90883957799001
2010-06-17,83.4243596449784
2010-06-18,85.79971627660412
2010-06-19,98.61562035974622
2010-06-20,97.82476134331128
2010-06-21,96.30320156418736
2010-06-22,94.1326332174676
2010-06-23,92.0858309850837
2010-06-24,91.94425156924946
2010-06-25,89.77664419658927
2010-06-26,84.60252693456398
2010-06-27,81.16734688568664
2010-06-28,77.59289840797112
2010-06-29,74.54020164714949
2010-06-30,71.7115013611411
2010-07-01,69.41695562792476
2010-07-02,67.82223082309666
2010-07-03,66.7773808368768
2010-07-04,66.12720130827033
2010-07-05,65.35535995011024
2010-07-06,69.7410750694632
2010-07-07,98.30076964936556
2010-07-08,97.37812004336529
2010-07-09,95.2150402577169
2010-07-10,92.6649742044074
2010-07-11,89.06613504122794
2010-07-12,84.06820417257245
2010-07-13,81.66948069935655
2010-07-14,78.68707745567855
2010-07-15,76.11277961044367
2010-07-16,75.99762257300665
2010-07-17,74.9692041824154
2010-07-18,74.12396807083559
2010-07-19,72.36304255815784
2010-07-20,70.1786508251215
2010-07-21,73.71450803466972
2010-07-22,75.05127462849846
2010-07-23,72.776308481259
2010-07-24,75.0661668550891
2010-07-25,79.6499192174001
2010-07-26,76.09622708698929
2010-07-27,72.15167091320194
2010-07-28,69.30595161762058
2010-07-29,67.46009487209774
2010-07-30,67.26998806892324
2010-07-31,68.65394955903528
2010-08-01,67.36900053855067
2010-08-02,66.29132110837384
2010-08-03,65.67423502604167
2010-08-04,65.35744437320014
2010-08-05,65.19245593165046
2010-08-06,65.10441045575729
2010-08-07,64.78258372142727
2010-08-08,62.2372182100432
2010-08-09,57.75201271007695
2010-08-10,54.94167534956578
2010-08-11,54.661027352186814
2010-08-12,63.52654049394798
2010-08-13,58.38056004347778
2010-08-14,54.85939292825324
2010-08-15,52.98739309839588
2010-08-16,52.136498513712645
2010-08-17,51.62054465330274
2010-08-18,51.39625376844851
2010-08-19,51.30639718744374
2010-08-20,51.27567589514714
2010-08-21,51.26616970251754
2010-08-22,51.19931155507559
2010-08-23,50.847752921953735
2010-08-24,50.57888554462517
2010-08-25,50.35518576482632
2010-08-26,50.23116127272318
2010-08-27,49.85538895169637
2010-08-28,44.445925927488304
2010-08-29,32.516388181133
2010-08-30,23.794475777875267
2010-08-31,23.240401002294814
2010-09-01,48.13944472332837
2010-09-02,90.76689896058312
2010-09-03,94.8938636862176
2010-09-04,89.6113977288067
2010-09-05,81.19161066724037
2010-09-06,72.55445636614695
2010-09-07,63.352407588642905
2010-09-08,52.068414214362846
2010-09-09,33.35325654416397
2010-09-10,23.466869994150468
2010-09-11,19.5722130706106
2010-09-12,18.76423345116765
2010-09-13,31.33275611388588
2010-09-14,21.65427103722327
2010-09-15,16.001045990539506
2010-09-16,11.34043907346787
2010-09-17,8.874084780248829
2010-09-18,7.866585497378959
2010-09-19,7.490428597743429
2010-09-20,7.366236247975162
2010-09-21,7.329188743025557
2010-09-22,7.317470696094312
2010-09-23,7.312204711123111
2010-09-24,7.309406145945823
2010-09-25,7.309685440008549
2010-09-26,7.396188383054355
2010-09-27,42.20389275107991
2010-09-28,52.011357372660186
2010-09-29,26.697796969211208
2010-09-30,16.686174715397765
2010-10-01,12.02186631710088
2010-10-02,9.097748000472462
2010-10-03,7.844914106090262
2010-10-04,7.124024140568754
2010-10-05,5.761915081949693
2010-10-06,4.918112703327483
2010-10-07,4.361266782251169
2010-10-08,4.030012247457703
2010-10-09,3.9157674417296606
2010-10-10,3.88174893274163
2010-10-11,3.8718542946251793
2010-10-12,3.8695547324964
2010-10-13,10.50759894286582
2010-10-14,11.437263593131298
2010-10-15,7.539413155541306
2010-10-16,5.233652421087563
2010-10-17,4.026504988975882
2010-10-18,2.298720907014938
2010-10-19,1.0266953448411626
2010-10-20,0.4370227920828833
2010-10-21,0.2230921526277897
2010-10-22,0.1215690244780417
2010-10-23,0.0835512846472282
2010-10-24,0.0452799127632289
2010-10-25,0.0213036863300935
2010-10-26,0.0061562457815874
2010-10-27,0.0724804125044996
2010-10-28,0.0609766257761879
2010-10-29,14.481006070295622
2010-10-30,18.144398194238207
2010-10-31,4.946716352535547
2010-11-01,0.985383376361141
2010-11-02,0.1397614558022858
2010-11-03,0.0162465127789776
2010-11-04,0.0023827000089992
2010-11-05,0.0004098890838732
2010-11-06,5.712433630309575e-05
2010-11-07,0.0183532583018358
2010-11-08,39.04134395810835
2010-11-09,67.80239039861185
2010-11-10,38.732400431402986
2010-11-11,13.698320579666126
2010-11-12,3.1803047943664504
2010-11-13,0.6037648628734701
2010-11-14,0.0847257610016198
2010-11-15,0.0115326125472462
2010-11-16,0.0014952514736321
2010-11-17,0.0004130528932685
2010-11-18,0.0098253858441324
2010-11-19,0.0527674192314614
2010-11-20,0.02753164512464
2010-11-21,0.0194997876732361
2010-11-22,0.0114120362558495
2010-11-23,0.0206640695306875
2010-11-24,0.0022630025535457
2010-11-25,0.0031110792386609
2010-11-26,0.0002153148060655
2010-11-27,7.90952348812095e-05
2010-11-28,0.0008920184822714
2010-11-29,0.002667267087383
2010-11-30,0.000232891524928
2010-12-01,7.470105516558675e-05
2010-12-02,4.833597687185025e-05
2010-12-03,1.7576718862490997e-05
2010-12-04,5.712433630309575e-05
2010-12-05,2.6365078293736497e-05
2010-12-06,1.3182539146868248e-05
2010-12-07,0.0006854920356371
2010-12-08,0.0002504682437904
2010-12-09,9.227777402807774e-05
2010-12-10,5.2730156587472994e-05
2010-12-11,0.0
2010-12-12,0.0
2010-12-13,0.0
2010-12-14,0.0
2010-12-15,0.0002944100409467
2010-12-16,0.0002372857046436
2010-12-17,8.7883594312455e-05
2010-12-18,0.0
2010-12-19,0.0
2010-12-20,0.0
2010-12-21,0.0
2010-12-22,0.0
2010-12-23,0.0006810978559215
2010-12-24,0.0003295634786717
2010-12-25,7.030687544996399e-05
2010-12-26,0.0
2010-12-27,0.0
2010-12-28,0.0
2010-12-29,0.0003207751192404
2010-12-30,0.0001757671886249
2010-12-31,7.030687544996399e-05
2011-01-01,0.0
2011-01-02,4.39417971562275e-05
2011-01-03,0.0
2011-01-04,0.0025574125944924
2011-01-05,0.0012611295783837
2011-01-06,0.0001581904697624
2011-01-07,0.0
2011-01-08,0.0
2011-01-09,0.0
2011-01-10,0.0
2011-01-11,0.0
2011-01-12,0.0
2011-01-13,0.0
2011-01-14,0.0
2011-01-15,0.0
2011-01-16,0.0
2011-01-17,0.0
2011-01-18,0.0
2011-01-19,0.0
2011-01-20,0.0
2011-01-21,0.0
2011-01-22,0.0
2011-01-23,0.0
2011-01-24,0.0
2011-01-25,0.0
2011-01-26,0.0
2011-01-27,0.0
2011-01-28,0.0
2011-01-29,0.0
2011-01-30,0.0
2011-01-31,0.0
2011-02-01,0.0
2011-02-02,0.0
2011-02-03,0.0
2011-02-04,0.0
2011-02-05,0.0
2011-02-06,0.0
2011-02-07,4.394179715622749e-06
2011-02-08,0.0
2011-02-09,0.0
2011-02-10,0.0007118571139308
2011-02-11,0.0120451496692764
2011-02-12,0.0247339587832973
2011-02-13,0.0111970729841612
2011-02-14,0.0020784470054895
2011-02-15,0.0003822936352591
2011-02-16,7.030687544996399e-05
2011-02-17,0.0
2011-02-18,0.0
2011-02-19,0.0
2011-02-20,0.0
2011-02-21,0.0
2011-02-22,1.3182539146868248e-05
2011-02-23,0.0
2011-02-24,0.0007074629342152
2011-02-25,0.0042228067067134
2011-02-26,0.0016961533702303
2011-02-27,0.0004174470729841
2011-02-28,8.348941459683225e-05
2011-03-01,0.0
2011-03-02,0.0
2011-03-03,0.0
2011-03-04,0.0
2011-03-05,0.0
2011-03-06,0.0
2011-03-07,0.0
2011-03-08,0.0
2011-03-09,0.0
2011-03-10,0.0
2011-03-11,0.0005448782847372
2011-03-12,0.0034339635641648
2011-03-13,0.0028913702528797
2011-03-14,0.0007821639893808
2011-03-15,0.0003119867598092
2011-03-16,0.0017400951673866
2011-03-17,0.0006327618790496
2011-03-18,8.348941459683225e-05
2011-03-19,0.0
2011-03-20,0.0
2011-03-21,0.0
2011-03-22,0.0
2011-03-23,0.0
2011-03-24,0.0
2011-03-25,0.0002197089857811
2011-03-26,0.0001054603131749
2011-03-27,9.227777402807774e-05
2011-03-28,0.0
2011-03-29,0.0
2011-03-30,0.0
2011-03-31,0.0
2011-04-01,0.0
2011-04-02,0.0
2011-04-03,0.0
2011-04-04,0.0
2011-04-05,0.0
2011-04-06,0.0
2011-04-07,0.0
2011-04-08,4.833597687185025e-05
2011-04-09,0.0
2011-04-10,0.0872234127519798
2011-04-11,0.0621106756771958
2011-04-12,0.0275198687230021
2011-04-13,0.014253840161537
2011-04-14,0.007401029011429
2011-04-15,0.0026277194699424
2011-04-16,0.0009579311780057
2011-04-17,0.0003427460178185
2011-04-18,9.227777402807774e-05
2011-04-19,0.0
2011-04-20,0.0
2011-04-21,0.0
2011-04-22,2.197089857811375e-05
2011-04-23,0.0001054603131749
2011-04-24,8.7883594312455e-05
2011-04-25,0.0
2011-04-26,0.0
2011-04-27,0.0
2011-04-28,0.0
2011-04-29,0.0
2011-04-30,0.0
2011-05-01,5.2730156587472994e-05
2011-05-02,6.591269573434125e-05
2011-05-03,0.0
2011-05-04,0.0
2011-05-05,0.0
2011-05-06,0.0
2011-05-07,0.0
2011-05-08,0.0006063968007559
2011-05-09,0.0013138597349712
2011-05-10,0.0010765740303275
2011-05-11,0.0007601930908027
2011-05-12,0.0004833597687185
2011-05-13,0.0002724391423686
2011-05-14,0.0001054603131749
2011-05-15,0.0001054603131749
2011-05-16,7.90952348812095e-05
2011-05-17,0.0
2011-05-18,0.0
2011-05-19,0.0
2011-05-20,0.0
2011-05-21,0.3519027852771778
2011-05-22,3.562564682325414
2011-05-23,3.0833405397880664
2011-05-24,5.892554747963913
2011-05-25,5.87047381912572
2011-05-26,4.379474153786447
2011-05-27,3.096028470066144
2011-05-28,2.0983078189682325
2011-05-29,1.4125964258796797
2011-05-30,0.8784830026097913
2011-05-31,0.5306977394933404
2011-06-01,0.3012581063827393
2011-06-02,0.1870774556785456
2011-06-03,0.1220882407532397
2011-06-04,0.0720350184485241
2011-06-05,14.719590518696004
2011-06-06,80.72018724830139
2011-06-07,92.27072804878736
2011-06-08,86.66365665356147
2011-06-09,81.42378963198568
2011-06-10,76.52188723339633
2011-06-11,72.27154835425667
2011-06-12,67.26080933056606
2011-06-13,62.736384722034735
2011-06-14,58.929436855989024
2011-06-15,56.07871311701314
2011-06-16,54.11273725055119
2011-06-17,52.97346987631615
2011-06-18,61.56165719633054
2011-06-19,99.64574035249052
2011-06-20,100.0
2011-06-21,100.0
2011-06-22,100.0
2011-06-23,100.0
2011-06-24,100.0
2011-06-25,99.82851098474625
2011-06-26,98.973212553152
2011-06-27,98.03431625860556
2011-06-28,97.33979787476378
2011-06-29,96.86888224723272
2011-06-30,96.51497694637554
2011-07-01,96.30333233497568
2011-07-02,96.20308281587472
2011-07-03,96.12303843817496
2011-07-04,96.06552776559126
2011-07-05,95.79616841590172
2011-07-06,94.14537071409288
2011-07-07,92.02586150529834
2011-07-08,90.5244188082141
2011-07-09,89.55581961646193
2011-07-10,89.08300043027809
2011-07-11,88.7637073799721
2011-07-12,87.93424672510575
2011-07-13,84.27306909197264
2011-07-14,77.69162261940919
2011-07-15,77.3620635349172
2011-07-16,97.59371168275288
2011-07-17,95.96548600330723
2011-07-18,93.79736345701718
2011-07-19,91.77413230769665
2011-07-20,88.99337621349667
2011-07-21,86.8669681425486
2011-07-22,84.0783025248605
2011-07-23,78.3224245185385
2011-07-24,73.32468365421391
2011-07-25,70.40576101568124
2011-07-26,68.75142687803725
2011-07-27,67.103698247109
2011-07-28,66.20455170227007
2011-07-29,65.7760921118498
2011-07-30,70.67615862215398
2011-07-31,97.69719356045266
2011-08-01,98.73666928911312
2011-08-02,98.05222341978266
2011-08-03,96.4001248650108
2011-08-04,93.03504586820554
2011-08-05,89.79390312837474
2011-08-06,86.44751626901099
2011-08-07,83.02239273983082
2011-08-08,78.59581508869917
2011-08-09,72.1951611644506
2011-08-10,68.13488075250855
2011-08-11,66.33517783421077
2011-08-12,65.57933410249055
2011-08-13,65.25871576758234
2011-08-14,65.13144274629904
2011-08-15,65.16578343654383
2011-08-16,80.37775374454418
2011-08-17,83.59175609701225
2011-08-18,81.40180853891063
2011-08-19,91.10366379674
2011-08-20,86.88791449418422
2011-08-21,80.45989467326987
2011-08-22,74.96261660395294
2011-08-23,70.99278545997569
2011-08-24,68.28695926982091
2011-08-25,67.598107268606
2011-08-26,66.24702953451224
2011-08-27,69.8217404326404
2011-08-28,69.56995217726332
2011-08-29,68.83079367322489
2011-08-30,67.06793560030822
2011-08-31,65.88133939519213
2011-09-01,65.29775946049315
2011-09-02,65.12849688821768
2011-09-03,65.0960817275243
2011-09-04,65.2083417701584
2011-09-05,61.534079675969664
2011-09-06,57.17959047651188
2011-09-07,54.69283506147634
2011-09-08,53.51871727214947
2011-09-09,53.54788935244554
2011-09-10,54.421007764691325
2011-09-11,52.19207100150737
2011-09-12,51.49201208434576
2011-09-13,51.27392648431874
2011-09-14,50.91071290468638
2011-09-15,50.507208036638325
2011-09-16,50.31022117839947
2011-09-17,50.23163197725432
2011-09-18,50.14700499741269
2011-09-19,50.10234554282532
2011-09-20,50.08315703884314
2011-09-21,50.07493025557956
2011-09-22,50.07162020788337
2011-09-23,50.07027594042477
2011-09-24,50.06975848182146
2011-09-25,50.06958974532037
2011-09-26,47.89203922279966
2011-09-27,34.986275570610594
2011-09-28,23.48155006974442
2011-09-29,15.983616388813893
2011-09-30,11.180295127171076
2011-10-01,8.020088080453561
2011-10-02,5.943958213811644
2011-10-03,4.821785780575053
2011-10-04,4.483734680131838
2011-10-05,4.177416587922965
2011-10-06,3.724051314176116
2011-10-07,4.763131918196544
2011-10-08,10.934000826808855
2011-10-09,7.574660628712202
2011-10-10,2.8942895701156406
2011-10-11,1.4403588533229843
2011-10-12,4.633544043039056
2011-10-13,14.877997182100431
2011-10-14,33.42321065486636
2011-10-15,31.63734518426026
2011-10-16,11.61831592535097
2011-10-17,3.020477404776368
2011-10-18,0.7051111692314613
2011-10-19,0.1733242004702123
2011-10-20,0.0238129387149028
2011-10-21,0.0029553495095392
2011-10-22,0.0005536666441684
2011-10-23,0.0030335659084773
2011-10-24,2.2898209354189163
2011-10-25,1.2213019638116451
2011-10-26,0.459929475173236
2011-10-27,0.1487343707815874
2011-10-28,0.0384172586505579
2011-10-29,0.0085305089655327
2011-10-30,0.0014827720032397
2011-10-31,0.0
2011-11-01,0.0
2011-11-02,0.0
2011-11-03,0.0
2011-11-04,0.0
2011-11-05,0.0
2011-11-06,0.0
2011-11-07,0.0
2011-11-08,6.591269573434125e-05
2011-11-09,0.0015379629004679
2011-11-10,0.0006898862153527
2011-11-11,0.0002372857046436
2011-11-12,0.0002724391423686
2011-11-13,1.34030777537797
2011-11-14,0.5082346927870771
2011-11-15,0.0903736880737041
2011-11-16,0.0141492586843052
2011-11-17,0.0028548106776457
2011-11-18,0.0002988042206623
2011-11-19,0.0064761420648848
2011-11-20,0.389102504612131
2011-11-21,0.527591581735961
2011-11-22,0.1194294104909107
2011-11-23,0.0176500137801475
2011-11-24,0.0021327590667746
2011-11-25,0.0001001872975161
2011-11-26,0.0
2011-11-27,0.0001054603131749
2011-11-28,7.030687544996399e-05
2011-11-29,0.0
2011-11-30,0.0
2011-12-01,0.0
2011-12-02,0.0
2011-12-03,0.0
2011-12-04,0.0
2011-12-05,3.075925800935925e-05
2011-12-06,0.0109845704531137
2011-12-07,0.0612625989920806
2011-12-08,0.046229231348992
2011-12-09,0.0251361141108711
2011-12-10,0.0029880422066234
2011-12-11,0.0003075925800935
2011-12-12,0.0
2011-12-13,0.0
2011-12-14,0.0
2011-12-15,0.0
2011-12-16,0.0
2011-12-17,0.0
2011-12-18,0.0
2011-12-19,0.0
2011-12-20,0.0
2011-12-21,0.0
2011-12-22,0.0
2011-12-23,0.0
2011-12-24,0.0
2011-12-25,0.0
2011-12-26,0.0
2011-12-27,0.0
2011-12-28,0.0
2011-12-29,0.0
2011-12-30,0.0
2011-12-31,0.0
2012-01-01,0.0
2012-01-02,0.0
2012-01-03,0.0
2012-01-04,0.0
2012-01-05,0.0
2012-01-06,0.0109752547921166
2012-01-07,0.0038888490483261
2012-01-08,0.0006327618790496
2012-01-09,7.90952348812095e-05
2012-01-10,0.0
2012-01-11,0.0
2012-01-12,0.0
2012-01-13,0.0
2012-01-14,0.0
2012-01-15,0.0
2012-01-16,0.0
2012-01-17,0.0
2012-01-18,0.0
2012-01-19,0.0
2012-01-20,0.0
2012-01-21,0.0
2012-01-22,0.0
2012-01-23,7.90952348812095e-05
2012-01-24,7.90952348812095e-05
2012-01-25,0.0
2012-01-26,0.0
2012-01-27,0.0
2012-01-28,0.0
2012-01-29,0.0
2012-01-30,0.0
2012-01-31,0.0
2012-02-01,0.0
2012-02-02,0.0
2012-02-03,0.0
2012-02-04,0.0
2012-02-05,0.0
2012-02-06,0.0
2012-02-07,0.0
2012-02-08,0.0
2012-02-09,0.0
2012-02-10,0.0
2012-02-11,0.0
2012-02-12,0.0
2012-02-13,0.0
2012-02-14,0.0
2012-02-15,0.0
2012-02-16,0.0
2012-02-17,0.0
2012-02-18,5.712433630309575e-05
2012-02-19,7.470105516558675e-05
2012-02-20,0.0
2012-02-21,0.0
2012-02-22,0.0
2012-02-23,0.0029500764938804
2012-02-24,0.0105203693079553
2012-02-25,0.0032209337315514
2012-02-26,0.0007997407082433
2012-02-27,8.7883594312455e-05
2012-02-28,0.0
2012-02-29,0.0
2012-03-01,0.0
2012-03-02,0.0
2012-03-03,0.0
2012-03-04,0.0
2012-03-05,0.0
2012-03-06,0.0
2012-03-07,0.0
2012-03-08,0.0
2012-03-09,0.0
2012-03-10,0.0
2012-03-11,0.0
2012-03-12,0.0
2012-03-13,0.0
2012-03-14,0.0
2012-03-15,0.0
2012-03-16,0.0
2012-03-17,0.0
2012-03-18,0.0
2012-03-19,0.0
2012-03-20,0.0
2012-03-21,0.0
2012-03-22,0.0
2012-03-23,0.0
2012-03-24,0.0
2012-03-25,2.197089857811375e-05
2012-03-26,0.0002504682437904
2012-03-27,0.0001054603131749
2012-03-28,7.470105516558675e-05
2012-03-29,0.0
2012-03-30,0.0
2012-03-31,0.0
2012-04-01,0.0
2012-04-02,0.0
2012-04-03,0.0
2012-04-04,0.0
2012-04-05,0.0
2012-04-06,0.0
2012-04-07,0.0
2012-04-08,0.0
2012-04-09,0.0154543300598452
2012-04-10,0.0630250165924226
2012-04-11,0.0792495584728221
2012-04-12,0.0387448886901547
2012-04-13,0.0349797797426205
2012-04-14,0.109522117136879
2012-04-15,0.049683759674226
2012-04-16,0.0215168919298956
2012-04-17,0.008370560823884
2012-04-18,0.0028034866585673
2012-04-19,0.000966719537437
2012-04-20,0.0003339576583873
2012-04-21,0.0001054603131749
2012-04-22,7.030687544996399e-05
2012-04-23,0.0
2012-04-24,0.0
2012-04-25,0.3149978275175486
2012-04-26,0.5523786222102232
2012-04-27,32.981817938939884
2012-04-28,78.31265274168689
2012-04-29,71.13687272205722
2012-04-30,62.67185443523893
2012-05-01,51.63261493767998
2012-05-02,35.42964461280597
2012-05-03,21.869104592726327
2012-05-04,13.347336705251076
2012-05-05,7.567803071848001
2012-05-06,3.649293134674226
2012-05-07,1.842837065222282
2012-05-08,0.9521176782419905
2012-05-09,0.5206122182100431
2012-05-10,0.2790268965982721
2012-05-11,0.1534190936600071
2012-05-12,0.0889858303523218
2012-05-13,0.0493689606393988
2012-05-14,0.0293726306582973
2012-05-15,0.0157367879319654
2012-05-16,0.0096736987603491
2012-05-17,0.004938530698794
2012-05-18,0.417846416036717
2012-05-19,0.3483283837293016
2012-05-20,0.1595799093884989
2012-05-21,0.0789451297021238
2012-05-22,0.0400719309642728
2012-05-23,0.0205329472079733
2012-05-24,0.0105013864515838
2012-05-25,0.1908778938309935
2012-05-26,45.83972352524298
2012-05-27,72.51091865775737
2012-05-28,67.10583118194295
2012-05-29,59.55026924017953
2012-05-30,47.20912885562905
2012-05-31,32.88565588581038
2012-06-01,21.83494933686555
2012-06-02,13.969889322916664
2012-06-03,9.500561048866093
2012-06-04,7.413814140962473
2012-06-05,6.236614273983081
2012-06-06,4.917160572466702
2012-06-07,3.76878722749055
2012-06-08,2.6160856154945105
2012-06-09,1.7689925235668644
2012-06-10,1.3121185852006836
2012-06-11,0.9821185008324332
2012-06-12,5.907764234330004
2012-06-13,10.06763574148443
2012-06-14,7.54208657448029
2012-06-15,4.866428537279517
2012-06-16,6.501216484712472
2012-06-17,55.14550939440469
2012-06-18,70.56696870500357
2012-06-19,66.65621045238255
2012-06-20,63.02208954143043
2012-06-21,60.61787668314659
2012-06-22,57.773844401041664
2012-06-23,54.735511862176025
2012-06-24,48.34073330774162
2012-06-25,38.4624269511564
2012-06-26,29.92521668579013
2012-06-27,22.72695463659782
2012-06-28,16.67940117524973
2012-06-29,36.32042323332883
2012-06-30,40.50241609577484
2012-07-01,28.562927465802733
2012-07-02,30.742537628239734
2012-07-03,36.98293757593142
2012-07-04,31.44987594351827
2012-07-05,30.858364338665407
2012-07-06,29.334958476759358
2012-07-07,26.03591890383144
2012-07-08,21.173459013903887
2012-07-09,16.72759899911132
2012-07-10,13.55460049524163
2012-07-11,10.82342744611681
2012-07-12,8.731816357035187
2012-07-13,6.762389126057415
2012-07-14,5.483313014646328
2012-07-15,4.881859490303276
2012-07-16,4.486213700560206
2012-07-17,4.190446912684484
2012-07-18,4.012307042780327
2012-07-19,3.928862800350971
2012-07-20,3.760028396946994
2012-07-21,2.962420096236051
2012-07-22,2.185679930761789
2012-07-23,1.4704811310407666
2012-07-24,1.072202173044906
2012-07-25,0.7753647872232721
2012-07-26,0.5351891184642729
2012-07-27,0.3491703085628149
2012-07-28,0.209149771924496
2012-07-29,0.1350858728176746
2012-07-30,0.0936751231776457
2012-07-31,0.0679076533252339
2012-08-01,0.0523345046458783
2012-08-02,6.902298929366899
2012-08-03,42.3873399112446
2012-08-04,52.41155799332928
2012-08-05,44.89277937843098
2012-08-06,40.412593613604656
2012-08-07,41.76650998779472
2012-08-08,35.27374280760663
2012-08-09,23.636706622063983
2012-08-10,14.13130160524658
2012-08-11,8.792869968839993
2012-08-12,7.710360632086933
2012-08-13,4.448772301340892
2012-08-14,12.344032633639308
2012-08-15,46.83036409821588
2012-08-16,65.59727870207884
2012-08-17,78.45556236360466
2012-08-18,83.81092266524927
2012-08-19,77.7529834722597
2012-08-20,74.31950713474171
2012-08-21,66.13088327933764
2012-08-22,60.17747845797336
2012-08-23,84.12922280670672
2012-08-24,91.22175280665049
2012-08-25,86.86340375973046
2012-08-26,78.15597597895292
2012-08-27,66.75031304136293
2012-08-28,58.13170622131481
2012-08-29,53.21966117710582
2012-08-30,51.21515591252698
2012-08-31,50.0551371124685
2012-09-01,41.74385711252474
2012-09-02,24.24919217400108
2012-09-03,13.494146249550036
2012-09-04,7.694430500247479
2012-09-05,5.157812394539687
2012-09-06,18.188544760169187
2012-09-07,11.9133965181223
2012-09-08,5.321605794973902
2012-09-09,2.0213525496085314
2012-09-10,0.7771479453518717
2012-09-11,0.2527266763971382
2012-09-12,0.0863767422043736
2012-09-13,0.0242676484318754
2012-09-14,0.0066088462922966
2012-09-15,0.001630240674496
2012-09-16,0.0005316957455903
2012-09-17,0.0625942112131029
2012-09-18,12.716003813444924
2012-09-19,22.89536702298191
2012-09-20,11.578913491608168
2012-09-21,6.521884245354122
2012-09-22,2.8865162661987034
2012-09-23,1.0672156579036176
2012-09-24,0.3922663140073793
2012-09-25,0.1224997117418106
2012-09-26,0.0292035426228401
2012-09-27,0.3738733323209143
2012-09-28,2.222524073074154
2012-09-29,0.7180718901862849
2012-09-30,0.1885231408049855
2012-10-01,0.0739246914934305
2012-10-02,0.1720073526930345
2012-10-03,0.0471799560722642
2012-10-04,0.0076274171503779
2012-10-05,0.041345012711483
2012-10-06,1.5989576302645785
2012-10-07,10.438455118902986
2012-10-08,19.24674830701044
2012-10-09,20.492388226129407
2012-10-10,7.592107982923864
2012-10-11,1.8131556116135703
2012-10-12,0.350779457174676
2012-10-13,0.0651964444406947
2012-10-14,0.2808232372660186
2012-10-15,1.176039276232901
2012-10-16,0.3056833968907487
2012-10-17,0.0512616217265118
2012-10-18,0.0084545775400467
2012-10-19,0.001592274961753
2012-10-20,0.0003295634786717
2012-10-21,0.0585394379387149
2012-10-22,8.414463424957253
2012-10-23,5.907729959728221
2012-10-24,2.370488759336753
2012-10-25,0.8590224110196184
2012-10-26,0.243514542274118
2012-10-27,0.0533504389961303
2012-10-28,0.0119384589857811
2012-10-29,0.0018316698726601
2012-10-30,0.0001318253914686
2012-10-31,0.0002284973452123
2012-11-01,0.0
2012-11-02,0.0
2012-11-03,0.0
2012-11-04,0.0
2012-11-05,0.0
2012-11-06,0.0
2012-11-07,0.0
2012-11-08,0.0001054603131749
2012-11-09,3.2683887632739377
2012-11-10,7.839428939434844
2012-11-11,2.9126554836550578
2012-11-12,0.6870343927173326
2012-11-13,0.1090804141918646
2012-11-14,0.0124632998110151
2012-11-15,0.0015031609971202
2012-11-16,4.833597687185025e-05
2012-11-17,0.0001537962900467
2012-11-18,0.0
2012-11-19,0.0
2012-11-20,0.0
2012-11-21,0.0
2012-11-22,4.39417971562275e-05
2012-11-23,0.0004042645338372
2012-11-24,0.0001713730089092
2012-11-25,6.591269573434125e-05
2012-11-26,0.0
2012-11-27,0.0
2012-11-28,6.591269573434125e-05
2012-11-29,0.0224437123155147
2012-11-30,0.0520001954531137
2012-12-01,0.0210722009426745
2012-12-02,0.0027164819001979
2012-12-03,7.470105516558675e-05
2012-12-04,0.0
2012-12-05,8.7883594312455e-05
2012-12-06,0.0001054603131749
2012-12-07,6.15185160187185e-05
2012-12-08,0.0
2012-12-09,0.0
2012-12-10,0.0
2012-12-11,0.0
2012-12-12,0.0
2012-12-13,0.0
2012-12-14,0.0
2012-12-15,0.0
2012-12-16,0.0
2012-12-17,0.0
2012-12-18,8.788359431245498e-06
2012-12-19,0.4037560393606011
2012-12-20,0.9839680989583331
2012-12-21,0.3830179718435025
2012-12-22,0.0520274393673506
2012-12-23,0.0043604324154067
2012-12-24,7.470105516558675e-05
2012-12-25,0.0
2012-12-26,0.0
2012-12-27,0.0
2012-12-28,0.0
2012-12-29,0.0
2012-12-30,0.0
2012-12-31,0.0
2013-01-01,0.0
2013-01-02,0.0
2013-01-03,0.0
2013-01-04,0.0
2013-01-05,0.0
2013-01-06,0.0
2013-01-07,0.0
2013-01-08,0.0
2013-01-09,0.0
2013-01-10,0.0
2013-01-11,0.0
2013-01-12,0.0
2013-01-13,0.0
2013-01-14,0.0
2013-01-15,0.0
2013-01-16,0.0
2013-01-17,0.0
2013-01-18,0.0
2013-01-19,0.0
2013-01-20,0.0
2013-01-21,0.0077522118543016
2013-01-22,0.0150034872210223
2013-01-23,0.0039415792049136
2013-01-24,0.0009711137171526
2013-01-25,0.0001757671886249
2013-01-26,0.0
2013-01-27,0.0004350237918466
2013-01-28,0.0154785859318754
2013-01-29,0.0049170871017818
2013-01-30,0.0010458147723182
2013-01-31,0.0001581904697624
2013-02-01,0.0
2013-02-02,0.0
2013-02-03,0.0
2013-02-04,0.0
2013-02-05,0.0
2013-02-06,0.0
2013-02-07,0.0
2013-02-08,0.0
2013-02-09,0.0
2013-02-10,7.90952348812095e-05
2013-02-11,0.0005273015658747
2013-02-12,9.66719537437005e-05
2013-02-13,0.0
2013-02-14,0.0
2013-02-15,0.0
2013-02-16,0.0
2013-02-17,0.0
2013-02-18,0.0026776373515118
2013-02-19,0.0035373146710763
2013-02-20,0.0011073332883369
2013-02-21,0.0002504682437904
2013-02-22,7.030687544996399e-05
2013-02-23,0.0
2013-02-24,0.0
2013-02-25,0.0
2013-02-26,0.0
2013-02-27,0.0
2013-02-28,0.0
2013-03-01,0.0
2013-03-02,0.0
2013-03-03,0.0
2013-03-04,0.0
2013-03-05,0.0
2013-03-06,0.0
2013-03-07,0.0
2013-03-08,0.0
2013-03-09,0.0
2013-03-10,0.0
2013-03-11,0.0
2013-03-12,0.0
2013-03-13,0.0
2013-03-14,0.0
2013-03-15,0.0
2013-03-16,0.0
2013-03-17,0.0
2013-03-18,3.5153437724981994e-05
2013-03-19,0.0002636507829373
2013-03-20,0.0001054603131749
2013-03-21,0.0001054603131749
2013-03-22,7.470105516558675e-05
2013-03-23,0.0
2013-03-24,0.0
2013-03-25,0.0
2013-03-26,0.0
2013-03-27,0.0
2013-03-28,0.0017114451156407
2013-03-29,0.0084062415631749
2013-03-30,0.0031550210358171
2013-03-31,0.0339251766108711
2013-04-01,0.2486886010056695
2013-04-02,1.410171717512599
2013-04-03,0.7846433613435924
2013-04-04,0.4133490609813714
2013-04-05,0.1763769250022498
2013-04-06,0.069011647036987
2013-04-07,0.0238721722574694
2013-04-08,0.006774067449604
2013-04-09,0.0019796658454823
2013-04-10,0.0631643999730021
2013-04-11,0.0410676520878329
2013-04-12,0.0220065793174046
2013-04-13,0.0069907883931785
2013-04-14,0.0018510042634089
2013-04-15,8.348941459683225e-05
2013-04-16,0.0
2013-04-17,0.0
2013-04-18,0.0
2013-04-19,0.0
2013-04-20,0.0
2013-04-21,0.0
2013-04-22,0.0
2013-04-23,0.0
2013-04-24,0.0
2013-04-25,0.0
2013-04-26,0.5702281317494599
2013-04-27,1.1610980105966522
2013-04-28,0.8177781129072174
2013-04-29,0.4828711359341252
2013-04-30,0.2593705003599712
2013-05-01,0.1436416922583693
2013-05-02,0.2611598103401727
2013-05-03,11.650675016311194
2013-05-04,7.010181138633909
2013-05-05,3.59695441161582
2013-05-06,1.61177299175441
2013-05-07,0.6806934156205003
2013-05-08,0.25242734487491
2013-05-09,0.0892139761631569
2013-05-10,0.0723703822444204
2013-05-11,0.0858220209570734
2013-05-12,0.0369016181830453
2013-05-13,0.1130023074716522
2013-05-14,0.2887223904900108
2013-05-15,0.1442327973137148
2013-05-16,0.0644125227794276
2013-05-17,0.091605640298776
2013-05-18,53.40086396603896
2013-05-19,75.8434315098542
2013-05-20,68.18862508577439
2013-05-21,61.50396952618791
2013-05-22,56.45777790901728
2013-05-23,47.4906036618633
2013-05-24,36.64530831674091
2013-05-25,27.121542132098178
2013-05-26,19.36800534472867
2013-05-27,18.881726258774297
2013-05-28,85.38116591297697
2013-05-29,96.7600730418129
2013-05-30,94.29818376248647
2013-05-31,92.21859022762554
2013-06-01,88.50539376771734
2013-06-02,81.55638664141244
2013-06-03,75.83171434175891
2013-06-04,71.56986780901278
2013-06-05,68.77101191279698
2013-06-06,65.95886748981957
2013-06-07,60.688574816358425
2013-06-08,57.05809035277177
2013-06-09,54.6715118649883
2013-06-10,52.923409447556686
2013-06-11,51.70618405215082
2013-06-12,51.01561252052961
2013-06-13,50.61785523954958
2013-06-14,49.80462299344176
2013-06-15,44.05946608255714
2013-06-16,35.01719003104751
2013-06-17,28.07089077405057
2013-06-18,23.232021477344315
2013-06-19,24.29559840290901
2013-06-20,26.27695372260844
2013-06-21,22.761688693810743
2013-06-22,24.471034270383363
2013-06-23,59.503253274894256
2013-06-24,62.80265686166981
2013-06-25,58.0488806793894
2013-06-26,53.33131710791261
2013-06-27,53.227665087574245
2013-06-28,69.62874454418647
2013-06-29,73.99669241304444
2013-06-30,71.2276269460943
2013-07-01,67.58334844931156
2013-07-02,62.89856071279922
2013-07-03,59.05200810497659
2013-07-04,56.43143146204554
2013-07-05,56.186106693495766
2013-07-06,57.09406181099261
2013-07-07,54.54818165328024
2013-07-08,52.7192971632582
2013-07-09,53.58134769140343
2013-07-10,52.46204746979616
2013-07-11,49.30252169670176
2013-07-12,42.58137265034421
2013-07-13,36.13752552139579
2013-07-14,28.618163007896865
2013-07-15,20.80281733711303
2013-07-16,15.498128958277087
2013-07-17,12.168866568799496
2013-07-18,10.198612001664868
2013-07-19,14.970437892312365
2013-07-20,66.30217631417611
2013-07-21,72.20822664264983
2013-07-22,73.70782958457073
2013-07-23,69.61741880962022
2013-07-24,62.774655742384354
2013-07-25,53.40098963957883
2013-07-26,49.94530019629679
2013-07-27,48.16569449834638
2013-07-28,35.618970306594214
2013-07-29,24.92888811082613
2013-07-30,17.821199421233803
2013-07-31,14.739912721044815
2013-08-01,12.643348512587744
2013-08-02,11.54126222636564
2013-08-03,10.135755370039146
2013-08-04,9.47632468699379
2013-08-05,8.465143257289416
2013-08-06,7.920757472214722
2013-08-07,18.944709442775828
2013-08-08,78.16010387137779
2013-08-09,77.34311899579284
2013-08-10,70.96715139741944
2013-08-11,63.263650431402986
2013-08-12,57.69063234706848
2013-08-13,50.83366149067449
2013-08-14,41.15865502244195
2013-08-15,27.458167233340085
2013-08-16,18.663620797054985
2013-08-17,13.790587104594133
2013-08-18,10.696934655383815
2013-08-19,8.983151484599981
2013-08-20,8.116160140782487
2013-08-21,7.686073825031497
2013-08-22,7.4733489484903695
2013-08-23,7.539879641659917
2013-08-24,13.127251753453471
2013-08-25,13.000298101151907
2013-08-26,19.802377216072717
2013-08-27,13.262830477468052
2013-08-28,9.464136287065784
2013-08-29,7.9828635779450146
2013-08-30,7.50930792724082
2013-08-31,7.3680710816572175
2013-09-01,7.327301354954102
2013-09-02,7.314144126282397
2013-09-03,7.310443699660276
2013-09-04,7.31346636800306
2013-09-05,7.511236269067224
2013-09-06,7.554143852085581
2013-09-07,11.643240591533925
2013-09-08,9.772570440458514
2013-09-09,7.783060226275647
2013-09-10,6.324187111906047
2013-09-11,5.190822351399388
2013-09-12,4.618591704069924
2013-09-13,4.3127427344874905
2013-09-14,6.070452410682145
2013-09-15,13.842485530845032
2013-09-16,13.284297275749188
2013-09-17,10.87801405575054
2013-09-18,7.675256409174766
2013-09-19,5.285400742159377
2013-09-20,5.148976050665945
2013-09-21,7.46792934299631
2013-09-22,15.397951503723451
2013-09-23,6.8961068270788335
2013-09-24,4.694287601523127
2013-09-25,4.088920620725341
2013-09-26,3.927929652346562
2013-09-27,4.693521256580723
2013-09-28,8.316505558461573
2013-09-29,5.44153016586798
2013-09-30,4.417546908747299
2013-10-01,4.698759997637687
2013-10-02,6.184939247828923
2013-10-03,10.092610149781768
2013-10-04,5.483442203529966
2013-10-05,2.9776798520180883
2013-10-06,1.599643473834593
2013-10-07,0.8865823546616268
2013-10-08,0.4829671048191143
2013-10-09,0.2661378886564075
2013-10-10,0.1294525344222462
2013-10-11,0.0550151300395968
2013-10-12,0.0216808827168826
2013-10-13,0.0085642562657487
2013-10-14,0.003260481348992
2013-10-15,0.0012083994217962
2013-10-16,0.000430629612131
2013-10-17,0.0001054603131749
2013-10-18,7.90952348812095e-05
2013-10-19,0.0
2013-10-20,0.1574084815402267
2013-10-21,0.5546379336528078
2013-10-22,0.2733088384179265
2013-10-23,0.5177027439367351
2013-10-24,0.2383740550755939
2013-10-25,0.0582353607023938
2013-10-26,0.0141436341342692
2013-10-27,0.0016557269168466
2013-10-28,0.0
2013-10-29,0.0
2013-10-30,8.348941459683225e-05
2013-10-31,0.1093236759809215
2013-11-01,9.780244787448252
2013-11-02,25.388920761339087
2013-11-03,8.077547780552553
2013-11-04,1.6632372730494058
2013-11-05,0.2503258723677105
2013-11-06,0.0307499423483621
2013-11-07,0.0051870655035097
2013-11-08,0.0009139893808495
2013-11-09,0.3846501459570734
2013-11-10,9.522623873683855
2013-11-11,14.171865508571813
2013-11-12,3.924966217546346
2013-11-13,0.6990693478896688
2013-11-14,0.0945509710785637
2013-11-15,0.0117479273533117
2013-11-16,0.0008014983801295
2013-11-17,0.0
2013-11-18,3.075925800935925e-05
2013-11-19,0.0005888200818934
2013-11-20,0.0034348424001079
2013-11-21,0.0007206454733621
2013-11-22,0.0001450079306155
2013-11-23,0.0
2013-11-24,0.0004877539484341
2013-11-25,0.0017049417296616
2013-11-26,0.0022498200143988
2013-11-27,0.004099769674676
2013-11-28,0.0009535369982901
2013-11-29,0.0001581904697624
2013-11-30,0.0
2013-12-01,0.0
2013-12-02,0.0
2013-12-03,0.0
2013-12-04,0.0
2013-12-05,0.0
2013-12-06,0.0
2013-12-07,0.0
2013-12-08,0.0561739631142008
2013-12-09,0.1152384176453383
2013-12-10,0.0236069395698344
2013-12-11,0.0028342459165766
2013-12-12,0.0003119867598092
2013-12-13,6.15185160187185e-05
2013-12-14,0.0
2013-12-15,0.0
2013-12-16,0.0
2013-12-17,0.0
2013-12-18,0.0
2013-12-19,0.0
2013-12-20,0.0
2013-12-21,0.0
2013-12-22,0.0
2013-12-23,0.0
2013-12-24,0.0
2013-12-25,0.0
2013-12-26,0.0
2013-12-27,0.0
2013-12-28,0.0
2013-12-29,0.0
2013-12-30,0.0
2013-12-31,0.0
2014-01-01,0.0
2014-01-02,0.0
2014-01-03,0.0
2014-01-04,0.0
2014-01-05,0.0
2014-01-06,0.0
2014-01-07,0.0
2014-01-08,0.0
2014-01-09,0.0
2014-01-10,0.0
2014-01-11,0.0
2014-01-12,0.0
2014-01-13,0.0
2014-01-14,0.0
2014-01-15,0.0
2014-01-16,0.0
2014-01-17,0.0
2014-01-18,0.0
2014-01-19,0.0
2014-01-20,0.0
2014-01-21,0.0
2014-01-22,0.0
2014-01-23,0.0
2014-01-24,0.0
2014-01-25,0.0
2014-01-26,0.0
2014-01-27,0.0
2014-01-28,0.0
2014-01-29,0.0
2014-01-30,0.0
2014-01-31,0.0
2014-02-01,0.0
2014-02-02,0.0
2014-02-03,0.0
2014-02-04,0.0
2014-02-05,0.0
2014-02-06,0.0
2014-02-07,0.0
2014-02-08,0.0
2014-02-09,0.0
2014-02-10,0.0
2014-02-11,0.0
2014-02-12,0.0
2014-02-13,0.0
2014-02-14,0.0
2014-02-15,0.0173673801408387
2014-02-16,0.0457757520023398
2014-02-17,0.0153544942967062
2014-02-18,0.0036911109611231
2014-02-19,0.0009535369982901
2014-02-20,8.7883594312455e-05
2014-02-21,0.0
2014-02-22,0.0
2014-02-23,0.0
2014-02-24,1.7576718862490997e-05
2014-02-25,0.022922502137329
2014-02-26,0.0189227439929805
2014-02-27,0.004635859599982
2014-02-28,0.000790952348812
2014-03-01,0.001837821724262
2014-03-02,1.0108485266491178
2014-03-03,0.7819639663201943
2014-03-04,0.2322942680210583
2014-03-05,0.0564636274410547
2014-03-06,0.0101579373650108
2014-03-07,0.0016145973947084
2014-03-08,0.0
2014-03-09,0.0011029391086213
2014-03-10,0.0009711137171526
2014-03-11,0.0003339576583873
2014-03-12,8.348941459683225e-05
2014-03-13,0.0
2014-03-14,0.0178482791689164
2014-03-15,0.0076848930210583
2014-03-16,0.0023587956713462
2014-03-17,0.0002416798843592
2014-03-18,5.2730156587472994e-05
2014-03-19,0.0001362195711843
2014-03-20,7.030687544996399e-05
2014-03-21,0.0
2014-03-22,0.0
2014-03-23,0.0
2014-03-24,0.0
2014-03-25,0.0
2014-03-26,0.0
2014-03-27,0.0
2014-03-28,0.0
2014-03-29,0.0
2014-03-30,0.1259071344604931
2014-03-31,0.865733905350072
2014-04-01,0.5114790035547155
2014-04-02,0.2301258282149928
2014-04-03,0.0917241073839092
2014-04-04,0.0318328439974801
2014-04-05,0.0100273423438624
2014-04-06,0.0038906067202123
2014-04-07,2.2243293778685205
2014-04-08,1.592191296571274
2014-04-09,0.4206089489403347
2014-04-10,0.1322387958963282
2014-04-11,0.0946184656789956
2014-04-12,0.0294221970054895
2014-04-13,0.0066313444924406
2014-04-14,0.0010677856708963
2014-04-15,0.0001757671886249
2014-04-16,6.591269573434125e-05
2014-04-17,0.0
2014-04-18,0.0
2014-04-19,0.0
2014-04-20,0.0
2014-04-21,0.0
2014-04-22,0.0
2014-04-23,0.0
2014-04-24,0.0
2014-04-25,0.0
2014-04-26,0.0
2014-04-27,4.833597687185025e-05
2014-04-28,0.0001054603131749
2014-04-29,0.0001054603131749
2014-04-30,0.0001054603131749
2014-05-01,0.847433201437635
2014-05-02,1.7993554265658744
2014-05-03,1.643444481472732
2014-05-04,1.088650642323614
2014-05-05,0.5686282987985961
2014-05-06,0.2899172558382829
2014-05-07,0.1251764702573794
2014-05-08,0.04730703574964
2014-05-09,0.0163157650512958
2014-05-10,0.0061729436645068
2014-05-11,0.0035105980584053
2014-05-12,0.0041245528482721
2014-05-13,0.0017313068079553
2014-05-14,0.0008524708648308
2014-05-15,0.0004482063309935
2014-05-16,0.0001845555480561
2014-05-17,0.0001054603131749
2014-05-18,7.470105516558675e-05
2014-05-19,0.0
2014-05-20,0.0
2014-05-21,8.551766776626618
2014-05-22,13.331103902312815
2014-05-23,13.03956062421256
2014-05-24,10.836321551307144
2014-05-25,8.837097739212114
2014-05-26,6.606614224768268
2014-05-27,4.58121199913382
2014-05-28,3.066101293927736
2014-05-29,11.629557115899477
2014-05-30,38.72251423011159
2014-05-31,44.678410024073074
2014-06-01,38.486875639792565
2014-06-02,30.33602485629275
2014-06-03,23.45861333046481
2014-06-04,72.4306746085313
2014-06-05,94.03771067455229
2014-06-06,91.02688306419864
2014-06-07,95.14381007722508
2014-06-08,96.97194702939387
2014-06-09,95.828329065706
2014-06-10,93.4630730713418
2014-06-11,91.66728079722373
2014-06-12,97.8116406742148
2014-06-13,99.76053390338149
2014-06-14,98.98224786548326
2014-06-15,98.00822906823704
2014-06-16,97.15569896986366
2014-06-17,95.66433880602052
2014-06-18,93.1847031924946
2014-06-19,91.39535436774432
2014-06-20,90.18426236838552
2014-06-21,89.42166460667522
2014-06-22,88.8666559800216
2014-06-23,87.08704448175396
2014-06-24,82.35417598232767
2014-06-25,77.33588406677467
2014-06-26,74.6478365519821
2014-06-27,72.61869997665812
2014-06-28,70.26795092720707
2014-06-29,68.41952833226468
2014-06-30,67.1740596103874
2014-07-01,66.37418461601196
2014-07-02,66.33888195194385
2014-07-03,66.06453573557864
2014-07-04,66.03845135748514
2014-07-05,73.33532793938984
2014-07-06,72.3073668950234
2014-07-07,69.63223580785412
2014-07-08,67.67598742491225
2014-07-09,66.51306178708829
2014-07-10,65.81978695610601
2014-07-11,65.44328941965892
2014-07-12,65.25465695166261
2014-07-13,65.15017390405642
2014-07-14,65.09463076938219
2014-07-15,65.0881488270001
2014-07-16,65.06783013999505
2014-07-17,64.8031470763589
2014-07-18,62.33434188546167
2014-07-19,58.440589987176025
2014-07-20,55.92886438225566
2014-07-21,54.31977887081533
2014-07-22,60.152677356124
2014-07-23,68.91183834199514
2014-07-24,66.60914755725791
2014-07-25,62.45743797527447
2014-07-26,58.11808215499008
2014-07-27,56.008958853604206
2014-07-28,53.816721224802
2014-07-29,52.66875390203158
2014-07-30,51.93861014556335
2014-07-31,51.54304169338328
2014-08-01,51.38801819682549
2014-08-02,51.28712273330633
2014-08-03,51.05097687888093
2014-08-04,50.71925726410636
2014-08-05,50.49919129516514
2014-08-06,50.35452716517055
2014-08-07,48.8408387680548
2014-08-08,40.59737484673101
2014-08-09,30.60924387767728
2014-08-10,21.70759300193484
2014-08-11,16.40872603238616
2014-08-12,13.2868636524703
2014-08-13,11.284414160929623
2014-08-14,9.561400927769528
2014-08-15,7.798458838136699
2014-08-16,6.219130887497749
2014-08-17,5.180195115640748
2014-08-18,4.569304475173235
2014-08-19,4.233584223418376
2014-08-20,3.9185586246850255
2014-08-21,2.836558133943034
2014-08-22,1.7651363672156228
2014-08-23,20.9274454137419
2014-08-24,81.7485056273623
2014-08-25,83.95213420035773
2014-08-26,75.8225837636114
2014-08-27,62.1559315098542
2014-08-28,47.62515028094628
2014-08-29,33.0645487423506
2014-08-30,23.12226611714812
2014-08-31,17.727204226005668
2014-09-01,14.273548760630396
2014-09-02,14.376639380568305
2014-09-03,11.995724990438264
2014-09-04,9.96289308574064
2014-09-05,15.78800508459323
2014-09-06,21.27548589081623
2014-09-07,11.251766460245678
2014-09-08,5.267155580678545
2014-09-09,4.018595992789327
2014-09-10,9.667984569046974
2014-09-11,5.550410732766378
2014-09-12,2.7236166419186465
2014-09-13,38.331770938793646
2014-09-14,68.86176420339497
2014-09-15,45.81999031874325
2014-09-16,24.84441791531677
2014-09-17,12.373011897329462
2014-09-18,7.43807124336303
2014-09-19,4.807634412684484
2014-09-20,2.653516644449694
2014-09-21,0.772929532824874
2014-09-22,0.4375754041239201
2014-09-23,4.442315493666756
2014-09-24,4.234814417971562
2014-09-25,3.7425638175508458
2014-09-26,5.599993602074333
2014-09-27,2.389659686600072
2014-09-28,1.0647812823411624
2014-09-29,0.3345796984678725
2014-09-30,0.2126782982361411
2014-10-01,0.0524809187140028
2014-10-02,0.0098027118767998
2014-10-03,0.002008843198794
2014-10-04,12.733277861208604
2014-10-05,21.698833995624096
2014-10-06,6.887251500348722
2014-10-07,1.5288660696206802
2014-10-08,0.2871828456848452
2014-10-09,0.0581376341455183
2014-10-10,0.0090796056627969
2014-10-11,0.0013781905260079
2014-10-12,0.0002944100409467
2014-10-13,0.0001537962900467
2014-10-14,0.0
2014-10-15,0.0
2014-10-16,7.470105516558675e-05
2014-10-17,0.0023201268898488
2014-10-18,0.0031945686532577
2014-10-19,0.0040690104166666
2014-10-20,0.0013006771958243
2014-10-21,0.0002416798843592
2014-10-22,6.591269573434125e-05
2014-10-23,0.0
2014-10-24,0.0
2014-10-25,0.0
2014-10-26,0.0
2014-10-27,0.0095866940019798
2014-10-28,0.0052246796818754
2014-10-29,0.0021883014983801
2014-10-30,0.0025134707973362
2014-10-31,0.0037789945554355
2014-11-01,0.0019993517706083
2014-11-02,0.0074692266806155
2014-11-03,0.0052085091005219
2014-11-04,0.0008832301228401
2014-11-05,0.0001450079306155
2014-11-06,0.0
2014-11-07,0.0
2014-11-08,0.0
2014-11-09,0.0
2014-11-10,0.0
2014-11-11,9.227777402807774e-05
2014-11-12,0.0003383518381029
2014-11-13,0.0009842962562994
2014-11-14,0.0002460740640748
2014-11-15,7.030687544996399e-05
2014-11-16,0.0
2014-11-17,0.0
2014-11-18,0.0
2014-11-19,9.227777402807774e-05
2014-11-20,0.0050311600071994
2014-11-21,0.022629146699514
2014-11-22,0.0068765397205723
2014-11-23,0.0011688518043556
2014-11-24,0.0001757671886249
2014-11-25,0.0001054603131749
2014-11-26,6.15185160187185e-05
2014-11-27,0.0
2014-11-28,0.0
2014-11-29,0.2170476947781677
2014-11-30,1.5457237249145068
2014-12-01,0.502366880962023
2014-12-02,0.1156630711730561
2014-12-03,0.0153573065717242
2014-12-04,0.000944221337293
2014-12-05,0.0
2014-12-06,0.0
2014-12-07,0.0
2014-12-08,0.0
2014-12-09,0.0
2014-12-10,0.0
2014-12-11,0.0
2014-12-12,0.0
2014-12-13,0.0
2014-12-14,0.0
2014-12-15,0.0003295634786717
2014-12-16,0.0001757671886249
2014-12-17,7.030687544996399e-05
2014-12-18,0.0
2014-12-19,0.0
2014-12-20,7.90952348812095e-05
2014-12-21,0.6357859535299675
2014-12-22,1.3364101379702122
2014-12-23,0.3444152788089453
2014-12-24,0.0504045809147768
2014-12-25,0.005801723362131
2014-12-26,0.0006946319294456
2014-12-27,2.197089857811375e-05
2014-12-28,0.0
2014-12-29,0.0
2014-12-30,0.0
2014-12-31,0.0
2015-01-01,0.0
2015-01-02,0.0
2015-01-03,0.0
2015-01-04,0.0
2015-01-05,0.0
2015-01-06,0.0
2015-01-07,0.0
2015-01-08,0.0
2015-01-09,0.0
2015-01-10,0.0
2015-01-11,0.0
2015-01-12,0.0
2015-01-13,0.0
2015-01-14,0.0
2015-01-15,0.0
2015-01-16,0.0
2015-01-17,0.0
2015-01-18,0.0
2015-01-19,0.0
2015-01-20,0.0
2015-01-21,0.0
2015-01-22,0.0
2015-01-23,0.0
2015-01-24,0.0
2015-01-25,0.0
2015-01-26,0.0
2015-01-27,0.0
2015-01-28,0.0
2015-01-29,0.0
2015-01-30,0.0
2015-01-31,0.0
2015-02-01,0.0
2015-02-02,0.0
2015-02-03,0.0
2015-02-04,0.0
2015-02-05,0.0
2015-02-06,0.0
2015-02-07,0.0
2015-02-08,0.0
2015-02-09,0.0
2015-02-10,0.0
2015-02-11,0.0
2015-02-12,0.0
2015-02-13,0.0
2015-02-14,0.0
2015-02-15,0.0
2015-02-16,0.0
2015-02-17,0.0
2015-02-18,0.0065415274590532
2015-02-19,0.0629543581825953
2015-02-20,0.0542120497547696
2015-02-21,0.1420944136969042
2015-02-22,0.0368010793511519
2015-02-23,0.0073071693327033
2015-02-24,0.0007601930908027
2015-02-25,7.90952348812095e-05
2015-02-26,4.833597687185025e-05
2015-02-27,3.075925800935925e-05
2015-02-28,0.0333031365303275
2015-03-01,0.0151020926138408
2015-03-02,0.0021884772655687
2015-03-03,0.0002153148060655
2015-03-04,0.0
2015-03-05,0.0
2015-03-06,0.0
2015-03-07,0.0
2015-03-08,0.0
2015-03-09,0.0
2015-03-10,0.0
2015-03-11,0.0
2015-03-12,0.0
2015-03-13,0.0
2015-03-14,0.0
2015-03-15,0.0
2015-03-16,0.0
2015-03-17,0.0
2015-03-18,0.0
2015-03-19,0.0
2015-03-20,0.0
2015-03-21,0.0
2015-03-22,0.0
2015-03-23,0.0
2015-03-24,0.04828359824964
2015-03-25,0.9542760993183046
2015-03-26,12.344623914461842
2015-03-27,5.789679442832073
2015-03-28,2.260680317449604
2015-03-29,0.7352809040901727
2015-03-30,0.2025581508166846
2015-03-31,0.0658242848384629
2015-04-01,0.0159703825256479
2015-04-02,0.0029657197736681
2015-04-03,0.0008160870567854
2015-04-04,0.0
2015-04-05,0.0
2015-04-06,0.0
2015-04-07,0.0
2015-04-08,0.0
2015-04-09,0.0
2015-04-10,0.0
2015-04-11,0.0
2015-04-12,0.0
2015-04-13,0.0
2015-04-14,2.6365078293736497e-05
2015-04-15,0.0
2015-04-16,0.0437377314502339
2015-04-17,0.0534467594154967
2015-04-18,0.0266893687567494
2015-04-19,0.0124516991765658
2015-04-20,0.0062404382649388
2015-04-21,0.0070044982338912
2015-04-22,0.003097896699514
2015-04-23,0.0011249100071994
2015-04-24,0.0003427460178185
2015-04-25,8.7883594312455e-05
2015-04-26,0.000232891524928
2015-04-27,8.348941459683225e-05
2015-04-28,0.0
2015-04-29,0.0
2015-04-30,0.0
2015-05-01,0.0
2015-05-02,0.0097807409782217
2015-05-03,0.0467786795806335
2015-05-04,0.0369930171211303
2015-05-05,0.0267412200773938
2015-05-06,0.0183260143875989
2015-05-07,0.0156522439142368
2015-05-08,0.013543916486681
2015-05-09,0.0094464317854571
2015-05-10,0.0060284630354571
2015-05-11,0.0030412996647768
2015-05-12,0.0010106613345932
2015-05-13,0.000465783049856
2015-05-14,0.0001845555480561
2015-05-15,0.0001054603131749
2015-05-16,7.90952348812095e-05
2015-05-17,0.0
2015-05-18,0.0
2015-05-19,0.0
2015-05-20,0.0
2015-05-21,0.0
2015-05-22,0.0
2015-05-23,0.0
2015-05-24,0.0006928742575593
2015-05-25,0.0014249445981821
2015-05-26,0.0015463997255219
2015-05-27,0.0012127936015118
2015-05-28,0.0009755078968682
2015-05-29,4.461902110331174
2015-05-30,6.552572141884898
2015-05-31,5.055264367913067
2015-06-01,3.636321867688085
2015-06-02,2.290013224723272
2015-06-03,1.2679129614943303
2015-06-04,0.7087128146935744
2015-06-05,0.4007201884786716
2015-06-06,0.2181193473272138
2015-06-07,0.1151849844199963
2015-06-08,0.0598529461393088
2015-06-09,0.0318495418803995
2015-06-10,0.0186692877069834
2015-06-11,0.0113392686397588
2015-06-12,0.0062242676835853
2015-06-13,0.0041997812050035
2015-06-14,0.0033836941482181
2015-06-15,0.0021489296481281
2015-06-16,0.0013179023803095
2015-06-17,0.0004745714092872
2015-06-18,0.0002636507829373
2015-06-19,0.0001054603131749
2015-06-20,8.7883594312455e-05
2015-06-21,0.0
2015-06-22,0.0
2015-06-23,0.0
2015-06-24,0.0
2015-06-25,3.954761744060475e-05
2015-06-26,0.0001054603131749
2015-06-27,0.0001054603131749
2015-06-28,0.0001054603131749
2015-06-29,0.0001054603131749
2015-06-30,0.0001054603131749
2015-07-01,8.348941459683225e-05
2015-07-02,5.2730156587472994e-05
2015-07-03,0.0018719205588552
2015-07-04,0.0013841666104211
2015-07-05,0.1504677867958063
2015-07-06,2.385544625179985
2015-07-07,14.683288090858982
2015-07-08,13.423350214014128
2015-07-09,10.933798167240372
2015-07-10,10.93122018988481
2015-07-11,12.898449452168824
2015-07-12,52.52428170980696
2015-07-13,97.12554312061285
2015-07-14,96.04728576791982
2015-07-15,94.83652438664282
2015-07-16,93.09237690672246
2015-07-17,89.8982024992688
2015-07-18,84.30209581280373
2015-07-19,78.36430860921752
2015-07-20,74.57450999623155
2015-07-21,71.49475914973678
2015-07-22,68.96662444738796
2015-07-23,67.30459205841657
2015-07-24,65.17565206111637
2015-07-25,60.10951403184619
2015-07-26,56.35948292105381
2015-07-27,54.05611613570914
2015-07-28,52.80262979352277
2015-07-29,51.120897593817496
2015-07-30,43.707453091252695
2015-07-31,37.86573619032352
2015-08-01,29.750376844852408
2015-08-02,24.108751729549137
2015-08-03,21.473614005410813
2015-08-04,17.412636149264305
2015-08-05,19.75848955521058
2015-08-06,74.39275916520427
2015-08-07,96.99724748582612
2015-08-08,95.18225176751484
2015-08-09,99.24888053877564
2015-08-10,98.71485113222192
2015-08-11,98.2037677806088
2015-08-12,98.37106053000136
2015-08-13,97.898301456196
2015-08-14,97.04241139224486
2015-08-15,94.83543656351245
2015-08-16,91.95465259263636
2015-08-17,90.22230928556966
2015-08-18,89.27579664720572
2015-08-19,88.14234083929536
2015-08-20,83.25670780321948
2015-08-21,75.55920454098046
2015-08-22,70.81886523296886
2015-08-23,68.04134589154742
2015-08-24,66.18546320981821
2015-08-25,65.5447983106664
2015-08-26,65.44100743424902
2015-08-27,63.66396793725252
2015-08-28,57.86804401351017
2015-08-29,54.18364384364876
2015-08-30,52.39975962079282
2015-08-31,51.68174309727096
2015-09-01,51.26285965482136
2015-09-02,50.630333303804434
2015-09-03,50.31650503115999
2015-09-04,47.9006115643561
2015-09-05,34.20082455903527
2015-09-06,21.750426059665223
2015-09-07,39.23972148634359
2015-09-08,49.65767230809035
2015-09-09,37.17422289810565
2015-09-10,52.495617596686
2015-09-11,52.87627114830813
2015-09-12,34.77537339981551
2015-09-13,22.375923656576223
2015-09-14,14.800498264826311
2015-09-15,11.956461061240102
2015-09-16,10.17006987097282
2015-09-17,9.021432523679357
2015-09-18,8.145251895473361
2015-09-19,7.635717580093591
2015-09-20,7.615683284399748
2015-09-21,7.422832755410817
2015-09-22,7.7518314941054705
2015-09-23,11.1379626543939
2015-09-24,32.88540313259314
2015-09-25,62.19000134286132
2015-09-26,37.76153208524568
2015-09-27,27.22841543770248
2015-09-28,14.00054944823164
2015-09-29,7.094693694035727
2015-09-30,4.75765272762554
2015-10-01,18.16645416413561
2015-10-02,24.350280805660542
2015-10-03,12.10155863312185
2015-10-04,7.02360623650108
2015-10-05,5.222470112547245
2015-10-06,5.014600628824694
2015-10-07,11.34879873672606
2015-10-08,13.816922654000177
2015-10-09,9.32667931487356
2015-10-10,6.518776329924855
2015-10-11,5.97020201274523
2015-10-12,4.479070346247299
2015-10-13,4.36444570762464
2015-10-14,53.69780821831127
2015-10-15,98.58510436352591
2015-10-16,94.46034744954778
2015-10-17,82.42654847377835
2015-10-18,62.205261625944914
2015-10-19,58.36131652436555
2015-10-20,67.04947037830723
2015-10-21,57.03900590296525
2015-10-22,36.93301705785412
2015-10-23,15.737562362198522
2015-10-24,8.441271612333512
2015-10-25,6.254138438456172
2015-10-26,4.502239625517458
2015-10-27,3.979558979031677
2015-10-28,3.886090030766289
2015-10-29,3.871295530732541
2015-10-30,3.8698001034917207
2015-10-31,3.8693652554670623
2015-11-01,3.872965319024477
2015-11-02,3.8851025707005937
2015-11-03,4.011622605347822
2015-11-04,7.6953035358733795
2015-11-05,4.533769798416127
2015-11-06,1.444336289034377
2015-11-07,0.4009358548191143
2015-11-08,0.1262170120140388
2015-11-09,0.0451568757311914
2015-11-10,0.0249392548596112
2015-11-11,0.0455469031227501
2015-11-12,3.64377966950144
2015-11-13,1.4948501971404786
2015-11-14,0.400929527200324
2015-11-15,0.0786853457973362
2015-11-16,0.0146670688219942
2015-11-17,0.0246956415361771
2015-11-18,0.0849676166531677
2015-11-19,0.12804727574919
2015-11-20,0.0190060576403887
2015-11-21,0.0026380897340712
2015-11-22,0.0005200951111411
2015-11-23,7.030687544996399e-05
2015-11-24,0.0
2015-11-25,0.0006679153167746
2015-11-26,0.0037640543444024
2015-11-27,0.0323010877879769
2015-11-28,0.0093676880849532
2015-11-29,0.001820948074154
2015-11-30,0.0001494021103311
2015-12-01,0.0
2015-12-02,0.0003515343772498
2015-12-03,0.0001757671886249
2015-12-04,7.470105516558675e-05
2015-12-05,1.7576718862490997e-05
2015-12-06,7.90952348812095e-05
2015-12-07,0.0
2015-12-08,0.0005844259021778
2015-12-09,0.0034494310767638
2015-12-10,0.0033000289664326
2015-12-11,0.0005976084413246
2015-12-12,0.0071502092332613
2015-12-13,0.0133721919433945
2015-12-14,0.0023816454058675
2015-12-15,0.0002284973452123
2015-12-16,0.000232891524928
2015-12-17,0.0012479470392368
2015-12-18,0.0002197089857811
2015-12-19,0.0
2015-12-20,2.6365078293736497e-05
2015-12-21,6.15185160187185e-05
2015-12-22,0.0
2015-12-23,0.0
2015-12-24,0.0
2015-12-25,0.0
2015-12-26,0.0
2015-12-27,0.0
2015-12-28,0.0
2015-12-29,0.0
2015-12-30,0.0
2015-12-31,0.0
2016-01-01,0.0
2016-01-02,0.0
2016-01-03,0.0
2016-01-04,0.001930626799856
2016-01-05,0.0183488641221202
2016-01-06,0.0169297198411627
2016-01-07,0.0029353120500359
2016-01-08,0.0004833597687185
2016-01-09,7.90952348812095e-05
2016-01-10,0.0
2016-01-11,0.0
2016-01-12,0.0
2016-01-13,0.0
2016-01-14,0.0
2016-01-15,0.0
2016-01-16,0.0
2016-01-17,0.0
2016-01-18,0.0
2016-01-19,0.0
2016-01-20,0.0
2016-01-21,0.0
2016-01-22,0.0
2016-01-23,0.0
2016-01-24,0.0423171810317674
2016-01-25,0.0219113135011699
2016-01-26,0.0051543728064254
2016-01-27,0.0010853623897588
2016-01-28,8.7883594312455e-05
2016-01-29,0.0
2016-01-30,0.0
2016-01-31,0.0
2016-02-01,0.0
2016-02-02,0.0170662909467242
2016-02-03,0.0022190607563894
2016-02-04,0.0003119867598092
2016-02-05,7.030687544996399e-05
2016-02-06,0.0
2016-02-07,0.0
2016-02-08,0.0
2016-02-09,0.0
2016-02-10,0.0
2016-02-11,0.0
2016-02-12,0.0
2016-02-13,0.0
2016-02-14,0.0
2016-02-15,0.0
2016-02-16,0.0
2016-02-17,0.0
2016-02-18,0.0
2016-02-19,0.0
2016-02-20,0.0
2016-02-21,0.0
2016-02-22,0.0
2016-02-23,0.0
2016-02-24,0.0
2016-02-25,0.0
2016-02-26,0.0
2016-02-27,0.0
2016-02-28,0.0
2016-02-29,0.0
2016-03-01,0.0
2016-03-02,0.0
2016-03-03,1.7576718862490997e-05
2016-03-04,0.0004042645338372
2016-03-05,0.0001054603131749
2016-03-06,6.15185160187185e-05
2016-03-07,2.197089857811375e-05
2016-03-08,0.005511180199334
2016-03-09,0.0014852327438804
2016-03-10,0.0002153148060655
2016-03-11,0.0
2016-03-12,0.0003866878149748
2016-03-13,0.000966719537437
2016-03-14,0.0002416798843592
2016-03-15,7.90952348812095e-05
2016-03-16,0.0
2016-03-17,0.0
2016-03-18,0.0
2016-03-19,0.0
2016-03-20,0.0
2016-03-21,0.0
2016-03-22,0.0
2016-03-23,0.0
2016-03-24,0.0
2016-03-25,0.0
2016-03-26,0.0
2016-03-27,0.0
2016-03-28,0.0
2016-03-29,0.0
2016-03-30,0.0
2016-03-31,0.0
2016-04-01,0.0001845555480561
2016-04-02,0.0029748596674766
2016-04-03,0.0031506268561015
2016-04-04,0.0062994960403167
2016-04-05,0.88369063287437
2016-04-06,3.455388354087922
2016-04-07,1.7247093865303271
2016-04-08,0.9290153662706984
2016-04-09,0.460363444361951
2016-04-10,0.1609635486973542
2016-04-11,0.0526811175418466
2016-04-12,0.0346194570059395
2016-04-13,0.0184664523713102
2016-04-14,0.028464617361861
2016-04-15,0.519165302713283
2016-04-16,0.6683239754882109
2016-04-17,0.5067440112603491
2016-04-18,0.606127525422966
2016-04-19,2.3416877235758635
2016-04-20,1.4652689308292834
2016-04-21,0.7720802257694382
2016-04-22,0.3890351857788876
2016-04-23,1.218334310598902
2016-04-24,4.995864198051656
2016-04-25,52.81448862997209
2016-04-26,53.56654616068214
2016-04-27,38.63475753970933
2016-04-28,21.81136067708333
2016-04-29,11.165290585346922
2016-04-30,4.663734166891648
2016-05-01,2.017616090712743
2016-05-02,1.5533738160322177
2016-05-03,1.0084366492868069
2016-05-04,0.3990300111928545
2016-05-05,0.2038876538314434
2016-05-06,0.1938833369892908
2016-05-07,0.1552145554918106
2016-05-08,0.5664663623785097
2016-05-09,0.3535644882784377
2016-05-10,0.2070300196296796
2016-05-11,3.5308364198051656
2016-05-12,14.555131839452844
2016-05-13,8.18674314648578
2016-05-14,9.608703920873827
2016-05-15,19.944455107653884
2016-05-16,12.258856908634808
2016-05-17,9.965896595459864
2016-05-18,8.929237887531496
2016-05-19,6.1072243126799854
2016-05-20,5.593452074615281
2016-05-21,11.994064342040131
2016-05-22,16.850739733790043
2016-05-23,10.503462789383098
2016-05-24,5.643628333952034
2016-05-25,3.000583722833423
2016-05-26,1.7964081623470118
2016-05-27,1.1782026187904966
2016-05-28,1.029380188647408
2016-05-29,39.50061747013363
2016-05-30,78.30027679816864
2016-05-31,73.74792629870859
2016-06-01,84.42311784979076
2016-06-02,87.98531289371851
2016-06-03,96.97787969931154
2016-06-04,98.62343075053997
2016-06-05,97.9543810323299
2016-06-06,97.46021615145789
2016-06-07,96.87167430902404
2016-06-08,95.15618883301836
2016-06-09,93.23966858041982
2016-06-10,91.7678575948299
2016-06-11,90.54563109560613
2016-06-12,89.6975313849892
2016-06-13,90.15240491698164
2016-06-14,89.60346289484342
2016-06-15,87.06235551937095
2016-06-16,82.4183689718885
2016-06-17,77.18220184963327
2016-06-18,73.56367922206849
2016-06-19,71.21695594430571
2016-06-20,69.30302808197219
2016-06-21,67.87295213648534
2016-06-22,66.88312343215667
2016-06-23,66.19813215723993
2016-06-24,65.84818267272992
2016-06-25,66.42619904860737
2016-06-26,66.00064383521193
2016-06-27,65.62857176504004
2016-06-28,64.46997316386563
2016-06-29,60.57352411807055
2016-06-30,57.54536586291846
2016-07-01,55.54022713339183
2016-07-02,54.17910940171662
2016-07-03,64.41286939232361
2016-07-04,76.68665983283839
2016-07-05,71.65414395754588
2016-07-06,67.0776071898623
2016-07-07,62.298323145867066
2016-07-08,58.77702525985421
2016-07-09,57.31672474014579
2016-07-10,58.08618146485781
2016-07-11,74.79700559502115
2016-07-12,82.6914479068237
2016-07-13,79.64539092731957
2016-07-14,86.45206125697445
2016-07-15,82.88240858700053
2016-07-16,78.59079043207792
2016-07-17,74.652538500045
2016-07-18,71.17839385349171
2016-07-19,66.6937502812275
2016-07-20,61.7672536587698
2016-07-21,57.29054843581263
2016-07-22,54.5189392661087
2016-07-23,52.7760921118498
2016-07-24,51.71747797285592
2016-07-25,71.89879202241946
2016-07-26,77.68837022335089
2016-07-27,70.22879896170805
2016-07-28,63.335359929018175
2016-07-29,58.43546742823074
2016-07-30,55.02813663578789
2016-07-31,53.873276602715535
2016-08-01,53.48974521491405
2016-08-02,52.0097886505017
2016-08-03,51.09593425885304
2016-08-04,50.58625054136293
2016-08-05,50.321060213620406
2016-08-06,50.19188433675305
2016-08-07,50.12914634797966
2016-08-08,50.117650822309216
2016-08-09,50.09019862395383
2016-08-10,50.07797331291621
2016-08-11,50.07228267441729
2016-08-12,50.07080464812815
2016-08-13,50.06958130849532
2016-08-14,50.06947725431966
2016-08-15,50.06947725431966
2016-08-16,50.06947725431966
2016-08-17,50.06947725431966
2016-08-18,50.071097827798766
2016-08-19,50.07169332703384
2016-08-20,50.07344502283567
2016-08-21,50.07275865196409
2016-08-22,50.07147818799496
2016-08-23,50.0699803000135
2016-08-24,50.06963192944565
2016-08-25,50.06947725431966
2016-08-26,50.06947725431966
2016-08-27,50.071229477423046
2016-08-28,50.57436604290407
2016-08-29,50.70303360106191
2016-08-30,46.28943477490551
2016-08-31,34.62495957354661
2016-09-01,29.120625154675125
2016-09-02,24.00934975983171
2016-09-03,19.910178396665767
2016-09-04,17.281736172043736
2016-09-05,15.520348567427105
2016-09-06,13.159187948557864
2016-09-07,10.833952033837294
2016-09-08,9.365375164518088
2016-09-09,8.452334047651187
2016-09-10,7.750246074064074
2016-09-11,6.549719440413516
2016-09-12,5.641442317427105
2016-09-13,5.102987796132558
2016-09-14,4.620964033814794
2016-09-15,4.328439095966073
2016-09-16,4.13630446673641
2016-09-17,4.013699470448614
2016-09-18,3.942255557055435
2016-09-19,3.9040384972327207
2016-09-20,3.885399617249369
2016-09-21,3.8761301830228576
2016-09-22,3.7210882309102766
2016-09-23,2.6793572334525733
2016-09-24,1.583332806031767
2016-09-25,0.869832268887239
2016-09-26,0.4375724160817134
2016-09-27,0.211118364437095
2016-09-28,0.0997259086460582
2016-09-29,0.0489599503914686
2016-09-30,0.0284259485803635
2016-10-01,0.0154015999032577
2016-10-02,0.007966647824424
2016-10-03,0.0038273305323074
2016-10-04,5.633534024309306
2016-10-05,4.984456907509899
2016-10-06,1.896068158297336
2016-10-07,0.669004370275378
2016-10-08,0.2200638597349711
2016-10-09,0.0577834632604391
2016-10-10,0.0141749206938444
2016-10-11,0.0038399857698884
2016-10-12,0.0082294197714182
2016-10-13,0.1316617522160727
2016-10-14,0.0712737707545896
2016-10-15,3.5900801568687
2016-10-16,49.0652920617913
2016-10-17,41.25690114712698
2016-10-18,40.60011347529698
2016-10-19,37.20118206949694
2016-10-20,20.75573756833828
2016-10-21,6.985722958569563
2016-10-22,1.6723935132064431
2016-10-23,0.543223612423506
2016-10-24,0.28484180249955
2016-10-25,0.0987846753509718
2016-10-26,0.0190863832455903
2016-10-27,0.0017346463845392
2016-10-28,7.470105516558675e-05
2016-10-29,0.0
2016-10-30,0.0275481672403707
2016-10-31,0.1110553343232541
2016-11-01,0.1027798635484161
2016-11-02,0.0533848893651007
2016-11-03,0.0150191305008099
2016-11-04,0.0020872353649208
2016-11-05,0.0002284973452123
2016-11-06,0.0
2016-11-07,6.591269573434125e-05
2016-11-08,7.030687544996399e-05
2016-11-09,0.0
2016-11-10,0.0
2016-11-11,0.0
2016-11-12,0.0
2016-11-13,0.0043402191887149
2016-11-14,0.0190482417656587
2016-11-15,0.0101375483711303
2016-11-16,0.0058574415609251
2016-11-17,0.0049170871017818
2016-11-18,0.0006020026210403
2016-11-19,0.0003647169163966
2016-11-20,0.0015291745410367
2016-11-21,0.0149474174878509
2016-11-22,0.0670446364290856
2016-11-23,1.4522751656429986
2016-11-24,8.36541717287617
2016-11-25,2.413744009854212
2016-11-26,0.6819687823411626
2016-11-27,0.1351672530260079
2016-11-28,0.0225932901930345
2016-11-29,0.0022610691144708
2016-11-30,3.954761744060475e-05
2016-12-01,0.0
2016-12-02,0.0
2016-12-03,0.0
2016-12-04,0.0
2016-12-05,0.0
2016-12-06,0.0
2016-12-07,1.3182539146868248e-05
2016-12-08,0.0095784329441144
2016-12-09,10.912888375179984
2016-12-10,9.480282436780056
2016-12-11,2.1892886069114468
2016-12-12,0.2541934535862131
2016-12-13,0.0225354627879769
2016-12-14,0.0015580003599712
2016-12-15,0.0
2016-12-16,0.0
2016-12-17,0.0
2016-12-18,0.0
2016-12-19,0.0
2016-12-20,0.0
2016-12-21,0.0
2016-12-22,0.0
2016-12-23,0.0
2016-12-24,0.0
2016-12-25,0.0139576724487041
2016-12-26,1.863736135484161
2016-12-27,1.967964496434035
2016-12-28,0.3673521938557414
2016-12-29,0.0420127522610691
2016-12-30,0.0035596371040316
2016-12-31,0.0
2017-01-01,0.0
2017-01-02,0.0
2017-01-03,0.0
2017-01-04,0.0
2017-01-05,0.0
2017-01-06,0.0
2017-01-07,0.0
2017-01-08,0.0
2017-01-09,0.0
2017-01-10,0.0
2017-01-11,0.0
2017-01-12,0.0
2017-01-13,0.0
2017-01-14,0.0
2017-01-15,0.0
2017-01-16,0.0
2017-01-17,0.0
2017-01-18,0.0
2017-01-19,0.0
2017-01-20,0.0
2017-01-21,0.0
2017-01-22,0.0
2017-01-23,0.0
2017-01-24,0.0
2017-01-25,0.0
2017-01-26,0.0
2017-01-27,0.0
2017-01-28,0.0
2017-01-29,0.0
2017-01-30,0.0
2017-01-31,0.0
2017-02-01,0.0
2017-02-02,0.0
2017-02-03,0.0071776289146868
2017-02-04,0.1412002860083693
2017-02-05,0.0606760638836393
2017-02-06,0.0105637838035457
2017-02-07,0.0012523412189524
2017-02-08,0.0001494021103311
2017-02-09,0.0
2017-02-10,0.0
2017-02-11,0.0
2017-02-12,0.0
2017-02-13,0.0
2017-02-14,0.0
2017-02-15,0.0
2017-02-16,0.0
2017-02-17,0.0
2017-02-18,8.788359431245498e-06
2017-02-19,0.0
2017-02-20,0.0
2017-02-21,0.0
2017-02-22,0.0
2017-02-23,0.0
2017-02-24,0.0
2017-02-25,0.0
2017-02-26,0.0
2017-02-27,0.0
2017-02-28,0.0
2017-03-01,0.0
2017-03-02,0.0
2017-03-03,0.0
2017-03-04,7.90952348812095e-05
2017-03-05,8.7883594312455e-05
2017-03-06,0.0
2017-03-07,0.0
2017-03-08,0.0
2017-03-09,7.90952348812095e-05
2017-03-10,8.348941459683225e-05
2017-03-11,0.0
2017-03-12,0.0
2017-03-13,0.0
2017-03-14,0.0
2017-03-15,0.0
2017-03-16,0.0
2017-03-17,0.0
2017-03-18,0.0
2017-03-19,0.0
2017-03-20,0.0016038755962023
2017-03-21,0.0008173174271058
2017-03-22,0.0002416798843592
2017-03-23,7.90952348812095e-05
2017-03-24,0.0
2017-03-25,8.788359431245498e-06
2017-03-26,0.0
2017-03-27,0.0
2017-03-28,0.0
2017-03-29,0.0459669867035637
2017-03-30,0.1089143141986141
2017-03-31,0.0498468716252699
2017-04-01,0.0202376583310835
2017-04-02,0.0094037203586213
2017-04-03,0.0032912406070014
2017-04-04,0.0019905634111771
2017-04-05,0.0025090766176205
2017-04-06,0.0007777698096652
2017-04-07,0.0003383518381029
2017-04-08,0.791402664349352
2017-04-09,1.951851390951224
2017-04-10,1.2002582371535278
2017-04-11,0.5243254758369329
2017-04-12,0.1853820053770698
2017-04-13,0.0591980375944924
2017-04-14,0.0186125149050575
2017-04-15,0.0053016657104931
2017-04-16,0.0023392855134089
2017-04-17,0.0486187862783477
2017-04-18,6.046604845831083
2017-04-19,6.735248562927465
2017-04-20,2.6272306613908385
2017-04-21,0.8645462464565334
2017-04-22,0.272605242361861
2017-04-23,0.0852316189704823
2017-04-24,0.0288725730066594
2017-04-25,0.0679356003082253
2017-04-26,0.048719852411807
2017-04-27,0.0209452970324873
2017-04-28,0.0078042389421346
2017-04-29,0.0025530184147768
2017-04-30,0.0009359602794276
2017-05-01,0.0002548624235061
2017-05-02,9.227777402807774e-05
2017-05-03,0.0
2017-05-04,0.0
2017-05-05,0.0
2017-05-06,4.394179715622749e-06
2017-05-07,7.390150428590713
2017-05-08,28.45334470898578
2017-05-09,21.83433327286942
2017-05-10,16.568375545581354
2017-05-11,69.54684986529202
2017-05-12,99.56338217551972
2017-05-13,98.94348698197894
2017-05-14,97.60508434715848
2017-05-15,96.56220471112312
2017-05-16,94.0593525369533
2017-05-17,91.7828429780305
2017-05-18,93.81039712135532
2017-05-19,96.91059391029968
2017-05-20,95.0122935087068
2017-05-21,93.15720652504052
2017-05-22,91.37472685778889
2017-05-23,90.37855612176028
2017-05-24,90.2301750430278
2017-05-25,91.90655108919412
2017-05-26,91.58830719323704
2017-05-27,90.61201836274972
2017-05-28,89.71625480899027
2017-05-29,89.1125456643156
2017-05-30,88.80695331482858
2017-05-31,87.98227950357722
2017-06-01,83.3506785668084
2017-06-02,77.50507721101062
2017-06-03,73.55385910924001
2017-06-04,71.24589530884406
2017-06-05,69.92795724779518
2017-06-06,68.7696454986726
2017-06-07,68.51813530698794
2017-06-08,72.88366163128825
2017-06-09,70.68469563450549
2017-06-10,68.28970369870412
2017-06-11,66.85823796205679
2017-06-12,66.071610540688
2017-06-13,65.62656766755534
2017-06-14,65.37881994831038
2017-06-15,65.23704754010303
2017-06-16,65.43090873042657
2017-06-17,85.35903471472282
2017-06-18,87.61086708766423
2017-06-19,83.53803355887779
2017-06-20,79.68898136586573
2017-06-21,76.05787169838912
2017-06-22,72.5844216837653
2017-06-23,71.73995965088417
2017-06-24,69.51186358216343
2017-06-25,67.71646871765884
2017-06-26,69.94388070048146
2017-06-27,93.64790650732316
2017-06-28,90.42513108716928
2017-06-29,85.92420760636024
2017-06-30,81.14612053691954
2017-07-01,76.43515790221156
2017-07-02,72.70359570453112
2017-07-03,69.80902508268089
2017-07-04,71.29358938394303
2017-07-05,74.96491845105517
2017-07-06,72.01460660490912
2017-07-07,69.48425706021642
2017-07-08,67.53755687826224
2017-07-09,66.35241268589137
2017-07-10,65.70914889308855
2017-07-11,65.37904879718997
2017-07-12,65.21356697714184
2017-07-13,65.12712941949019
2017-07-14,65.08632225437589
2017-07-15,73.54889667420356
2017-07-16,86.71132260591027
2017-07-17,82.98449504898981
2017-07-18,78.47824037358261
2017-07-19,73.95187722872794
2017-07-20,70.55366629263408
2017-07-21,68.27029970414867
2017-07-22,66.88676093412526
2017-07-23,66.0232736849802
2017-07-24,65.50262701640118
2017-07-25,65.23217509786717
2017-07-26,65.12912279517637
2017-07-27,65.08263659219762
2017-07-28,65.06373037032039
2017-07-29,65.0564660881817
2017-07-30,64.76244835959999
2017-07-31,62.28882785080318
2017-08-01,59.3240624929693
2017-08-02,58.30268973013408
2017-08-03,56.05835400355472
2017-08-04,54.33978117688085
2017-08-05,53.136256130759534
2017-08-06,52.38089980145338
2017-08-07,51.95661222102231
2017-08-08,51.70494401463508
2017-08-09,51.50565372738932
2017-08-10,52.95050202624415
2017-08-11,68.79354614521463
2017-08-12,91.4967998067967
2017-08-13,88.4115235429603
2017-08-14,80.61698114932055
2017-08-15,73.00474958097102
2017-08-16,65.90347270265252
2017-08-17,59.22467124505039
2017-08-18,55.26341314569835
2017-08-19,54.89887182072309
2017-08-20,53.87395893094176
2017-08-21,52.4673500143426
2017-08-22,51.71441927223948
2017-08-23,51.43677812415631
2017-08-24,51.332664539180605
2017-08-25,51.382007486276095
2017-08-26,51.91988478812319
2017-08-27,51.4959916292634
2017-08-28,51.34703473722102
2017-08-29,51.33060911767684
2017-08-30,51.28571624426296
2017-08-31,51.26753541357316
2017-09-01,51.26331436453832
2017-09-02,51.26222038955633
2017-09-03,51.2944719109971
2017-09-04,51.5224500399343
2017-09-05,51.37103750449964
2017-09-06,51.308968134111765
2017-09-07,51.26849281744961
2017-09-08,51.0818626892661
2017-09-09,51.854031325931416
2017-09-10,60.761975370095385
2017-09-11,59.24308848260888
2017-09-12,54.928896723418376
2017-09-13,54.63697484279383
2017-09-14,53.18003288252564
2017-09-15,51.16157978846067
2017-09-16,50.44158834480741
2017-09-17,50.18313200959548
2017-09-18,50.10324898617486
2017-09-19,50.079325314131125
2017-09-20,50.11263372367709
2017-09-21,50.19459220606102
2017-09-22,50.092407138678894
2017-09-23,50.07390764207612
2017-09-24,50.07014903651458
2017-09-25,46.16636522593817
2017-09-26,31.69014775692944
2017-09-27,22.81109614746445
2017-09-28,18.070356266029968
2017-09-29,14.830930244330451
2017-09-30,12.40765209486366
2017-10-01,29.545875060463903
2017-10-02,20.350955927432054
2017-10-03,13.227627649163066
2017-10-04,9.265870898296884
2017-10-05,10.798227001214904
2017-10-06,9.133761115517007
2017-10-07,6.091382767503599
2017-10-08,4.967522441954643
2017-10-09,4.470636509235511
2017-10-10,4.195516389938804
2017-10-11,5.509276640681245
2017-10-12,8.915138019427195
2017-10-13,5.577646737479752
2017-10-14,4.206590953192494
2017-10-15,3.915421883436825
2017-10-16,3.876521265017548
2017-10-17,3.870713038269438
2017-10-18,3.869330102029337
2017-10-19,3.8692334300755937
2017-10-20,3.792207853840442
2017-10-21,2.937337766884899
2017-10-22,1.5056173435812632
2017-10-23,0.712828227648038
2017-10-24,0.3368534228199243
2017-10-25,0.1558967079508639
2017-10-26,0.066532275074244
2017-10-27,0.0310976098474622
2017-10-28,0.0131429915294276
2017-10-29,0.0084960585965622
2017-10-30,0.0078316586235601
2017-10-31,0.0027287856034017
2017-11-01,0.0016126639556335
2017-11-02,3.516292915316775
2017-11-03,6.083258983812544
2017-11-04,5.7754776297583685
2017-11-05,7.049217449322804
2017-11-06,1.5540041171706265
2017-11-07,0.3640894275332972
2017-11-08,0.0801667116630669
2017-11-09,0.0267283890726241
2017-11-10,0.0162605741540676
2017-11-11,0.0009579311780057
2017-11-12,7.030687544996399e-05
2017-11-13,0.0
2017-11-14,0.0
2017-11-15,0.0
2017-11-16,4.833597687185025e-05
2017-11-17,8.348941459683225e-05
2017-11-18,0.0016082697759179
2017-11-19,0.0007557989110871
2017-11-20,0.0040672527447804
2017-11-21,0.0087709584795716
2017-11-22,0.0015028094627429
2017-11-23,0.000162584649478
2017-11-24,1.3182539146868248e-05
2017-11-25,6.591269573434125e-05
2017-11-26,0.0
2017-11-27,0.0
2017-11-28,8.7883594312455e-05
2017-11-29,0.0001142486726061
2017-11-30,6.591269573434125e-05
2017-12-01,0.0
2017-12-02,0.0003691110961123
2017-12-03,0.0006195793399028
2017-12-04,0.0001757671886249
2017-12-05,7.90952348812095e-05
2017-12-06,0.0
2017-12-07,0.0
2017-12-08,0.0
2017-12-09,0.0
2017-12-10,0.0
2017-12-11,0.0
2017-12-12,0.0
2017-12-13,3.075925800935925e-05
2017-12-14,0.0
2017-12-15,0.0
2017-12-16,0.0
2017-12-17,0.0
2017-12-18,0.0
2017-12-19,0.0
2017-12-20,0.0
2017-12-21,0.0
2017-12-22,0.0
2017-12-23,0.0
2017-12-24,0.0
2017-12-25,0.0
2017-12-26,0.0
2017-12-27,0.0
2017-12-28,0.0
2017-12-29,0.0
2017-12-30,0.0
2017-12-31,0.0
2018-01-01,0.0003119867598092
2018-01-02,0.0010721798506119
2018-01-03,0.0003075925800935
2018-01-04,7.030687544996399e-05
2018-01-05,0.0
2018-01-06,0.0
2018-01-07,0.0
2018-01-08,0.0
2018-01-09,0.0
2018-01-10,0.0
2018-01-11,0.0
2018-01-12,0.0
2018-01-13,0.0016483446949244
2018-01-14,0.0140098753037257
2018-01-15,0.0033747300215982
2018-01-16,0.000628367699334
2018-01-17,7.90952348812095e-05
2018-01-18,0.0
2018-01-19,3.5153437724981994e-05
2018-01-20,0.0021431293309035
2018-01-21,0.0135920766963642
2018-01-22,0.0024739231798956
2018-01-23,0.000395476174406
2018-01-24,7.470105516558675e-05
2018-01-25,0.0
2018-01-26,0.0
2018-01-27,0.0
2018-01-28,0.0
2018-01-29,0.0
2018-01-30,0.0
2018-01-31,0.0
2018-02-01,0.0
2018-02-02,0.0
2018-02-03,0.0
2018-02-04,0.0
2018-02-05,0.0
2018-02-06,0.0
2018-02-07,0.0
2018-02-08,0.0
2018-02-09,0.0
2018-02-10,0.0
2018-02-11,0.0
2018-02-12,0.0
2018-02-13,0.0
2018-02-14,0.0
2018-02-15,0.0
2018-02-16,0.0
2018-02-17,0.0
2018-02-18,0.0
2018-02-19,0.0
2018-02-20,0.0
2018-02-21,0.0
2018-02-22,0.0
2018-02-23,0.0
2018-02-24,0.0
2018-02-25,0.0
2018-02-26,0.0
2018-02-27,0.0
2018-02-28,1.7576718862490997e-05
2018-03-01,0.0001494021103311
2018-03-02,7.90952348812095e-05
2018-03-03,0.0
2018-03-04,0.0
2018-03-05,0.0
2018-03-06,0.0
2018-03-07,0.0
2018-03-08,0.0004701772295716
2018-03-09,0.0002548624235061
2018-03-10,8.7883594312455e-05
2018-03-11,0.0
2018-03-12,0.0
2018-03-13,0.0
2018-03-14,0.0
2018-03-15,0.0
2018-03-16,0.0
2018-03-17,0.0
2018-03-18,0.0
2018-03-19,0.0
2018-03-20,0.0
2018-03-21,0.0
2018-03-22,0.0
2018-03-23,0.0
2018-03-24,0.0
2018-03-25,0.0
2018-03-26,0.0
2018-03-27,0.0
2018-03-28,0.0
2018-03-29,0.0
2018-03-30,0.0
2018-03-31,0.0
2018-04-01,0.0
2018-04-02,0.0
2018-04-03,0.0
2018-04-04,0.0
2018-04-05,0.0
2018-04-06,0.0012040052420806
2018-04-07,0.0027156030642548
2018-04-08,0.0013578015321274
2018-04-09,0.0006151851601871
2018-04-10,0.0007821639893808
2018-04-11,0.06519960825009
2018-04-12,0.047404938073704
2018-04-13,0.0137544855786537
2018-04-14,0.003528526311645
2018-04-15,0.0009008068417026
2018-04-16,0.0001757671886249
2018-04-17,6.591269573434125e-05
2018-04-18,0.0
2018-04-19,0.0
2018-04-20,0.0
2018-04-21,0.0
2018-04-22,0.0
2018-04-23,0.0
2018-04-24,0.0
2018-04-25,0.0
2018-04-26,0.0
2018-04-27,0.0
2018-04-28,0.0
2018-04-29,0.0
2018-04-30,0.0
2018-05-01,0.0
2018-05-02,0.0
2018-05-03,0.0
2018-05-04,0.0
2018-05-05,0.0
2018-05-06,0.0
2018-05-07,0.0160294403010259
2018-05-08,0.0256660521845752
2018-05-09,0.7222303661019619
2018-05-10,11.442282449435291
2018-05-11,8.135437582962114
2018-05-12,4.94036430210583
2018-05-13,2.953268777560295
2018-05-14,2.2736638881389486
2018-05-15,1.3726130815784736
2018-05-16,0.8249768338845391
2018-05-17,0.3996065275715442
2018-05-18,0.2219744490753239
2018-05-19,0.1163211435272678
2018-05-20,0.0529734183765298
2018-05-21,0.024806726399388
2018-05-22,0.0103488205318574
2018-05-23,0.0041595305188084
2018-05-24,0.0021942775827933
2018-05-25,0.0012138482046436
2018-05-26,0.0001845555480561
2018-05-27,0.0001054603131749
2018-05-28,0.0005888200818934
2018-05-29,1.5329122303028255
2018-05-30,27.34419926093412
2018-05-31,69.15976481647093
2018-06-01,62.56212456128508
2018-06-02,54.79287190227906
2018-06-03,47.00491691133459
2018-06-04,40.75534156486231
2018-06-05,32.43012498453248
2018-06-06,23.949363230629046
2018-06-07,16.225503326921345
2018-06-08,10.459128152560291
2018-06-09,7.11906891198704
2018-06-10,66.73382977018088
2018-06-11,99.08249949379048
2018-06-12,100.0
2018-06-13,99.95419278567088
2018-06-14,99.51505235049945
2018-06-15,98.62174496743386
2018-06-16,97.71150698569112
2018-06-17,96.97101159641603
2018-06-18,96.02465240280776
2018-06-19,93.45978956449107
2018-06-20,91.39371709638228
2018-06-21,89.93939547336214
2018-06-22,87.96634198951583
2018-06-23,85.7329054105359
2018-06-24,85.93547709542612
2018-06-25,86.72382738677781
2018-06-26,84.23970707343413
2018-06-27,79.23029790429266
2018-06-28,74.58495584025154
2018-06-29,71.49331803455725
2018-06-30,69.29535408651682
2018-07-01,68.4083915474262
2018-07-02,68.62034445447489
2018-07-03,67.96270466331443
2018-07-04,69.92496604177916
2018-07-05,79.3454635543219
2018-07-06,76.5676745860331
2018-07-07,73.70250788140073
2018-07-08,71.16586622288966
2018-07-09,69.02716341286447
2018-07-10,67.54664122963914
2018-07-11,66.53713661891423
2018-07-12,65.8843840344335
2018-07-13,65.48893668584638
2018-07-14,65.25834700802062
2018-07-15,65.14925534472867
2018-07-16,65.09796612755355
2018-07-17,64.97747824705274
2018-07-18,70.25578977119329
2018-07-19,76.13252793292163
2018-07-20,77.09199689806064
2018-07-21,73.9055731205566
2018-07-22,70.47719192230245
2018-07-23,67.89734194311329
2018-07-24,64.18737801757109
2018-07-25,60.66515137773352
2018-07-26,57.88634243244915
2018-07-27,61.68081680418691
2018-07-28,68.84594199260933
2018-07-29,64.23952181481731
2018-07-30,59.91044644162841
2018-07-31,56.97368009387374
2018-08-01,54.65800204733621
2018-08-02,53.320334470898565
2018-08-03,52.52708660260304
2018-08-04,52.00055120590352
2018-08-05,51.62504622677061
2018-08-06,51.4222087818912
2018-08-07,54.36145133779922
2018-08-08,54.95380873436375
2018-08-09,52.70539714244734
2018-08-10,51.76069806993565
2018-08-11,51.31588422144976
2018-08-12,50.78723030282577
2018-08-13,50.49090141148082
2018-08-14,50.3224633630872
2018-08-15,50.21601734751844
2018-08-16,50.14744476691865
2018-08-17,50.11005592208874
2018-08-18,50.10714996315919
2018-08-19,50.117865785580896
2018-08-20,50.09847585240056
2018-08-21,50.08781188129949
2018-08-22,49.494777077990015
2018-08-23,44.90462327466927
2018-08-24,39.37546015849982
2018-08-25,29.52562931684215
2018-08-26,21.98395263144573
2018-08-27,17.694678507750627
2018-08-28,15.099510945374368
2018-08-29,11.811670027335312
2018-08-30,9.1351039768381
2018-08-31,9.13463502997885
2018-09-01,13.707290155068844
2018-09-02,8.713980030035097
2018-09-03,5.664804237535997
2018-09-04,4.550534297099982
2018-09-05,4.132485924563534
2018-09-06,3.974374550035997
2018-09-07,3.90963597912167
2018-09-08,3.7233144981214
2018-09-09,2.5914833063354927
2018-09-10,1.413851930908027
2018-09-11,0.711683455948524
2018-09-12,0.3790016915834233
2018-09-13,0.4902690011361591
2018-09-14,2.477061327281317
2018-09-15,1.4661818656070014
2018-09-16,0.9671030614425846
2018-09-17,0.5501755562679984
2018-09-18,18.435273908556063
2018-09-19,35.0658483649433
2018-09-20,18.405703891344945
2018-09-21,7.715572656531227
2018-09-22,2.9521400006749463
2018-09-23,1.1201052353311736
2018-09-24,0.3340824530912527
2018-09-25,0.0850836229976601
2018-09-26,0.0235953389353851
2018-09-27,1.134353802477052
2018-09-28,1.1112349683900289
2018-09-29,0.5026667397858171
2018-09-30,0.8684103123312636
2018-10-01,0.4866140982158926
2018-10-02,0.1205479928793196
2018-10-03,0.0238032715195284
2018-10-04,0.0039308574064074
2018-10-05,0.0007192393358531
2018-10-06,0.0
2018-10-07,2.6365078293736497e-05
2018-10-08,12.345101825447715
2018-10-09,29.272173909680976
2018-10-10,28.461224352051836
2018-10-11,39.53012684766469
2018-10-12,47.40746173899838
2018-10-13,30.396226700301472
2018-10-14,28.238300584390743
2018-10-15,11.291337278955185
2018-10-16,3.931836781182505
2018-10-17,2.426773455779788
2018-10-18,2.455204501608621
2018-10-19,0.5621976804355652
2018-10-20,0.1036662574806515
2018-10-21,0.0180532237108531
2018-10-22,0.0024109985263678
2018-10-23,0.0001098544928905
2018-10-24,0.0007953465285277
2018-10-25,0.0044061318844492
2018-10-26,0.0207445709030777
2018-10-27,0.003304071611771
2018-10-28,0.0015467512598992
2018-10-29,0.0065696502092332
2018-10-30,2.2523797119667925
2018-10-31,1.6599808343457525
2018-11-01,0.4978897391333693
2018-11-02,0.120272741461933
2018-11-03,0.0549261918421526
2018-11-04,0.0084489529900107
2018-11-05,0.0011368621760259
2018-11-06,6.591269573434125e-05
2018-11-07,2.6365078293736497e-05
2018-11-08,5.2730156587472994e-05
2018-11-09,0.0
2018-11-10,0.0
2018-11-11,0.0004218412526997
2018-11-12,6.853602102456803
2018-11-13,29.007463953664956
2018-11-14,16.337318502801025
2018-11-15,4.46173372536447
2018-11-16,0.8610034830026095
2018-11-17,0.1580895793961483
2018-11-18,0.0209359813714902
2018-11-19,0.0018395793961483
2018-11-20,0.0
2018-11-21,0.0
2018-11-22,0.0
2018-11-23,0.0
2018-11-24,0.0
2018-11-25,0.0
2018-11-26,0.0
2018-11-27,0.0
2018-11-28,0.0
2018-11-29,5.712433630309575e-05
2018-11-30,0.0002636507829373
2018-12-01,0.0002460740640748
2018-12-02,9.227777402807774e-05
2018-12-03,3.5153437724981994e-05
2018-12-04,3.242363442955813
2018-12-05,3.131917141941144
2018-12-06,1.0793022886294097
2018-12-07,0.2718810815447264
2018-12-08,0.0334729276345392
2018-12-09,0.0041987266018718
2018-12-10,7.470105516558675e-05
2018-12-11,0.0
2018-12-12,0.0
2018-12-13,0.0
2018-12-14,0.0
2018-12-15,0.0
2018-12-16,0.0
2018-12-17,0.0
2018-12-18,0.0015159920018898
2018-12-19,0.0031769919343952
2018-12-20,0.0008700475836933
2018-12-21,8.348941459683225e-05
2018-12-22,0.0
2018-12-23,0.0
2018-12-24,0.0
2018-12-25,0.0
2018-12-26,0.0
2018-12-27,0.0
2018-12-28,0.0
2018-12-29,0.0
2018-12-30,0.0
2018-12-31,0.0
2019-01-01,0.0
2019-01-02,0.0
2019-01-03,0.0
2019-01-04,0.0
2019-01-05,0.0
2019-01-06,0.0001362195711843
2019-01-07,0.0010018729751619
2019-01-08,0.0004130528932685
2019-01-09,8.7883594312455e-05
2019-01-10,0.0
2019-01-11,0.0
2019-01-12,0.0
2019-01-13,0.0
2019-01-14,0.0009535369982901
2019-01-15,0.0007777698096652
2019-01-16,8.7883594312455e-05
2019-01-17,0.0
2019-01-18,0.0
2019-01-19,0.0
2019-01-20,0.0
2019-01-21,0.0
2019-01-22,0.0
2019-01-23,0.0
2019-01-24,0.0
2019-01-25,0.0
2019-01-26,0.0
2019-01-27,0.0
2019-01-28,0.0
2019-01-29,0.0
2019-01-30,0.0
2019-01-31,0.0
2019-02-01,0.0
2019-02-02,0.0
2019-02-03,0.0
2019-02-04,0.0
2019-02-05,0.0
2019-02-06,0.0
2019-02-07,0.0
2019-02-08,0.0
2019-02-09,0.0
2019-02-10,0.0
2019-02-11,0.0533405960335673
2019-02-12,0.2096536964542836
2019-02-13,0.0605168188107451
2019-02-14,0.0142598162459503
2019-02-15,0.001933439074874
2019-02-16,0.0001581904697624
2019-02-17,0.0
2019-02-18,0.0
2019-02-19,0.0
2019-02-20,0.0
2019-02-21,0.0
2019-02-22,0.0
2019-02-23,0.0
2019-02-24,0.0
2019-02-25,0.0
2019-02-26,0.0
2019-02-27,0.0
2019-02-28,0.0
2019-03-01,0.0
2019-03-02,0.0
2019-03-03,0.0
2019-03-04,7.030687544996399e-05
2019-03-05,7.90952348812095e-05
2019-03-06,0.0
2019-03-07,0.0
2019-03-08,0.0
2019-03-09,0.0006415502384809
2019-03-10,0.0009359602794276
2019-03-11,0.0012303703203743
2019-03-12,0.0005976084413246
2019-03-13,9.66719537437005e-05
2019-03-14,0.0
2019-03-15,0.0
2019-03-16,0.0
2019-03-17,0.0
2019-03-18,0.0
2019-03-19,0.0
2019-03-20,0.0
2019-03-21,0.0
2019-03-22,0.0
2019-03-23,0.0
2019-03-24,0.0
2019-03-25,0.0
2019-03-26,0.0
2019-03-27,0.0
2019-03-28,0.0
2019-03-29,0.0
2019-03-30,0.0
2019-03-31,0.0378265051295896
2019-04-01,0.023758450886429
2019-04-02,0.0086078465285277
2019-04-03,0.0022542141941144
2019-04-04,0.0005844259021778
2019-04-05,0.0001713730089092
2019-04-06,7.030687544996399e-05
2019-04-07,0.0
2019-04-08,0.0
2019-04-09,0.0
2019-04-10,0.0
2019-04-11,0.0
2019-04-12,0.0
2019-04-13,0.0
2019-04-14,0.0003735052758279
2019-04-15,0.000360322736681
2019-04-16,0.0001713730089092
2019-04-17,0.0001054603131749
2019-04-18,6.591269573434125e-05
2019-04-19,0.0
2019-04-20,0.0
2019-04-21,0.0
2019-04-22,0.0058878492845572
2019-04-23,0.0062887742418106
2019-04-24,3.047620780181335
2019-04-25,5.142173860466162
2019-04-26,3.148237125404968
2019-04-27,1.7324069347889666
2019-04-28,0.8477272599442044
2019-04-29,0.376040717523848
2019-04-30,0.1627400276727861
2019-05-01,0.0648371763071454
2019-05-02,0.0234773991518178
2019-05-03,0.0080641986141108
2019-05-04,0.0031993143673506
2019-05-05,0.001132116461933
2019-05-06,0.0001054603131749
2019-05-07,0.2080904230786537
2019-05-08,0.2013870140388769
2019-05-09,0.153245787212023
2019-05-10,0.0959344346202303
2019-05-11,0.0500648229391648
2019-05-12,0.0219315267278617
2019-05-13,0.0079263971382289
2019-05-14,0.0023449100634449
2019-05-15,0.0004780867530597
2019-05-16,0.0001054603131749
2019-05-17,7.90952348812095e-05
2019-05-18,0.1244909782217422
2019-05-19,0.1384644697174226
2019-05-20,2.2374013594537434
2019-05-21,18.546628925935924
2019-05-22,19.852693210324425
2019-05-23,16.155355169242707
2019-05-24,12.091049161379589
2019-05-25,9.591477681785458
2019-05-26,8.13460585262554
2019-05-27,12.477499514882558
2019-05-28,37.66959231152133
2019-05-29,40.1265126524253
2019-05-30,75.66844402447805
2019-05-31,77.4692351174406
2019-06-01,75.6674927724532
2019-06-02,70.5620008211843
2019-06-03,64.90941380939525
2019-06-04,59.55803516187454
2019-06-05,55.76301784529112
2019-06-06,53.46868637227772
2019-06-07,51.08691072292341
2019-06-08,44.37641018015433
2019-06-09,36.5835207011564
2019-06-10,28.6447706449109
2019-06-11,22.113661082894616
2019-06-12,19.031698382098178
2019-06-13,28.21639595004274
2019-06-14,36.51557842169501
2019-06-15,38.20239486309845
2019-06-16,46.56282429046301
2019-06-17,47.6327288348182
2019-06-18,73.99008391828654
2019-06-19,66.81542142644213
2019-06-20,53.89798243874864
2019-06-21,41.01616021108936
2019-06-22,30.225163920480107
2019-06-23,21.007644818102047
2019-06-24,19.80714156148758
2019-06-25,66.85492088367305
2019-06-26,59.57920491360691
2019-06-27,51.696829546605024
2019-06-28,44.431221771789495
2019-06-29,68.25152108925036
2019-06-30,75.44491561768808
2019-07-01,71.73359547251843
2019-07-02,67.30151455071095
2019-07-03,63.05362656924946
2019-07-04,59.07501321769258
2019-07-05,55.80103962776728
2019-07-06,52.626690353053
2019-07-07,44.99924771643268
2019-07-08,33.5440766105899
2019-07-09,24.893428662425755
2019-07-10,18.70608509522363
2019-07-11,14.552525212045534
2019-07-12,12.277326173281136
2019-07-13,10.503922069046974
2019-07-14,9.095168265445013
2019-07-15,7.730854910513409
2019-07-16,6.383178974588282
2019-07-17,5.412711553388228
2019-07-18,4.779616595516108
2019-07-19,4.380018856303996
2019-07-20,4.144780663640658
2019-07-21,4.45613641924271
2019-07-22,9.4490781362491
2019-07-23,19.32481495230381
2019-07-24,20.06465156615596
2019-07-25,15.06288844548686
2019-07-26,11.96074292572219
2019-07-27,9.067361368902986
2019-07-28,6.809808828574963
2019-07-29,5.916429556729212
2019-07-30,4.926281834953203
2019-07-31,4.306985480224081
2019-08-01,4.161730772475702
2019-08-02,4.06152976511879
2019-08-03,3.961412598710853
2019-08-04,3.90622433799046
2019-08-05,3.8826915721742257
2019-08-06,3.8743811237288512
2019-08-07,3.8715243796121306
2019-08-08,3.955254771024568
2019-08-09,4.241991695351871
2019-08-10,4.049350153550215
2019-08-11,3.9809575585515655
2019-08-12,3.9399879845549854
2019-08-13,3.898480387194024
2019-08-14,3.877719821476781
2019-08-15,3.871964500652448
2019-08-16,3.746441944800665
2019-08-17,3.0116521342355105
2019-08-18,2.29389803112626
2019-08-19,1.878551376046166
2019-08-20,1.2638276047291217
2019-08-21,0.6520083862041036
2019-08-22,0.3496888217692584
2019-08-23,0.1743215034984701
2019-08-24,0.0840782346787256
2019-08-25,0.04759336049991
2019-08-26,0.0297793559327753
2019-08-27,0.0129452534422246
2019-08-28,0.0053125632761879
2019-08-29,0.0022805792724082
2019-08-30,0.0011864285232181
2019-08-31,0.0006503385979121
2019-09-01,0.0003471401975341
2019-09-02,0.0001054603131749
2019-09-03,0.0001054603131749
2019-09-04,7.90952348812095e-05
2019-09-05,0.5221213552915767
2019-09-06,3.0651843165046797
2019-09-07,10.144743752531046
2019-09-08,10.287910170311374
2019-09-09,53.92485267194248
2019-09-10,69.836719312455
2019-09-11,67.93775169861411
2019-09-12,60.79414146868251
2019-09-13,46.12661864004005
2019-09-14,28.039026643493514
2019-09-15,16.116717850071993
2019-09-16,9.19295159512239
2019-09-17,4.400242804794366
2019-09-18,1.7233493000247475
2019-09-19,1.0516595586415587
2019-09-20,3.615955899309305
2019-09-21,1.3281703479346652
2019-09-22,0.342081793612761
2019-09-23,0.075381801487131
2019-09-24,0.0158222107856371
2019-09-25,0.0029423427375809
2019-09-26,8.348941459683225e-05
2019-09-27,0.0
2019-09-28,0.0
2019-09-29,0.0
2019-09-30,0.0007988618723002
2019-10-01,9.701089088654156
2019-10-02,25.32404895889579
2019-10-03,17.91178051459008
2019-10-04,11.613577241945643
2019-10-05,6.429783996186554
2019-10-06,2.82564527650288
2019-10-07,0.8114801987715982
2019-10-08,0.1847615472012239
2019-10-09,0.0321993185857631
2019-10-10,0.005473214486591
2019-10-11,0.0010981933945284
2019-10-12,7.470105516558675e-05
2019-10-13,0.0025342113255939
2019-10-14,21.815872445048143
2019-10-15,32.21423436515704
2019-10-16,19.261794857192672
2019-10-17,13.505926342298864
2019-10-18,5.982463531823703
2019-10-19,1.8699444083535817
2019-10-20,0.7285479661627069
2019-10-21,0.2141958721427285
2019-10-22,0.0353262168714002
2019-10-23,0.0061254865235781
2019-10-24,0.0022373405440064
2019-10-25,8.348941459683225e-05
2019-10-26,0.0
2019-10-27,0.0
2019-10-28,0.0006459444181965
2019-10-29,0.0013578015321274
2019-10-30,0.0006107909804715
2019-10-31,0.0001757671886249
2019-11-01,7.030687544996399e-05
2019-11-02,0.0
2019-11-03,0.0004569946904247
2019-11-04,0.0004042645338372
2019-11-05,0.0001054603131749
2019-11-06,7.030687544996399e-05
2019-11-07,0.0
2019-11-08,0.0
2019-11-09,0.0
2019-11-10,0.0
2019-11-11,0.0
2019-11-12,0.0
2019-11-13,0.0
2019-11-14,0.0
2019-11-15,0.0
2019-11-16,0.0
2019-11-17,0.0
2019-11-18,0.0
2019-11-19,0.0
2019-11-20,0.0
2019-11-21,0.0
2019-11-22,0.0
2019-11-23,0.0
2019-11-24,0.0
2019-11-25,0.0005624550035997
2019-11-26,0.0004701772295716
2019-11-27,0.0001537962900467
2019-11-28,0.0
2019-11-29,0.0
2019-11-30,0.0
2019-12-01,0.0
2019-12-02,0.0
2019-12-03,0.0
2019-12-04,8.7883594312455e-05
2019-12-05,0.0
2019-12-06,0.0
2019-12-07,0.0
2019-12-08,0.0
2019-12-09,0.0
2019-12-10,0.0
2019-12-11,0.0
2019-12-12,0.0
2019-12-13,0.0
2019-12-14,0.0072039939929805
2019-12-15,0.0590864254297156
2019-12-16,0.0166463831330993
2019-12-17,0.0028474284557235
2019-12-18,0.0002944100409467
2019-12-19,0.0
2019-12-20,0.0
2019-12-21,0.0
2019-12-22,0.0
2019-12-23,0.0
2019-12-24,0.0
2019-12-25,0.0
2019-12-26,0.0
2019-12-27,0.0
2019-12-28,0.0
2019-12-29,0.0
2019-12-30,0.0
2019-12-31,0.0
2020-01-01,0.0
2020-01-02,0.0
2020-01-03,0.0
2020-01-04,0.0
2020-01-05,0.0015335687207523
2020-01-06,0.0099044810790136
2020-01-07,0.0062880711730561
2020-01-08,0.0016697882919366
2020-01-09,0.000558060823884
2020-01-10,7.90952348812095e-05
2020-01-11,0.0
2020-01-12,0.0
2020-01-13,0.0
2020-01-14,0.0
2020-01-15,0.0
2020-01-16,0.0
2020-01-17,0.0
2020-01-18,0.0
2020-01-19,0.0
2020-01-20,0.0
2020-01-21,0.0
2020-01-22,0.0
2020-01-23,0.0
2020-01-24,0.0
2020-01-25,0.0
2020-01-26,0.0
2020-01-27,0.0
2020-01-28,0.0
2020-01-29,0.0
2020-01-30,0.0
2020-01-31,0.0
2020-02-01,0.0
2020-02-02,0.0
2020-02-03,0.0
2020-02-04,0.0
2020-02-05,0.0
2020-02-06,0.0
2020-02-07,0.0
2020-02-08,0.0
2020-02-09,0.0
2020-02-10,0.0
2020-02-11,0.0
2020-02-12,0.0
2020-02-13,0.0
2020-02-14,0.0
2020-02-15,0.0
2020-02-16,0.0
2020-02-17,0.0
2020-02-18,0.0
2020-02-19,0.0
2020-02-20,0.0
2020-02-21,0.0
2020-02-22,0.0
2020-02-23,0.0
2020-02-24,0.0
2020-02-25,0.0
2020-02-26,0.0
2020-02-27,0.0
2020-02-28,0.0
2020-02-29,0.0
2020-03-01,0.0
2020-03-02,0.0
2020-03-03,0.0
2020-03-04,0.0
2020-03-05,0.0
2020-03-06,0.0
2020-03-07,0.0
2020-03-08,0.0
2020-03-09,0.0
2020-03-10,0.0
2020-03-11,0.0
2020-03-12,0.0
2020-03-13,0.0
2020-03-14,0.0
2020-03-15,0.0
2020-03-16,0.0
2020-03-17,0.0
2020-03-18,0.0
2020-03-19,0.0
2020-03-20,0.0
2020-03-21,0.0
2020-03-22,0.0
2020-03-23,0.0
2020-03-24,0.0
2020-03-25,0.0
2020-03-26,0.0
2020-03-27,0.0
2020-03-28,0.0
2020-03-29,0.0
2020-03-30,0.0
2020-03-31,0.0
2020-04-01,0.0
2020-04-02,0.0
2020-04-03,0.0
2020-04-04,0.0
2020-04-05,0.0
2020-04-06,0.0
2020-04-07,0.0
2020-04-08,0.0
2020-04-09,0.0
2020-04-10,0.0
2020-04-11,0.0
2020-04-12,0.5796369493565513
2020-04-13,5.697643348688354
2020-04-14,3.498242503880939
2020-04-15,1.7447654773555614
2020-04-16,0.7578789399973
2020-04-17,0.2709495154450144
2020-04-18,0.0802185629837112
2020-04-19,0.0210941718412527
2020-04-20,0.0050661376777357
2020-04-21,0.0010196254612131
2020-04-22,0.0
2020-04-23,1.3182539146868248e-05
2020-04-24,0.0016747097732181
2020-04-25,0.0392989068687005
2020-04-26,0.029195633099352
2020-04-27,0.0167588741338192
2020-04-28,0.0102171709075773
2020-04-29,0.0049873939772318
2020-04-30,0.0022498200143988
2020-05-01,0.0009139893808495
2020-05-02,0.0004130528932685
2020-05-03,0.0001054603131749
2020-05-04,0.000232891524928
2020-05-05,0.0001801613683405
2020-05-06,8.348941459683225e-05
2020-05-07,0.0
2020-05-08,0.0
2020-05-09,0.0
2020-05-10,0.0
2020-05-11,0.0
2020-05-12,0.0
2020-05-13,0.0
2020-05-14,0.0
2020-05-15,0.0
2020-05-16,0.0
2020-05-17,0.0
2020-05-18,0.0
2020-05-19,0.0
2020-05-20,0.0445858081353491
2020-05-21,1.9802796245050391
2020-05-22,13.1851898918399
2020-05-23,10.112549003892187
2020-05-24,6.475085528313984
2020-05-25,3.622352067303365
2020-05-26,1.822138018021058
2020-05-27,0.8908427755467062
2020-05-28,0.4515365919163967
2020-05-29,3.0781756209503235
2020-05-30,4.27355508824919
2020-05-31,7.299588318090802
2020-06-01,6.78751328799946
2020-06-02,4.739759627823523
2020-06-03,46.31694146108936
2020-06-04,92.81106995815335
2020-06-05,89.5589828985556
2020-06-06,83.63314276654742
2020-06-07,76.45470831083513
2020-06-08,70.04826356079012
2020-06-09,62.06761130984521
2020-06-10,50.64861432179176
2020-06-11,44.66413491608171
2020-06-12,55.54515160271553
2020-06-13,63.52842348783972
2020-06-14,58.236073789878056
2020-06-15,49.24933735769889
2020-06-16,40.78755793286537
2020-06-17,66.59836072489202
2020-06-18,96.78075380922652
2020-06-19,94.52834386530328
2020-06-20,90.47386640709368
2020-06-21,83.16747765647497
2020-06-22,76.55845419085223
2020-06-23,77.51335408792295
2020-06-24,97.78665114993925
2020-06-25,97.98651900816684
2020-06-26,96.14320983227591
2020-06-27,94.18228129640254
2020-06-28,92.25763690857856
2020-06-29,92.17230844188715
2020-06-30,98.03498751349892
2020-07-01,96.22961663066955
2020-07-02,94.09557604532262
2020-07-03,92.02344751872975
2020-07-04,90.87988175789688
2020-07-05,92.95797459250134
2020-07-06,91.8457337084908
2020-07-07,90.97859155642549
2020-07-08,89.11772798410503
2020-07-09,85.03671337152402
2020-07-10,81.22588526902223
2020-07-11,77.00599910991495
2020-07-12,72.37619978682955
2020-07-13,69.38746312404382
2020-07-14,67.65767986607946
2020-07-15,66.57860642632966
2020-07-16,65.93703210774387
2020-07-17,65.55019155108216
2020-07-18,65.32368564811689
2020-07-19,65.20148579519888
2020-07-20,65.12588920620725
2020-07-21,65.29455909152269
2020-07-22,68.09426482209548
2020-07-23,69.38703337326763
2020-07-24,68.4849682142616
2020-07-25,67.45642748970708
2020-07-26,66.25330090780237
2020-07-27,65.55461262317765
2020-07-28,65.23393821853627
2020-07-29,63.82157275074245
2020-07-30,59.90633577438805
2020-07-31,57.17722060750766
2020-08-01,54.8952573442562
2020-08-02,53.41591543770249
2020-08-03,52.45850330020472
2020-08-04,51.87774249544411
2020-08-05,51.57138432831622
2020-08-06,51.42089105527806
2020-08-07,51.30242889162616
2020-08-08,50.978116809249
2020-08-09,50.59541416374189
2020-08-10,50.3150155800036
2020-08-11,49.44898867075008
2020-08-12,46.68440930975522
2020-08-13,39.45526637165901
2020-08-14,32.40205830408567
2020-08-15,27.17061545232631
2020-08-16,22.264132209267007
2020-08-17,18.657047631501975
2020-08-18,16.074948711134358
2020-08-19,14.71040685885754
2020-08-20,12.90085342000765
2020-08-21,11.063251404731371
2020-08-22,9.63742674023578
2020-08-23,8.744071900029248
2020-08-24,9.954812716545176
2020-08-25,43.83611678253239
2020-08-26,82.99282729256659
2020-08-27,76.31875819075098
2020-08-28,66.97943506316369
2020-08-29,55.100872613784645
2020-08-30,38.7951227768966
2020-08-31,25.16232925975297
2020-09-01,16.750223927398306
2020-09-02,12.601306055671795
2020-09-03,9.973089164585582
2020-09-04,8.522849734521238
2020-09-05,7.862369897126979
2020-09-06,7.570874251934844
2020-09-07,7.1533517748267625
2020-09-08,6.107258059980201
2020-09-09,5.626408774016828
2020-09-10,4.686864601613121
2020-09-11,4.213594924124819
2020-09-12,4.0228750449964
2020-09-13,3.940871038910637
2020-09-14,3.90034721050441
2020-09-15,3.881780219301205
2020-09-16,3.882334413246941
2020-09-17,3.882237565526007
2020-09-18,3.875396706544726
2020-09-19,3.8716055840532753
2020-09-20,3.7655167274118058
2020-09-21,2.818826739954553
2020-09-22,1.5362271994802914
2020-09-23,0.7681641328068755
2020-09-24,0.3645499375674945
2020-09-25,0.173425090836483
2020-09-26,0.1118355648735601
2020-09-27,0.0740716328631209
2020-09-28,0.0399374690649748
2020-09-29,0.0237334919456443
2020-09-30,0.0144181824829013
2020-10-01,0.0080801934282757
2020-10-02,0.0073426743048056
2020-10-03,0.0109849219874909
2020-10-04,0.0057240342647588
2020-10-05,0.0009359602794276
2020-10-06,0.0473903493970482
2020-10-07,0.0532940177285817
2020-10-08,0.0099271550463462
2020-10-09,0.0013929549698524
2020-10-10,0.0001494021103311
2020-10-11,0.0
2020-10-12,0.0
2020-10-13,0.0008217116068214
2020-10-14,0.0182307485713642
2020-10-15,0.0128134280507559
2020-10-16,0.0042579601444384
2020-10-17,0.001327042274118
2020-10-18,0.0003207751192404
2020-10-19,7.90952348812095e-05
2020-10-20,0.0
2020-10-21,0.0
2020-10-22,0.0
2020-10-23,0.0
2020-10-24,0.0
2020-10-25,0.0029027951201403
2020-10-26,0.0072825619262958
2020-10-27,0.0026507449716522
2020-10-28,0.0022322432955363
2020-10-29,0.0006459444181965
2020-10-30,8.7883594312455e-05
2020-10-31,0.0
2020-11-01,0.0
2020-11-02,0.0
2020-11-03,0.0
2020-11-04,0.0
2020-11-05,0.0
2020-11-06,0.0
2020-11-07,0.0
2020-11-08,0.0
2020-11-09,0.0
2020-11-10,0.0
2020-11-11,0.0
2020-11-12,0.0
2020-11-13,4.394179715622749e-06
2020-11-14,0.0023377036087113
2020-11-15,0.0035373146710763
2020-11-16,0.0027375739628329
2020-11-17,1.2410868458648303
2020-11-18,4.04297894449694
2020-11-19,1.1553704609881208
2020-11-20,0.290407822061735
2020-11-21,0.0719903735826133
2020-11-22,0.0104156120635349
2020-11-23,0.0009030918151547
2020-11-24,0.0
2020-11-25,0.0
2020-11-26,0.0
2020-11-27,0.0
2020-11-28,0.0
2020-11-29,0.0
2020-11-30,0.0
2020-12-01,0.0
2020-12-02,0.0
2020-12-03,0.0
2020-12-04,0.0
2020-12-05,0.0
2020-12-06,0.0
2020-12-07,0.0
2020-12-08,0.0
2020-12-09,0.0
2020-12-10,0.0
2020-12-11,0.0
2020-12-12,0.0
2020-12-13,0.0
2020-12-14,0.0
2020-12-15,0.0
2020-12-16,0.0
2020-12-17,0.0
2020-12-18,0.0
2020-12-19,0.0
2020-12-20,0.0
2020-12-21,0.0
2020-12-22,0.0
2020-12-23,0.0
2020-12-24,0.0
2020-12-25,0.0
2020-12-26,0.0
2020-12-27,0.0
2020-12-28,0.0
2020-12-29,0.0
2020-12-30,0.0
2020-12-31,0.0
2021-01-01,0.0
2021-01-02,0.0
2021-01-03,0.0
2021-01-04,0.0
2021-01-05,0.0
2021-01-06,0.0
2021-01-07,0.0
2021-01-08,0.0
2021-01-09,0.0
2021-01-10,0.0
2021-01-11,0.0
2021-01-12,0.0
2021-01-13,0.0
2021-01-14,0.0
2021-01-15,0.0
2021-01-16,0.0
2021-01-17,0.0
2021-01-18,0.0
2021-01-19,0.0
2021-01-20,0.0
2021-01-21,0.0
2021-01-22,0.0
2021-01-23,0.0
2021-01-24,0.0
2021-01-25,0.0
2021-01-26,8.788359431245498e-06
2021-01-27,0.0
2021-01-28,0.0
2021-01-29,0.0
2021-01-30,0.0004482063309935
2021-01-31,0.0738652821836752
2021-02-01,0.1334452618790496
2021-02-02,0.0294281730899028
2021-02-03,0.0064617291554175
2021-02-04,0.0009698833468322
2021-02-05,0.0
2021-02-06,0.0
2021-02-07,0.0
2021-02-08,0.0
2021-02-09,0.0
2021-02-10,0.0
2021-02-11,0.0
2021-02-12,0.0009359602794276
2021-02-13,0.0176777849959503
2021-02-14,0.0061342748830093
2021-02-15,0.0017840369645428
2021-02-16,0.0004921481281497
2021-02-17,8.7883594312455e-05
2021-02-18,0.0
2021-02-19,0.0
2021-02-20,0.0
2021-02-21,0.0
2021-02-22,0.0
2021-02-23,0.0
2021-02-24,0.0
2021-02-25,0.0
2021-02-26,0.0
2021-02-27,0.0
2021-02-28,0.0
2021-03-01,0.0010062671548776
2021-03-02,0.0808045707905867
2021-03-03,0.0378470698906587
2021-03-04,0.0087663885326673
2021-03-05,0.0015862988773398
2021-03-06,0.000232891524928
2021-03-07,0.0
2021-03-08,0.0
2021-03-09,0.0
2021-03-10,0.0
2021-03-11,0.0
2021-03-12,0.0
2021-03-13,0.0
2021-03-14,0.0
2021-03-15,0.0045479760056695
2021-03-16,0.0140174332928365
2021-03-17,0.0071493303973182
2021-03-18,0.0031066850589452
2021-03-19,0.2331920868205543
2021-03-20,2.624848137149028
2021-03-21,1.2385199418421524
2021-03-22,0.4625531519978401
2021-03-23,0.1451053056380489
2021-03-24,0.0382601227839272
2021-03-25,0.009518672099982
2021-03-26,0.0019518946296796
2021-03-27,0.0006812736231101
2021-03-28,0.0
2021-03-29,0.0
2021-03-30,0.0
2021-03-31,0.0
2021-04-01,0.0
2021-04-02,0.0
2021-04-03,0.0
2021-04-04,0.0
2021-04-05,0.0
2021-04-06,0.0
2021-04-07,0.0
2021-04-08,0.0002460740640748
2021-04-09,0.0001757671886249
2021-04-10,0.0003910819946904
2021-04-11,0.0003427460178185
2021-04-12,0.0001054603131749
2021-04-13,7.470105516558675e-05
2021-04-14,0.0
2021-04-15,0.0
2021-04-16,0.0
2021-04-17,0.0
2021-04-18,0.0
2021-04-19,0.0
2021-04-20,0.0625441175643448
2021-04-21,7.300050058495319
2021-04-22,6.340654388273937
2021-04-23,3.791025116428185
2021-04-24,2.198213888982631
2021-04-25,1.164063378835943
2021-04-26,0.5721536613008458
2021-04-27,0.2565149866135709
2021-04-28,0.1061818374842512
2021-04-29,0.0384241135709143
2021-04-30,0.0129375196859251
2021-05-01,0.0049531193754499
2021-05-02,0.0022682755692044
2021-05-03,0.0118277256569474
2021-05-04,0.5005292350049495
2021-05-05,3.82942233761924
2021-05-06,2.3915908407014936
2021-05-07,1.0005338049518535
2021-05-08,0.452878047099982
2021-05-09,0.1969295581353491
2021-05-10,0.07844454474892
2021-05-11,0.0304254761181605
2021-05-12,0.0118017121130309
2021-05-13,0.644041035310925
2021-05-14,0.5484667476601872
2021-05-15,0.1858597405957523
2021-05-16,0.0785742609341252
2021-05-17,0.0252677637351511
2021-05-18,0.0079459072961663
2021-05-19,0.3729538941572173
2021-05-20,7.134217758673056
2021-05-21,55.22036705813535
2021-05-22,51.95525529832613
2021-05-23,41.9505428042319
2021-05-24,30.28055220426116
2021-05-25,19.983288934541488
2021-05-26,12.752821590678996
2021-05-27,7.785226908409826
2021-05-28,5.369581273341883
2021-05-29,4.589157554895607
2021-05-30,2.7447874482541392
2021-05-31,1.577797897261969
2021-06-01,0.8273727164326853
2021-06-02,0.3911983525692944
2021-06-03,0.1693172358711302
2021-06-04,0.0768223893651007
2021-06-05,0.0396186273848092
2021-06-06,0.0207173269888408
2021-06-07,0.0141132264106371
2021-06-08,0.0101277054085673
2021-06-09,0.005710324424046
2021-06-10,0.0041162917904067
2021-06-11,0.0022890160974622
2021-06-12,0.0007338280125089
2021-06-13,0.0003515343772498
2021-06-14,0.0001054603131749
2021-06-15,2.341229674282307
2021-06-16,29.13040290761114
2021-06-17,31.38651890270653
2021-06-18,31.423909329441138
2021-06-19,32.91428554856236
2021-06-20,29.45365757458153
2021-06-21,26.62120483486321
2021-06-22,22.591692293522765
2021-06-23,36.323984628104746
2021-06-24,80.22220382525647
2021-06-25,77.14528142436106
2021-06-26,89.82043518549766
2021-06-27,88.91666209671976
2021-06-28,86.55001262008415
2021-06-29,82.53714839531588
2021-06-30,77.4833536168669
2021-07-01,73.68303920451989
2021-07-02,70.5764821040879
2021-07-03,66.8192290710493
2021-07-04,62.0086357935115
2021-07-05,58.79542878757199
2021-07-06,56.78603139483215
2021-07-07,58.03773475465712
2021-07-08,53.59092717895067
2021-07-09,43.43055403223992
2021-07-10,34.36560313456173
2021-07-11,26.565361665598
2021-07-12,19.57209267008639
2021-07-13,15.359281491855652
2021-07-14,14.784228023476873
2021-07-15,12.486919405822537
2021-07-16,10.440799677432054
2021-07-17,8.811292655181335
2021-07-18,7.500202483801295
2021-07-19,6.177764079654877
2021-07-20,5.312443930266828
2021-07-21,4.660953178433226
2021-07-22,4.265489835031947
2021-07-23,4.064784446150557
2021-07-24,3.986960008043106
2021-07-25,4.265213704778617
2021-07-26,6.743735481630219
2021-07-27,5.410184724284556
2021-07-28,3.906594152155328
2021-07-29,2.7814375435902625
2021-07-30,1.8338072016738656
2021-07-31,1.155390498447624
2021-08-01,0.6900025732316415
2021-08-02,0.3953563011834053
2021-08-03,0.2324173050530957
2021-08-04,0.1184097850296976
2021-08-05,0.0546889061375089
2021-08-06,0.0256707978986681
2021-08-07,0.0125278063692404
2021-08-08,4.499697328901188
2021-08-09,8.966827458490819
2021-08-10,5.92270075425216
2021-08-11,3.9589859569046975
2021-08-12,2.501948203518718
2021-08-13,1.5998449030327573
2021-08-14,0.979434535862131
2021-08-15,0.9013893341657664
2021-08-16,1.153290256310745
2021-08-17,0.6108904647003238
2021-08-18,0.2593362257581893
2021-08-19,28.6602952818462
2021-08-20,47.07947981348991
2021-08-21,29.871918273881835
2021-08-22,19.88050028263364
2021-08-23,14.003669843131298
2021-08-24,36.618658847135976
2021-08-25,43.98254596663517
2021-08-26,36.11740791205453
2021-08-27,25.44110463350432
2021-08-28,15.01545731810205
2021-08-29,6.504840276840351
2021-08-30,2.698258533848542
2021-08-31,1.266734618261789
2021-09-01,6.942588635877879
2021-09-02,13.701970561105108
2021-09-03,5.397079522700683
2021-09-04,2.4184842751642366
2021-09-05,0.9971871976804354
2021-09-06,0.4452372716432685
2021-09-07,5.688658305773038
2021-09-08,15.256802014432594
2021-09-09,5.434863316403438
2021-09-10,1.7021106475544456
2021-09-11,0.5882581541914146
2021-09-12,11.132684189952302
2021-09-13,14.214173022408207
2021-09-14,8.364068335470662
2021-09-15,4.111871245612851
2021-09-16,1.6452339672201226
2021-09-17,0.4927547007176925
2021-09-18,0.1470603640771238
2021-09-19,0.0444418548078653
2021-09-20,0.0217721058877789
2021-09-21,0.0059593865303275
2021-09-22,0.0034068954171166
2021-09-23,0.0011556692652087
2021-09-24,0.0002460740640748
2021-09-25,7.030687544996399e-05
2021-09-26,0.0
2021-09-27,0.0
2021-09-28,0.0
2021-09-29,4.833597687185025e-05
2021-09-30,0.0076727650850431
2021-10-01,0.0071679617193124
2021-10-02,0.0042500506209503
2021-10-03,0.0033395765838732
2021-10-04,0.0018367671211303
2021-10-05,0.0008920184822714
2021-10-06,0.0003339576583873
2021-10-07,0.0001054603131749
2021-10-08,0.8339701378577212
2021-10-09,1.3909738978694204
2021-10-10,0.7560184443057056
2021-10-11,0.3393480865280777
2021-10-12,0.1070330779787616
2021-10-13,0.0363841595797336
2021-10-14,0.0111427609228761
2021-10-15,0.0051244923843592
2021-10-16,0.0018626048978581
2021-10-17,7.470105516558675e-05
2021-10-18,0.0
2021-10-19,0.0
2021-10-20,0.0
2021-10-21,0.0
2021-10-22,0.0001845555480561
2021-10-23,0.0005229073861591
2021-10-24,0.0002147875044996
2021-10-25,0.0
2021-10-26,0.0
2021-10-27,0.0
2021-10-28,0.0
2021-10-29,0.0
2021-10-30,0.0
2021-10-31,0.0
2021-11-01,7.030687544996399e-05
2021-11-02,0.0007382221922246
2021-11-03,0.0002460740640748
2021-11-04,0.000360322736681
2021-11-05,0.0032648755287077
2021-11-06,0.0041085580341072
2021-11-07,0.0009139893808495
2021-11-08,7.90952348812095e-05
2021-11-09,0.0
2021-11-10,0.0
2021-11-11,0.0
2021-11-12,0.0
2021-11-13,0.0
2021-11-14,0.0
2021-11-15,0.0
2021-11-16,0.0
2021-11-17,0.0
2021-11-18,0.0
2021-11-19,0.0
2021-11-20,0.0
2021-11-21,0.0
2021-11-22,0.0
2021-11-23,0.0
2021-11-24,2.197089857811375e-05
2021-11-25,0.0
2021-11-26,0.0
2021-11-27,7.90952348812095e-05
2021-11-28,8.348941459683225e-05
2021-11-29,0.0
2021-11-30,0.0
2021-12-01,0.0
2021-12-02,0.0
2021-12-03,0.0
2021-12-04,0.0
2021-12-05,0.0
2021-12-06,0.0
2021-12-07,0.0
2021-12-08,0.0
2021-12-09,0.0
2021-12-10,0.0
2021-12-11,0.0
2021-12-12,7.90952348812095e-05
2021-12-13,7.90952348812095e-05
2021-12-14,0.0001757671886249
2021-12-15,7.470105516558675e-05
2021-12-16,0.0
2021-12-17,0.0
2021-12-18,0.0
2021-12-19,0.0
2021-12-20,0.0
2021-12-21,0.0
2021-12-22,0.0
2021-12-23,0.0
2021-12-24,0.0
2021-12-25,0.0
2021-12-26,0.0
2021-12-27,0.0
2021-12-28,0.0
2021-12-29,0.0
2021-12-30,0.0
2021-12-31,0.0
2022-01-01,0.0
2022-01-02,0.0
2022-01-03,0.0
2022-01-04,0.0
2022-01-05,0.0
2022-01-06,0.0
2022-01-07,0.0
2022-01-08,0.0
2022-01-09,0.0
2022-01-10,0.0
2022-01-11,0.0
2022-01-12,0.0
2022-01-13,0.0
2022-01-14,0.0
2022-01-15,0.0
2022-01-16,0.0002241031654967
2022-01-17,0.002060870286627
2022-01-18,0.0014676560250179
2022-01-19,0.00116445762464
2022-01-20,0.0003075925800935
2022-01-21,7.470105516558675e-05
2022-01-22,0.0
2022-01-23,0.0
2022-01-24,0.0
2022-01-25,0.0
2022-01-26,0.0
2022-01-27,0.0
2022-01-28,0.0
2022-01-29,0.0
2022-01-30,0.0
2022-01-31,0.0
2022-02-01,0.0
2022-02-02,0.000127431211753
2022-02-03,0.0022058782172426
2022-02-04,0.0003866878149748
2022-02-05,7.90952348812095e-05
2022-02-06,0.0
2022-02-07,0.0
2022-02-08,0.0
2022-02-09,0.0
2022-02-10,0.0
2022-02-11,0.0
2022-02-12,4.39417971562275e-05
2022-02-13,0.0
2022-02-14,0.0
2022-02-15,0.0
2022-02-16,0.0
2022-02-17,0.0
2022-02-18,0.0
2022-02-19,0.0
2022-02-20,0.0
2022-02-21,0.0
2022-02-22,0.0
2022-02-23,0.0002988042206623
2022-02-24,0.0007777698096652
2022-02-25,0.0002460740640748
2022-02-26,7.470105516558675e-05
2022-02-27,0.0
2022-02-28,0.0
2022-03-01,0.0
2022-03-02,0.0
2022-03-03,0.0
2022-03-04,0.0
2022-03-05,0.0
2022-03-06,3.954761744060475e-05
2022-03-07,0.0
2022-03-08,0.0
2022-03-09,0.0
2022-03-10,0.0
2022-03-11,0.0
2022-03-12,0.0
2022-03-13,0.0
2022-03-14,0.0
2022-03-15,0.0
2022-03-16,0.0
2022-03-17,0.0
2022-03-18,0.0
2022-03-19,0.0
2022-03-20,0.0
2022-03-21,0.0
2022-03-22,0.0
2022-03-23,0.0
2022-03-24,0.0
2022-03-25,0.0
2022-03-26,0.0
2022-03-27,0.0
2022-03-28,0.0
2022-03-29,0.0
2022-03-30,0.0
2022-03-31,0.0
2022-04-01,0.0
2022-04-02,0.0
2022-04-03,0.0
2022-04-04,0.0
2022-04-05,0.0
2022-04-06,0.0
2022-04-07,0.0
2022-04-08,0.0
2022-04-09,0.0
2022-04-10,0.0
2022-04-11,0.0001537962900467
2022-04-12,0.0001054603131749
2022-04-13,0.0001054603131749
2022-04-14,7.90952348812095e-05
2022-04-15,7.470105516558675e-05
2022-04-16,0.0
2022-04-17,0.0
2022-04-18,0.0
2022-04-19,0.0
2022-04-20,0.0001933439074874
2022-04-21,0.0001757671886249
2022-04-22,0.0003735052758279
2022-04-23,0.0004438121512778
2022-04-24,0.0001801613683405
2022-04-25,0.0004042645338372
2022-04-26,2.163135855381569
2022-04-27,17.178518296661263
2022-04-28,12.483169237086036
2022-04-29,7.762962654393898
2022-04-30,4.207953500438715
2022-05-01,2.212355941212203
2022-05-02,1.2037994187027536
2022-05-03,0.5879669079598632
2022-05-04,0.232271418286537
2022-05-05,0.0856181310182685
2022-05-06,0.0327276747547696
2022-05-07,0.0115435101129409
2022-05-08,0.0039573982518898
2022-05-09,0.0010414205926025
2022-05-10,0.0
2022-05-11,0.0
2022-05-12,0.0
2022-05-13,3.075925800935925e-05
2022-05-14,0.0001054603131749
2022-05-15,0.0001054603131749
2022-05-16,0.0001054603131749
2022-05-17,0.0001054603131749
2022-05-18,0.0001054603131749
2022-05-19,0.0213238995567854
2022-05-20,0.1375900279540136
2022-05-21,0.5129410350296976
2022-05-22,0.3626442697084233
2022-05-23,0.2471754212787976
2022-05-24,0.1602843842805075
2022-05-25,0.0993926540564254
2022-05-26,0.0598081255062095
2022-05-27,0.0378446091500179
2022-05-28,0.0258941979954103
2022-05-29,3.602258538066955
2022-05-30,5.894164599644528
2022-05-31,14.861580526682866
2022-06-01,75.09245811116361
2022-06-02,84.22486177668286
2022-06-03,84.6766402242508
2022-06-04,93.5807242451854
2022-06-05,90.12465444170716
2022-06-06,83.53029927527673
2022-06-07,77.65795986321093
2022-06-08,72.8650765360646
2022-06-09,69.72289283263588
2022-06-10,67.63733270478987
2022-06-11,64.8921455619488
2022-06-12,60.66174887649613
2022-06-13,57.46277497018988
2022-06-14,55.003875314974806
2022-06-15,53.466055137464
2022-06-16,56.70820027757154
2022-06-17,61.48673028032757
2022-06-18,58.21438816144708
2022-06-19,55.41465395658972
2022-06-20,53.51813495545357
2022-06-21,52.57617187499999
2022-06-22,59.294481226658114
2022-06-23,71.59444269849035
2022-06-24,73.60895878329733
2022-06-25,71.44300186453833
2022-06-26,67.30030615128915
2022-06-27,68.66792217169501
2022-06-28,75.96427707658387
2022-06-29,70.05317396873873
2022-06-30,64.12550708833918
2022-07-01,62.356930781474986
2022-07-02,75.38435977856146
2022-07-03,70.20574270074019
2022-07-04,65.08146686155732
2022-07-05,61.97066674119195
2022-07-06,59.94137918185295
2022-07-07,57.80943585060069
2022-07-08,58.93972064266108
2022-07-09,59.152948916430425
2022-07-10,91.69617868070554
2022-07-11,99.8854395164012
2022-07-12,99.9869260849757
2022-07-13,99.639036240382
2022-07-14,99.5960184513364
2022-07-15,100.0
2022-07-16,100.0
2022-07-17,100.0
2022-07-18,100.0
2022-07-19,100.0
2022-07-20,100.0
2022-07-21,100.0
2022-07-22,100.0
2022-07-23,100.0
2022-07-24,100.0
2022-07-25,100.0
2022-07-26,99.91246055784288
2022-07-27,99.03873979144169
2022-07-28,97.72826779326404
2022-07-29,96.89014251906724
2022-07-30,96.47398452264444
2022-07-31,96.26971369634178
2022-08-01,96.11487633723677
2022-08-02,96.04546815942226
2022-08-03,96.13308036919548
2022-08-04,95.5631338164822
2022-08-05,92.9750665454576
2022-08-06,91.66881981472731
2022-08-07,97.32864808315335
2022-08-08,98.1432857637014
2022-08-09,97.4030018223542
2022-08-10,95.98471721871626
2022-08-11,93.32731664669951
2022-08-12,91.32307081449107
2022-08-13,90.04084688849892
2022-08-14,89.27036122266469
2022-08-15,89.68076161328968
2022-08-16,89.1549507289417
2022-08-17,89.36589244735421
2022-08-18,88.98064065031048
2022-08-19,88.65518485083693
2022-08-20,88.50631496355292
2022-08-21,87.89431312291892
2022-08-22,85.26655199615281
2022-08-23,82.97449196251799
2022-08-24,81.51391707022812
2022-08-25,79.5074279213913
2022-08-26,73.7487314881997
2022-08-27,69.57141245106641
2022-08-28,67.15898142211122
2022-08-29,66.02573319525064
2022-08-30,65.49186848255265
2022-08-31,65.24738774804266
2022-09-01,65.14981797549946
2022-09-02,65.09998305604302
2022-09-03,65.07380095139264
2022-09-04,65.0607541045154
2022-09-05,65.05479190571003
2022-09-06,65.00408061105111
2022-09-07,63.56538574570284
2022-09-08,60.3987419287707
2022-09-09,58.72019234554986
2022-09-10,55.8985178256052
2022-09-11,54.09236266958018
2022-09-12,53.097304188321175
2022-09-13,52.668273178770704
2022-09-14,52.85748286621445
2022-09-15,51.732800477524286
2022-09-16,50.87619662302015
2022-09-17,50.53602664911808
2022-09-18,51.013011517672346
2022-09-19,50.73619190542882
2022-09-20,50.813554075830176
2022-09-21,50.51492245854706
2022-09-22,50.21530795114516
2022-09-23,50.098814028471466
2022-09-24,50.46123753459098
2022-09-25,51.30067209857585
2022-09-26,50.37500369111096
2022-09-27,50.26997681982316
2022-09-28,50.8445270667409
2022-09-29,49.8817153612086
2022-09-30,47.01594524781767
2022-10-01,37.52323536773308
2022-10-02,24.68727115112041
2022-10-03,16.425949283432324
2022-10-04,11.742197694496936
2022-10-05,14.235276509910454
2022-10-06,15.471511302533298
2022-10-07,7.895041326381389
2022-10-08,5.227188758493069
2022-10-09,4.433776196341793
2022-10-10,4.656116065402268
2022-10-11,6.014252961325593
2022-10-12,4.316920896328294
2022-10-13,3.946968754218412
2022-10-14,3.88226674287932
2022-10-15,3.503525889803816
2022-10-16,2.0110271061127607
2022-10-17,1.0721359088147946
2022-10-18,0.6399133186532576
2022-10-19,1.618143321971742
2022-10-20,8.582232503430975
2022-10-21,3.1897176546188803
2022-10-22,0.9741260152312812
2022-10-23,0.2359931127384808
2022-10-24,0.0455217684147768
2022-10-25,0.0130290943911987
2022-10-26,0.1272044720797336
2022-10-27,0.0204462939839812
2022-10-28,0.0031544937342512
2022-10-29,0.0001757671886249
2022-10-30,0.0002856216815154
2022-10-31,0.0035183318147048
2022-11-01,0.009399150411717
2022-11-02,0.0026892379859611
2022-11-03,0.0005492724644528
2022-11-04,8.7883594312455e-05
2022-11-05,0.0
2022-11-06,0.0
2022-11-07,7.470105516558675e-05
2022-11-08,0.000127431211753
2022-11-09,0.002794698299136
2022-11-10,0.0146853486096112
2022-11-11,0.0917917777515298
2022-11-12,1.5705487311015118
2022-11-13,9.925935573591612
2022-11-14,3.446752560576404
2022-11-15,0.6000250644010979
2022-11-16,0.071040703462473
2022-11-17,0.0054983491945644
2022-11-18,0.0006144820914326
2022-11-19,0.0
2022-11-20,0.0
2022-11-21,0.0
2022-11-22,0.0
2022-11-23,0.0
2022-11-24,0.0
2022-11-25,0.0
2022-11-26,0.0
2022-11-27,0.0
2022-11-28,0.0
2022-11-29,0.0
2022-11-30,0.0007777698096652
2022-12-01,0.003027589824064
2022-12-02,0.0008304999662526
2022-12-03,0.000232891524928
2022-12-04,6.591269573434125e-05
2022-12-05,0.0
2022-12-06,0.0
2022-12-07,0.0
2022-12-08,0.0
2022-12-09,0.0
2022-12-10,0.0
2022-12-11,0.0
2022-12-12,0.0
2022-12-13,0.0
2022-12-14,0.0
2022-12-15,0.0
2022-12-16,0.0
2022-12-17,0.000325169298956
2022-12-18,0.0023508861478581
2022-12-19,0.000558060823884
2022-12-20,7.90952348812095e-05
2022-12-21,0.0
2022-12-22,0.0
2022-12-23,0.0
2022-12-24,0.0
2022-12-25,7.90952348812095e-05
2022-12-26,0.0075226599059575
2022-12-27,0.0328011454396148
2022-12-28,0.0082083277087832
2022-12-29,0.0013182539146868
2022-12-30,0.0001537962900467
2022-12-31,0.0033571533027357
2023-01-01,0.0145559839587832
2023-01-02,0.0014500793061555
2023-01-03,0.0002197089857811
2023-01-04,0.0
2023-01-05,0.0
2023-01-06,0.0
2023-01-07,0.0
2023-01-08,0.0
2023-01-09,0.0
2023-01-10,0.0
2023-01-11,0.0
2023-01-12,0.0027199972439704
2023-01-13,0.0156608565064794
2023-01-14,0.0044117564344852
2023-01-15,0.0008876243025557
2023-01-16,0.0001494021103311
2023-01-17,0.0
2023-01-18,0.0
2023-01-19,0.0
2023-01-20,0.0
2023-01-21,0.0
2023-01-22,0.0
2023-01-23,0.0
2023-01-24,0.0
2023-01-25,0.0
2023-01-26,0.0
2023-01-27,0.02137549061537518
2023-01-28,0.05030739251910388
2023-01-29,0.0770297770932248
2023-01-30,0.10097170940547713
2023-01-31,0.12259408512005071
2023-02-01,0.14217787263154483
2023-02-02,0.1597017584314146
2023-02-03,0.17801924982419415
2023-02-04,0.19159393971246233
2023-02-05,0.2059236378189594
2023-02-06,0.21969068584847792
2023-02-07,0.23277499309747343
2023-02-08,0.2451147662753343
2023-02-09,0.25671636925152885
2023-02-10,0.2676194743797095
2023-02-11,0.2778678745255484
2023-02-12,0.2875510572726703
2023-02-13,0.2965748458680501
2023-02-14,0.30510722127549705
2023-02-15,0.3131367047611141
2023-02-16,0.3206928008301508
2023-02-17,0.32780298415132925
2023-02-18,0.3344932101248433
2023-02-19,0.34078817860758465
2023-02-20,0.3467111523428691
2023-02-21,0.35228412835150597
2023-02-22,0.35752781764665853
2023-02-23,0.3627605165163022
2023-02-24,0.36788189946870437
2023-02-25,0.37171836740063924
2023-02-26,0.37565710604482616
2023-02-27,0.3794497059610906
2023-02-28,0.38308853810167987
2023-03-01,0.3865123968437176
2023-03-02,0.3897339819656146
2023-03-03,0.39276524337750773
2023-03-04,0.39561742523951904
2023-03-05,0.39830110737712743
2023-03-06,0.4008657920934425
2023-03-07,0.403202203022822
2023-03-08,0.4054377960854266
2023-03-09,0.4075413160703694
2023-03-10,0.40952056549075455
2023-03-11,0.41138288592047556
2023-03-12,0.4131351852200004
2023-03-13,0.41478396315724453
2023-03-14,0.41633533551205004
2023-03-15,0.4177950567591021
2023-03-16,0.41916854141249843
2023-03-17,0.42046088410976207
2023-03-18,0.42167687850985003
2023-03-19,0.4228210350744168
2023-03-20,0.4238975977986485
2023-03-21,0.42491055995344956
2023-03-22,0.4258636788975887
2023-03-23,0.42676049001474264
2023-03-24,0.42760431982718605
2023-03-25,0.4283982983347727
2023-03-26,0.42914537062496905
2023-03-27,0.42984830779700756
2023-03-28,0.4305097172406681
2023-03-29,0.43113205230781715
2023-03-30,0.4317176214125744
2023-03-31,0.4322685965938645
2023-04-01,0.43278702157211424
2023-04-02,0.43327481932998035
2023-04-03,0.43373379924522804
2023-04-04,0.43416566380221644
2023-04-05,0.4345720149068878
2023-04-06,0.4349543598286826
2023-04-07,0.4353141167914216
2023-04-08,0.4356526202338936
2023-04-09,0.43597112575966024
2023-04-10,0.43627081479443947
2023-04-11,0.4367065952583893
2023-04-12,0.43692358455239505
2023-04-13,0.43717323508558575
2023-04-14,0.43738177182616617
2023-04-15,0.43759840206728856
2023-04-16,0.4377316678760702
2023-04-17,0.43792734859015636
2023-04-18,0.4381114689886588
2023-04-19,0.4382847120254242
2023-04-20,0.4386410642146218
2023-04-21,0.4387768656655388
2023-04-22,0.4391189207329474
2023-04-23,0.4393250187109094
2023-04-24,0.4391891368398159
2023-04-25,0.4395334606569736
2023-04-26,2.6023781698280692
2023-04-27,17.6178670466902
2023-04-28,12.92261813475571
2023-04-29,8.202505783238104
2023-04-30,4.6475852935209225
2023-05-01,2.6520711604762393
2023-05-02,1.643593135543394
2023-05-03,1.02783448494126
2023-05-04,0.67220849194068
2023-05-05,0.5256205956596653
2023-05-06,0.4727916672513148
2023-05-07,0.45166539555648305
2023-05-08,0.4441337564753446
2023-05-09,0.44126903348360025
2023-05-10,0.44027583956401045
2023-05-11,0.44032121712865707
2023-05-12,0.4403639139029653
2023-05-13,0.440434847519174
2023-05-14,0.44054734953431546
2023-05-15,0.4405829173103585
2023-05-16,0.44061638383325763
2023-05-17,0.44064787323966875
2023-05-18,0.44067750233257197
2023-05-19,0.46192382025813683
2023-05-20,0.5782161803361678
2023-05-21,0.953591869392114
2023-05-22,0.8033183279029018
2023-05-23,0.6878713313008002
2023-05-24,0.6010008551800119
2023-05-25,0.540128471149431
2023-05-26,0.5005621458691365
2023-05-27,0.47861575738028567
2023-05-28,0.46668146222246903
2023-05-29,4.0430609661989765
2023-05-30,6.334981295836831
2023-05-31,15.30241064801498
2023-06-01,75.53330086451264
2023-06-02,84.6657164157816
2023-06-03,85.11750604691959
2023-06-04,94.02160059072754
2023-06-05,90.56554068845826
2023-06-06,83.97119483829869
2023-06-07,78.09886419212233
2023-06-08,73.30598911299914
2023-06-09,70.16381317032146
2023-06-10,68.0782603447412
2023-06-11,65.33308007276669
2023-06-12,61.1026898522674
2023-06-13,57.90372202898163
2023-06-14,55.44482809741777
2023-06-15,53.907013305419504
2023-06-16,57.1491635128773
2023-06-17,61.9276982836175
2023-06-18,58.655360651040894
2023-06-19,55.85563066744806
2023-06-20,53.95911563819494
2023-06-21,53.01715629497571
2023-06-22,59.735469163081945
2023-06-23,72.03543394361955
2023-06-24,74.04995314166204
2023-06-25,71.88399915221659
2023-06-26,67.7413061952246
2023-06-27,69.10892480905503
2023-06-28,76.40528215415557
2023-06-29,70.49418134236068
2023-06-30,64.56651662236658
2023-07-01,62.79794234827663
2023-07-02,75.82537325804624
2023-07-03,70.6467579799117
2023-07-04,65.52248383409466
2023-07-05,62.4116853070554
2023-07-06,60.3823992469129
2023-07-07,58.25045732628843
2023-07-08,59.38074344564034
2023-07-09,59.59397296828823
2023-07-10,92.13720390766133
2023-07-11,100.32646584903321
2023-07-12,100.4279534579634
2023-07-13,100.08006459226382
2023-07-14,100.03704772428182
2023-07-15,100.44103013959491
2023-07-16,100.44103095504498
2023-07-17,100.44103172232035
2023-07-18,100.44103244426704
2023-07-19,100.44103312356299
2023-07-20,100.44103376272786
2023-07-21,100.4410343641325
2023-07-22,100.4410349300077
2023-07-23,100.44103546245245
2023-07-24,100.44103596344172
2023-07-25,100.44103643483383
2023-07-26,100.35349743622018
2023-07-27,99.47977708715905
2023-07-28,98.16930548166607
2023-07-29,97.33118057695515
2023-07-30,96.91502292818994
2023-07-31,96.71075242900615
2023-08-01,96.55591537769466
2023-08-02,96.48650748949002
2023-08-03,96.57411997176371
2023-08-04,96.00417367545226
2023-08-05,93.41610664568192
2023-08-06,92.10986014195322
2023-08-07,97.76968862397018
2023-08-08,98.58432650549074
2023-08-09,97.8440427532431
2023-08-10,96.4257583275332
2023-08-11,93.76835792293298
2023-08-12,91.76411224825051
2023-08-13,90.4818884704781
2023-08-14,89.71140294410716
2023-08-15,90.12180346595632
2023-08-16,89.59599270508012
2023-08-17,89.80693453967002
2023-08-18,89.4216828519402
2023-08-19,89.0962271553226
2023-08-20,88.94735736481805
2023-08-21,88.33535561524603
2023-08-22,85.7075945741622
2023-08-23,83.41553462114776
2023-08-24,81.95495980471543
2023-08-25,79.94847072725469
2023-08-26,74.18977436122243
2023-08-27,70.01245538728091
2023-08-28,67.60002441778427
2023-08-29,66.46677624686957
2023-08-30,65.93291158681232
2023-08-31,65.6884309018332
2023-09-01,65.59086117589472
2023-09-02,65.54102630028969
2023-09-03,65.51484423690012
2023-09-04,65.50179742884607
2023-09-05,65.49583526657035
2023-09-06,65.44512400628298
2023-09-07,64.00642917327569
2023-09-08,60.8397853867739
2023-09-09,59.16123583218567
2023-09-10,56.33956133918207
2023-09-11,54.533406208506506
2023-09-12,53.53834775109937
2023-09-13,53.10931676399167
2023-09-14,53.29852647255232
2023-09-15,52.17384410373153
2023-09-16,51.317240267922934
2023-09-17,50.97707031161192
2023-09-18,51.45405519671801
2023-09-19,51.17723560004846
2023-09-20,51.25459778510373
2023-09-21,50.955966181608815
2023-09-22,50.65635168718053
2023-09-23,50.53985777671402
2023-09-24,50.902281294319536
2023-09-25,51.74171586911186
2023-09-26,50.816047471815935
2023-09-27,50.71102061009634
2023-09-28,51.28557086601703
2023-09-29,50.3227591689558
2023-09-30,47.456989063535495
2023-10-01,37.96427919095065
2023-10-02,25.128314981394652
2023-10-03,16.866993120346354
2023-10-04,12.183241537658487
2023-10-05,14.676320358950441
2023-10-06,15.912555157104439
2023-10-07,8.336085186156916
2023-10-08,5.668232623165522
2023-10-09,4.874820065621873
2023-10-10,5.097159939017768
2023-10-11,6.455296839020388
2023-10-12,4.757964777861389
2023-10-13,4.38801263936305
2023-10-14,4.323310631422141
2023-10-15,3.9445697815440637
2023-10-16,2.4520710008615394
2023-10-17,1.5131798063943678
2023-10-18,1.0809572188963894
2023-10-19,2.059187224721076
2023-10-20,9.02327640853845
2023-10-21,3.630761561945186
2023-10-22,1.4151699246453333
2023-10-23,0.6770370241169408
2023-10-24,0.4865656816415925
2023-10-25,0.4540730093571739
2023-10-26,0.5682483886821232
2023-10-27,0.4614902121261101
2023-10-28,0.4441984133251555
2023-10-29,0.4412196881427146
2023-10-30,0.44132954391825713
2023-10-31,0.44456225525832266
2023-11-01,0.45044307499091196
2023-11-02,0.44373316363364607
2023-11-03,0.44159319911750416
2023-11-04,0.4411318111933357
2023-11-05,0.44104392848910956
2023-11-06,0.44104392932661185
2023-11-07,0.44111863116980227
2023-11-08,0.44117136206785995
2023-11-09,0.44383862985290906
2023-11-10,0.45572928081983405
2023-11-11,0.5328357105794211
2023-11-12,2.0115926645105815
2023-11-13,10.366979507547526
2023-11-14,3.887796495046855
2023-11-15,1.0410689993556885
2023-11-16,0.5120846388726019
2023-11-17,0.44654228503331944
2023-11-18,0.4416584183334917
2023-11-19,0.44104393662153696
2023-11-20,0.44104393697859623
2023-11-21,0.4410439373145614
2023-11-22,0.44104393763067856
2023-11-23,0.44104393792812036
2023-11-24,0.44104393820799004
2023-11-25,0.4410439384713257
2023-11-26,0.44104393871910424
2023-11-27,0.4410439389522446
2023-11-28,0.44104393917161167
2023-11-29,0.4410439393780191
2023-11-30,0.44182170938189774
2023-12-01,0.4440715295790363
2023-12-02,0.4418744398931689
2023-12-03,0.4412768316136302
2023-12-04,0.4411098529366646
2023-12-05,0.44104394038416506
2023-12-06,0.4410439405189379
2023-12-07,0.4410439406457487
2023-12-08,0.44104394076506787
2023-12-09,0.44104394087733795
2023-12-10,0.44104394098297545
2023-12-11,0.4410439410823721
2023-12-12,0.4410439411758967
2023-12-13,0.44104394126389607
2023-12-14,0.44104394134669667
2023-12-15,0.4410439414246056
2023-12-16,0.44104394149791193
2023-12-17,0.4413691108658434
2023-12-18,0.4433948277796462
2023-12-19,0.44160200251673853
2023-12-20,0.44112303698519456
2023-12-21,0.44104394180437767
2023-12-22,0.441043941855248
2023-12-23,0.441043941903113
2023-12-24,0.44104394194815033
2023-12-25,0.4411230372254082
2023-12-26,0.4485666019363576
2023-12-27,0.47384508750753246
2023-12-28,0.4492522698120019
2023-12-29,0.4423621960511211
2023-12-30,0.44119773845773425
2023-12-31,0.4444010954998302
2024-01-01,0.4555999261835473
2024-01-02,0.44249402155695455
2024-01-03,0.4412636512610771
2024-01-04,0.44104394229834565
2024-01-05,0.44104394232003363
2024-01-06,0.4410439423404403
2024-01-07,0.4410439423596414
2024-01-08,0.44104394237770816
2024-01-09,0.44104394239470757
2024-01-10,0.4410439424107027
2024-01-11,0.4410439424257529
2024-01-12,0.4437639396838844
2024-01-13,0.4567047989597179
2024-01-14,0.445455698900261
2024-01-15,0.44193156678012807
2024-01-16,0.4411933445990032
2024-01-17,0.4410439424991161
2024-01-18,0.4410439425089431
2024-01-19,0.44104394251818946
2024-01-20,0.4410439425268896
2024-01-21,0.4410439425350758
2024-01-22,0.44104394254277834
2024-01-23,0.4410439425500258
2024-01-24,0.4410439425568452
2024-01-25,0.4410439425632616
2024-01-26,0.441043942569299
